Using reward file: /project/scratch/p201382/erisa/Internship/Cascade2/verl-version/reward.py
/mnt/tier1/project/p201382/erisa/Internship/Cascade2/verl-version/verl/verl/trainer/main_ppo.py:167: UserWarning: Disabled critic as algorithm.adv_estimator != gae. If it is not intended, please set critic.enable=True
  use_critic=need_critic(config),
2026-07-08 12:16:54,461	INFO worker.py:2015 -- Started a local Ray instance. View the dashboard at [1m[32mhttp://127.0.0.1:8265 [39m[22m
[36m(TaskRunnerV1 pid=8235)[0m /mnt/tier1/project/p201382/erisa/Internship/Cascade2/verl-version/verl/verl/workers/engine/mindspeed/transformer_impl.py:24: UserWarning: NPU not support router replay for now.
[36m(TaskRunnerV1 pid=8235)[0m   from verl.utils.megatron.router_replay_patch import RouterReplay
[validate_config] All configuration checks passed successfully!
ray init kwargs: {'num_cpus': None, 'runtime_env': {'env_vars': {'NCCL_DEBUG': 'WARN', 'VLLM_LOGGING_LEVEL': 'WARN', 'VLLM_ALLOW_RUNTIME_LORA_UPDATING': 'true', 'CUDA_DEVICE_MAX_CONNECTIONS': '1', 'VLLM_DISABLE_COMPILE_CACHE': '1', 'HCCL_HOST_SOCKET_PORT_RANGE': 'auto', 'HCCL_NPU_SOCKET_PORT_RANGE': 'auto', 'HSA_NO_SCRATCH_RECLAIM': '1', 'PYTHONHASHSEED': '0', 'VERL_FULL_DETERMINISM': '0', 'VLLM_BATCH_INVARIANT': '0'}, 'working_dir': None}}
[36m(TaskRunnerV1 pid=8235)[0m {'actor_rollout_ref': {'actor': {'_target_': 'verl.workers.config.FSDPActorConfig',
[36m(TaskRunnerV1 pid=8235)[0m                                  'calculate_entropy': False,
[36m(TaskRunnerV1 pid=8235)[0m                                  'calculate_sum_pi_squared': False,
[36m(TaskRunnerV1 pid=8235)[0m                                  'checkpoint': {'_target_': 'verl.trainer.config.CheckpointConfig',
[36m(TaskRunnerV1 pid=8235)[0m                                                 'async_save': False,
[36m(TaskRunnerV1 pid=8235)[0m                                                 'load_contents': ['model',
[36m(TaskRunnerV1 pid=8235)[0m                                                                   'optimizer',
[36m(TaskRunnerV1 pid=8235)[0m                                                                   'extra'],
[36m(TaskRunnerV1 pid=8235)[0m                                                 'save_contents': ['model',
[36m(TaskRunnerV1 pid=8235)[0m                                                                   'optimizer',
[36m(TaskRunnerV1 pid=8235)[0m                                                                   'extra'],
[36m(TaskRunnerV1 pid=8235)[0m                                                 'strict': True},
[36m(TaskRunnerV1 pid=8235)[0m                                  'clip_ratio': 0.2,
[36m(TaskRunnerV1 pid=8235)[0m                                  'clip_ratio_c': 3.0,
[36m(TaskRunnerV1 pid=8235)[0m                                  'clip_ratio_high': 0.28,
[36m(TaskRunnerV1 pid=8235)[0m                                  'clip_ratio_low': 0.2,
[36m(TaskRunnerV1 pid=8235)[0m                                  'data_loader_seed': 42,
[36m(TaskRunnerV1 pid=8235)[0m                                  'entropy_checkpointing': False,
[36m(TaskRunnerV1 pid=8235)[0m                                  'entropy_coeff': 0.0,
[36m(TaskRunnerV1 pid=8235)[0m                                  'entropy_from_logits_chunk_size': 2048,
[36m(TaskRunnerV1 pid=8235)[0m                                  'entropy_from_logits_with_chunking': False,
[36m(TaskRunnerV1 pid=8235)[0m                                  'freeze_vision_tower': False,
[36m(TaskRunnerV1 pid=8235)[0m                                  'fsdp_config': {'_target_': 'verl.workers.config.FSDPEngineConfig',
[36m(TaskRunnerV1 pid=8235)[0m                                                  'dtype': 'bfloat16',
[36m(TaskRunnerV1 pid=8235)[0m                                                  'entropy_checkpointing': False,
[36m(TaskRunnerV1 pid=8235)[0m                                                  'entropy_from_logits_chunk_size': 2048,
[36m(TaskRunnerV1 pid=8235)[0m                                                  'entropy_from_logits_with_chunking': False,
[36m(TaskRunnerV1 pid=8235)[0m                                                  'forward_only': False,
[36m(TaskRunnerV1 pid=8235)[0m                                                  'forward_prefetch': False,
[36m(TaskRunnerV1 pid=8235)[0m                                                  'fsdp_size': -1,
[36m(TaskRunnerV1 pid=8235)[0m                                                  'full_determinism': False,
[36m(TaskRunnerV1 pid=8235)[0m                                                  'model_dtype': 'bfloat16',
[36m(TaskRunnerV1 pid=8235)[0m                                                  'offload_policy': False,
[36m(TaskRunnerV1 pid=8235)[0m                                                  'optimizer_offload': False,
[36m(TaskRunnerV1 pid=8235)[0m                                                  'param_offload': False,
[36m(TaskRunnerV1 pid=8235)[0m                                                  'qat': {'_target_': 'verl.workers.config.QATEngineConfig',
[36m(TaskRunnerV1 pid=8235)[0m                                                          'activation_observer': 'static_minmax',
[36m(TaskRunnerV1 pid=8235)[0m                                                          'enable': False,
[36m(TaskRunnerV1 pid=8235)[0m                                                          'group_size': 16,
[36m(TaskRunnerV1 pid=8235)[0m                                                          'ignore_patterns': ['lm_head',
[36m(TaskRunnerV1 pid=8235)[0m                                                                              'embed_tokens',
[36m(TaskRunnerV1 pid=8235)[0m                                                                              're:.*mlp.gate$'],
[36m(TaskRunnerV1 pid=8235)[0m                                                          'mode': 'w4a16',
[36m(TaskRunnerV1 pid=8235)[0m                                                          'quantization_config_path': None},
[36m(TaskRunnerV1 pid=8235)[0m                                                  'reshard_after_forward': True,
[36m(TaskRunnerV1 pid=8235)[0m                                                  'seed': 42,
[36m(TaskRunnerV1 pid=8235)[0m                                                  'strategy': 'fsdp',
[36m(TaskRunnerV1 pid=8235)[0m                                                  'ulysses_sequence_parallel_size': 1,
[36m(TaskRunnerV1 pid=8235)[0m                                                  'use_orig_params': False,
[36m(TaskRunnerV1 pid=8235)[0m                                                  'use_torch_compile': True,
[36m(TaskRunnerV1 pid=8235)[0m                                                  'wrap_policy': {'min_num_params': 0}},
[36m(TaskRunnerV1 pid=8235)[0m                                  'grad_clip': 1.0,
[36m(TaskRunnerV1 pid=8235)[0m                                  'kl_loss_coef': 0.001,
[36m(TaskRunnerV1 pid=8235)[0m                                  'kl_loss_type': 'low_var_kl',
[36m(TaskRunnerV1 pid=8235)[0m                                  'loss_agg_mode': 'token-mean',
[36m(TaskRunnerV1 pid=8235)[0m                                  'loss_scale_factor': None,
[36m(TaskRunnerV1 pid=8235)[0m                                  'optim': {'_target_': 'verl.workers.config.FSDPOptimizerConfig',
[36m(TaskRunnerV1 pid=8235)[0m                                            'betas': [0.9, 0.95],
[36m(TaskRunnerV1 pid=8235)[0m                                            'clip_grad': 1.0,
[36m(TaskRunnerV1 pid=8235)[0m                                            'lr': 3e-06,
[36m(TaskRunnerV1 pid=8235)[0m                                            'lr_scheduler_type': 'constant',
[36m(TaskRunnerV1 pid=8235)[0m                                            'lr_warmup_steps': -1,
[36m(TaskRunnerV1 pid=8235)[0m                                            'lr_warmup_steps_ratio': 0.0,
[36m(TaskRunnerV1 pid=8235)[0m                                            'min_lr_ratio': 0.0,
[36m(TaskRunnerV1 pid=8235)[0m                                            'num_cycles': 0.5,
[36m(TaskRunnerV1 pid=8235)[0m                                            'optimizer': 'AdamW',
[36m(TaskRunnerV1 pid=8235)[0m                                            'optimizer_impl': 'torch.optim',
[36m(TaskRunnerV1 pid=8235)[0m                                            'override_optimizer_config': None,
[36m(TaskRunnerV1 pid=8235)[0m                                            'total_training_steps': -1,
[36m(TaskRunnerV1 pid=8235)[0m                                            'warmup_style': None,
[36m(TaskRunnerV1 pid=8235)[0m                                            'weight_decay': 0.01,
[36m(TaskRunnerV1 pid=8235)[0m                                            'zero_indexed_step': True},
[36m(TaskRunnerV1 pid=8235)[0m                                  'policy_loss': {'_target_': 'verl.workers.config.PolicyLossConfig',
[36m(TaskRunnerV1 pid=8235)[0m                                                  'clip_cov_lb': 1.0,
[36m(TaskRunnerV1 pid=8235)[0m                                                  'clip_cov_ratio': 0.0002,
[36m(TaskRunnerV1 pid=8235)[0m                                                  'clip_cov_ub': 5.0,
[36m(TaskRunnerV1 pid=8235)[0m                                                  'kl_cov_ratio': 0.0002,
[36m(TaskRunnerV1 pid=8235)[0m                                                  'loss_mode': 'vanilla',
[36m(TaskRunnerV1 pid=8235)[0m                                                  'ppo_kl_coef': 0.1},
[36m(TaskRunnerV1 pid=8235)[0m                                  'ppo_epochs': 1,
[36m(TaskRunnerV1 pid=8235)[0m                                  'ppo_max_token_len_per_gpu': 16384,
[36m(TaskRunnerV1 pid=8235)[0m                                  'ppo_micro_batch_size': None,
[36m(TaskRunnerV1 pid=8235)[0m                                  'ppo_micro_batch_size_per_gpu': 2,
[36m(TaskRunnerV1 pid=8235)[0m                                  'ppo_mini_batch_size': 128,
[36m(TaskRunnerV1 pid=8235)[0m                                  'profiler': {'_target_': 'verl.utils.profiler.ProfilerConfig',
[36m(TaskRunnerV1 pid=8235)[0m                                               'all_ranks': False,
[36m(TaskRunnerV1 pid=8235)[0m                                               'enable': False,
[36m(TaskRunnerV1 pid=8235)[0m                                               'ranks': [],
[36m(TaskRunnerV1 pid=8235)[0m                                               'save_path': 'outputs/profile',
[36m(TaskRunnerV1 pid=8235)[0m                                               'tool': None,
[36m(TaskRunnerV1 pid=8235)[0m                                               'tool_config': {'npu': {'_target_': 'verl.utils.profiler.config.NPUToolConfig',
[36m(TaskRunnerV1 pid=8235)[0m                                                                       'analysis': True,
[36m(TaskRunnerV1 pid=8235)[0m                                                                       'contents': [],
[36m(TaskRunnerV1 pid=8235)[0m                                                                       'discrete': False,
[36m(TaskRunnerV1 pid=8235)[0m                                                                       'level': 'level0'},
[36m(TaskRunnerV1 pid=8235)[0m                                                               'nsys': {'_target_': 'verl.utils.profiler.config.NsightToolConfig',
[36m(TaskRunnerV1 pid=8235)[0m                                                                        'discrete': False},
[36m(TaskRunnerV1 pid=8235)[0m                                                               'precision_debugger': {'_target_': 'verl.utils.profiler.config.PrecisionDebuggerToolConfig',
[36m(TaskRunnerV1 pid=8235)[0m                                                                                      'config_path': None,
[36m(TaskRunnerV1 pid=8235)[0m                                                                                      'stages': None,
[36m(TaskRunnerV1 pid=8235)[0m                                                                                      'steps': None,
[36m(TaskRunnerV1 pid=8235)[0m                                                                                      'strict': False},
[36m(TaskRunnerV1 pid=8235)[0m                                                               'torch': {'_target_': 'verl.utils.profiler.config.TorchProfilerToolConfig',
[36m(TaskRunnerV1 pid=8235)[0m                                                                         'contents': [],
[36m(TaskRunnerV1 pid=8235)[0m                                                                         'discrete': False},
[36m(TaskRunnerV1 pid=8235)[0m                                                               'torch_memory': {'_target_': 'verl.utils.profiler.config.TorchMemoryToolConfig',
[36m(TaskRunnerV1 pid=8235)[0m                                                                                'stack_depth': 32,
[36m(TaskRunnerV1 pid=8235)[0m                                                                                'trace_alloc_max_entries': 100000}}},
[36m(TaskRunnerV1 pid=8235)[0m                                  'qat': {'activation_observer': 'static_minmax',
[36m(TaskRunnerV1 pid=8235)[0m                                          'enable': False,
[36m(TaskRunnerV1 pid=8235)[0m                                          'group_size': 16,
[36m(TaskRunnerV1 pid=8235)[0m                                          'ignore_patterns': ['lm_head',
[36m(TaskRunnerV1 pid=8235)[0m                                                              'embed_tokens',
[36m(TaskRunnerV1 pid=8235)[0m                                                              're:.*mlp.gate$'],
[36m(TaskRunnerV1 pid=8235)[0m                                          'mode': 'w4a16',
[36m(TaskRunnerV1 pid=8235)[0m                                          'quantization_config_path': None},
[36m(TaskRunnerV1 pid=8235)[0m                                  'rollout_n': 16,
[36m(TaskRunnerV1 pid=8235)[0m                                  'router_replay': {'_target_': 'verl.workers.config.RouterReplayConfig',
[36m(TaskRunnerV1 pid=8235)[0m                                                    'mode': 'disabled',
[36m(TaskRunnerV1 pid=8235)[0m                                                    'record_file': None,
[36m(TaskRunnerV1 pid=8235)[0m                                                    'replay_file': None},
[36m(TaskRunnerV1 pid=8235)[0m                                  'shuffle': False,
[36m(TaskRunnerV1 pid=8235)[0m                                  'strategy': 'fsdp',
[36m(TaskRunnerV1 pid=8235)[0m                                  'tau_neg': 1.05,
[36m(TaskRunnerV1 pid=8235)[0m                                  'tau_pos': 1.0,
[36m(TaskRunnerV1 pid=8235)[0m                                  'ulysses_sequence_parallel_size': 1,
[36m(TaskRunnerV1 pid=8235)[0m                                  'use_dynamic_bsz': False,
[36m(TaskRunnerV1 pid=8235)[0m                                  'use_fused_kernels': False,
[36m(TaskRunnerV1 pid=8235)[0m                                  'use_kl_loss': False,
[36m(TaskRunnerV1 pid=8235)[0m                                  'use_prefix_grouper': False,
[36m(TaskRunnerV1 pid=8235)[0m                                  'use_remove_padding': True,
[36m(TaskRunnerV1 pid=8235)[0m                                  'use_torch_compile': True},
[36m(TaskRunnerV1 pid=8235)[0m                        'hybrid_engine': True,
[36m(TaskRunnerV1 pid=8235)[0m                        'model': {'_target_': 'verl.workers.config.HFModelConfig',
[36m(TaskRunnerV1 pid=8235)[0m                                  'custom_chat_template': None,
[36m(TaskRunnerV1 pid=8235)[0m                                  'enable_activation_offload': False,
[36m(TaskRunnerV1 pid=8235)[0m                                  'enable_gradient_checkpointing': True,
[36m(TaskRunnerV1 pid=8235)[0m                                  'exclude_modules': None,
[36m(TaskRunnerV1 pid=8235)[0m                                  'external_lib': None,
[36m(TaskRunnerV1 pid=8235)[0m                                  'fused_kernel_options': {'impl_backend': 'torch'},
[36m(TaskRunnerV1 pid=8235)[0m                                  'hf_config_path': None,
[36m(TaskRunnerV1 pid=8235)[0m                                  'lora': {'a2a_experimental': False,
[36m(TaskRunnerV1 pid=8235)[0m                                           'adapter_path': None,
[36m(TaskRunnerV1 pid=8235)[0m                                           'alpha': 32,
[36m(TaskRunnerV1 pid=8235)[0m                                           'dropout': 0.0,
[36m(TaskRunnerV1 pid=8235)[0m                                           'dropout_position': 'pre',
[36m(TaskRunnerV1 pid=8235)[0m                                           'dtype': None,
[36m(TaskRunnerV1 pid=8235)[0m                                           'exclude_modules': [],
[36m(TaskRunnerV1 pid=8235)[0m                                           'freeze_language_model': True,
[36m(TaskRunnerV1 pid=8235)[0m                                           'freeze_vision_model': True,
[36m(TaskRunnerV1 pid=8235)[0m                                           'freeze_vision_projection': True,
[36m(TaskRunnerV1 pid=8235)[0m                                           'lora_A_init_method': 'xavier',
[36m(TaskRunnerV1 pid=8235)[0m                                           'lora_B_init_method': 'zero',
[36m(TaskRunnerV1 pid=8235)[0m                                           'merge': False,
[36m(TaskRunnerV1 pid=8235)[0m                                           'rank': 0,
[36m(TaskRunnerV1 pid=8235)[0m                                           'target_modules': ['linear_qkv',
[36m(TaskRunnerV1 pid=8235)[0m                                                              'linear_proj',
[36m(TaskRunnerV1 pid=8235)[0m                                                              'linear_fc1',
[36m(TaskRunnerV1 pid=8235)[0m                                                              'linear_fc2'],
[36m(TaskRunnerV1 pid=8235)[0m                                           'type': 'lora'},
[36m(TaskRunnerV1 pid=8235)[0m                                  'lora_adapter_path': None,
[36m(TaskRunnerV1 pid=8235)[0m                                  'lora_alpha': 16,
[36m(TaskRunnerV1 pid=8235)[0m                                  'lora_rank': 0,
[36m(TaskRunnerV1 pid=8235)[0m                                  'mtp': {'_target_': 'verl.workers.config.MtpConfig',
[36m(TaskRunnerV1 pid=8235)[0m                                          'detach_encoder': False,
[36m(TaskRunnerV1 pid=8235)[0m                                          'enable': False,
[36m(TaskRunnerV1 pid=8235)[0m                                          'enable_rollout': False,
[36m(TaskRunnerV1 pid=8235)[0m                                          'enable_train': False,
[36m(TaskRunnerV1 pid=8235)[0m                                          'method': 'mtp',
[36m(TaskRunnerV1 pid=8235)[0m                                          'mtp_loss_scaling_factor': 0.1,
[36m(TaskRunnerV1 pid=8235)[0m                                          'num_speculative_tokens': 1,
[36m(TaskRunnerV1 pid=8235)[0m                                          'speculative_algorithm': 'EAGLE',
[36m(TaskRunnerV1 pid=8235)[0m                                          'speculative_eagle_topk': 1,
[36m(TaskRunnerV1 pid=8235)[0m                                          'speculative_num_draft_tokens': 4,
[36m(TaskRunnerV1 pid=8235)[0m                                          'speculative_num_steps': 3},
[36m(TaskRunnerV1 pid=8235)[0m                                  'override_config': {},
[36m(TaskRunnerV1 pid=8235)[0m                                  'path': 'Qwen/Qwen2.5-1.5B-Instruct',
[36m(TaskRunnerV1 pid=8235)[0m                                  'target_modules': 'all-linear',
[36m(TaskRunnerV1 pid=8235)[0m                                  'tiled_mlp': {'enabled': False,
[36m(TaskRunnerV1 pid=8235)[0m                                                'num_shards': 4},
[36m(TaskRunnerV1 pid=8235)[0m                                  'tokenizer_path': None,
[36m(TaskRunnerV1 pid=8235)[0m                                  'trust_remote_code': False,
[36m(TaskRunnerV1 pid=8235)[0m                                  'use_fused_kernels': False,
[36m(TaskRunnerV1 pid=8235)[0m                                  'use_liger': False,
[36m(TaskRunnerV1 pid=8235)[0m                                  'use_remove_padding': True,
[36m(TaskRunnerV1 pid=8235)[0m                                  'use_shm': False},
[36m(TaskRunnerV1 pid=8235)[0m                        'nccl_timeout': 600,
[36m(TaskRunnerV1 pid=8235)[0m                        'ref': {'_target_': 'verl.workers.config.FSDPActorConfig',
[36m(TaskRunnerV1 pid=8235)[0m                                'entropy_checkpointing': False,
[36m(TaskRunnerV1 pid=8235)[0m                                'entropy_from_logits_chunk_size': 2048,
[36m(TaskRunnerV1 pid=8235)[0m                                'entropy_from_logits_with_chunking': False,
[36m(TaskRunnerV1 pid=8235)[0m                                'fsdp_config': {'_target_': 'verl.workers.config.FSDPEngineConfig',
[36m(TaskRunnerV1 pid=8235)[0m                                                'dtype': 'bfloat16',
[36m(TaskRunnerV1 pid=8235)[0m                                                'entropy_checkpointing': False,
[36m(TaskRunnerV1 pid=8235)[0m                                                'entropy_from_logits_chunk_size': 2048,
[36m(TaskRunnerV1 pid=8235)[0m                                                'entropy_from_logits_with_chunking': False,
[36m(TaskRunnerV1 pid=8235)[0m                                                'forward_only': True,
[36m(TaskRunnerV1 pid=8235)[0m                                                'forward_prefetch': False,
[36m(TaskRunnerV1 pid=8235)[0m                                                'fsdp_size': -1,
[36m(TaskRunnerV1 pid=8235)[0m                                                'full_determinism': False,
[36m(TaskRunnerV1 pid=8235)[0m                                                'model_dtype': 'fp32',
[36m(TaskRunnerV1 pid=8235)[0m                                                'offload_policy': False,
[36m(TaskRunnerV1 pid=8235)[0m                                                'optimizer_offload': False,
[36m(TaskRunnerV1 pid=8235)[0m                                                'param_offload': False,
[36m(TaskRunnerV1 pid=8235)[0m                                                'qat': {'_target_': 'verl.workers.config.QATEngineConfig',
[36m(TaskRunnerV1 pid=8235)[0m                                                        'activation_observer': 'static_minmax',
[36m(TaskRunnerV1 pid=8235)[0m                                                        'enable': False,
[36m(TaskRunnerV1 pid=8235)[0m                                                        'group_size': 16,
[36m(TaskRunnerV1 pid=8235)[0m                                                        'ignore_patterns': ['lm_head',
[36m(TaskRunnerV1 pid=8235)[0m                                                                            'embed_tokens',
[36m(TaskRunnerV1 pid=8235)[0m                                                                            're:.*mlp.gate$'],
[36m(TaskRunnerV1 pid=8235)[0m                                                        'mode': 'w4a16',
[36m(TaskRunnerV1 pid=8235)[0m                                                        'quantization_config_path': None},
[36m(TaskRunnerV1 pid=8235)[0m                                                'reshard_after_forward': True,
[36m(TaskRunnerV1 pid=8235)[0m                                                'seed': 42,
[36m(TaskRunnerV1 pid=8235)[0m                                                'strategy': 'fsdp',
[36m(TaskRunnerV1 pid=8235)[0m                                                'ulysses_sequence_parallel_size': 1,
[36m(TaskRunnerV1 pid=8235)[0m                                                'use_orig_params': False,
[36m(TaskRunnerV1 pid=8235)[0m                                                'use_torch_compile': True,
[36m(TaskRunnerV1 pid=8235)[0m                                                'wrap_policy': {'min_num_params': 0}},
[36m(TaskRunnerV1 pid=8235)[0m                                'log_prob_max_token_len_per_gpu': 16384,
[36m(TaskRunnerV1 pid=8235)[0m                                'log_prob_micro_batch_size': None,
[36m(TaskRunnerV1 pid=8235)[0m                                'log_prob_micro_batch_size_per_gpu': None,
[36m(TaskRunnerV1 pid=8235)[0m                                'log_prob_use_dynamic_bsz': False,
[36m(TaskRunnerV1 pid=8235)[0m                                'profiler': {'_target_': 'verl.utils.profiler.ProfilerConfig',
[36m(TaskRunnerV1 pid=8235)[0m                                             'all_ranks': False,
[36m(TaskRunnerV1 pid=8235)[0m                                             'enable': False,
[36m(TaskRunnerV1 pid=8235)[0m                                             'ranks': [],
[36m(TaskRunnerV1 pid=8235)[0m                                             'save_path': 'outputs/profile',
[36m(TaskRunnerV1 pid=8235)[0m                                             'tool': None,
[36m(TaskRunnerV1 pid=8235)[0m                                             'tool_config': {'npu': {'_target_': 'verl.utils.profiler.config.NPUToolConfig',
[36m(TaskRunnerV1 pid=8235)[0m                                                                     'analysis': True,
[36m(TaskRunnerV1 pid=8235)[0m                                                                     'contents': [],
[36m(TaskRunnerV1 pid=8235)[0m                                                                     'discrete': False,
[36m(TaskRunnerV1 pid=8235)[0m                                                                     'level': 'level0'},
[36m(TaskRunnerV1 pid=8235)[0m                                                             'nsys': {'_target_': 'verl.utils.profiler.config.NsightToolConfig',
[36m(TaskRunnerV1 pid=8235)[0m                                                                      'discrete': False},
[36m(TaskRunnerV1 pid=8235)[0m                                                             'precision_debugger': {'_target_': 'verl.utils.profiler.config.PrecisionDebuggerToolConfig',
[36m(TaskRunnerV1 pid=8235)[0m                                                                                    'config_path': None,
[36m(TaskRunnerV1 pid=8235)[0m                                                                                    'stages': None,
[36m(TaskRunnerV1 pid=8235)[0m                                                                                    'steps': None,
[36m(TaskRunnerV1 pid=8235)[0m                                                                                    'strict': False},
[36m(TaskRunnerV1 pid=8235)[0m                                                             'torch': {'_target_': 'verl.utils.profiler.config.TorchProfilerToolConfig',
[36m(TaskRunnerV1 pid=8235)[0m                                                                       'contents': [],
[36m(TaskRunnerV1 pid=8235)[0m                                                                       'discrete': False},
[36m(TaskRunnerV1 pid=8235)[0m                                                             'torch_memory': {'_target_': 'verl.utils.profiler.config.TorchMemoryToolConfig',
[36m(TaskRunnerV1 pid=8235)[0m                                                                              'stack_depth': 32,
[36m(TaskRunnerV1 pid=8235)[0m                                                                              'trace_alloc_max_entries': 100000}}},
[36m(TaskRunnerV1 pid=8235)[0m                                'rollout_n': 16,
[36m(TaskRunnerV1 pid=8235)[0m                                'router_replay': {'_target_': 'verl.workers.config.RouterReplayConfig',
[36m(TaskRunnerV1 pid=8235)[0m                                                  'mode': 'disabled',
[36m(TaskRunnerV1 pid=8235)[0m                                                  'record_file': None,
[36m(TaskRunnerV1 pid=8235)[0m                                                  'replay_file': None},
[36m(TaskRunnerV1 pid=8235)[0m                                'strategy': 'fsdp',
[36m(TaskRunnerV1 pid=8235)[0m                                'ulysses_sequence_parallel_size': 1,
[36m(TaskRunnerV1 pid=8235)[0m                                'use_torch_compile': True},
[36m(TaskRunnerV1 pid=8235)[0m                        'rollout': {'_target_': 'verl.workers.config.RolloutConfig',
[36m(TaskRunnerV1 pid=8235)[0m                                    'agent': {'_target_': 'verl.workers.config.AgentLoopConfig',
[36m(TaskRunnerV1 pid=8235)[0m                                              'agent_loop_config_path': None,
[36m(TaskRunnerV1 pid=8235)[0m                                              'custom_async_server': {'_target_': 'verl.workers.config.CustomAsyncServerConfig',
[36m(TaskRunnerV1 pid=8235)[0m                                                                      'name': None,
[36m(TaskRunnerV1 pid=8235)[0m                                                                      'path': None},
[36m(TaskRunnerV1 pid=8235)[0m                                              'default_agent_loop': 'single_turn_agent',
[36m(TaskRunnerV1 pid=8235)[0m                                              'num_workers': 8},
[36m(TaskRunnerV1 pid=8235)[0m                                    'calculate_log_probs': True,
[36m(TaskRunnerV1 pid=8235)[0m                                    'checkpoint_engine': {'_target_': 'verl.workers.config.CheckpointEngineConfig',
[36m(TaskRunnerV1 pid=8235)[0m                                                          'backend': 'naive',
[36m(TaskRunnerV1 pid=8235)[0m                                                          'custom_backend_module': None,
[36m(TaskRunnerV1 pid=8235)[0m                                                          'engine_kwargs': {},
[36m(TaskRunnerV1 pid=8235)[0m                                                          'update_weights_bucket_megabytes': 2048},
[36m(TaskRunnerV1 pid=8235)[0m                                    'cudagraph_capture_sizes': None,
[36m(TaskRunnerV1 pid=8235)[0m                                    'data_parallel_size': 1,
[36m(TaskRunnerV1 pid=8235)[0m                                    'disable_log_stats': True,
[36m(TaskRunnerV1 pid=8235)[0m                                    'disaggregation': {'bootstrap_port': None,
[36m(TaskRunnerV1 pid=8235)[0m                                                       'decode_replicas': 1,
[36m(TaskRunnerV1 pid=8235)[0m                                                       'decode_tensor_model_parallel_size': None,
[36m(TaskRunnerV1 pid=8235)[0m                                                       'enabled': False,
[36m(TaskRunnerV1 pid=8235)[0m                                                       'ib_device': None,
[36m(TaskRunnerV1 pid=8235)[0m                                                       'prefill_replicas': 1,
[36m(TaskRunnerV1 pid=8235)[0m                                                       'transfer_backend': 'nixl'},
[36m(TaskRunnerV1 pid=8235)[0m                                    'do_sample': True,
[36m(TaskRunnerV1 pid=8235)[0m                                    'dtype': 'bfloat16',
[36m(TaskRunnerV1 pid=8235)[0m                                    'enable_chunked_prefill': True,
[36m(TaskRunnerV1 pid=8235)[0m                                    'enable_prefix_caching': True,
[36m(TaskRunnerV1 pid=8235)[0m                                    'enable_rollout_routing_replay': False,
[36m(TaskRunnerV1 pid=8235)[0m                                    'enforce_eager': False,
[36m(TaskRunnerV1 pid=8235)[0m                                    'engine_kwargs': {'sglang': {},
[36m(TaskRunnerV1 pid=8235)[0m                                                      'trtllm': {},
[36m(TaskRunnerV1 pid=8235)[0m                                                      'vllm': {}},
[36m(TaskRunnerV1 pid=8235)[0m                                    'expert_parallel_size': 1,
[36m(TaskRunnerV1 pid=8235)[0m                                    'free_cache_engine': True,
[36m(TaskRunnerV1 pid=8235)[0m                                    'full_determinism': False,
[36m(TaskRunnerV1 pid=8235)[0m                                    'gpu_memory_utilization': 0.7,
[36m(TaskRunnerV1 pid=8235)[0m                                    'ignore_eos': False,
[36m(TaskRunnerV1 pid=8235)[0m                                    'layered_summon': False,
[36m(TaskRunnerV1 pid=8235)[0m                                    'load_format': 'dummy',
[36m(TaskRunnerV1 pid=8235)[0m                                    'log_prob_max_token_len_per_gpu': 16384,
[36m(TaskRunnerV1 pid=8235)[0m                                    'log_prob_micro_batch_size': None,
[36m(TaskRunnerV1 pid=8235)[0m                                    'log_prob_micro_batch_size_per_gpu': 2,
[36m(TaskRunnerV1 pid=8235)[0m                                    'log_prob_use_dynamic_bsz': False,
[36m(TaskRunnerV1 pid=8235)[0m                                    'logprobs_mode': 'processed_logprobs',
[36m(TaskRunnerV1 pid=8235)[0m                                    'max_model_len': 9000,
[36m(TaskRunnerV1 pid=8235)[0m                                    'max_num_batched_tokens': 8192,
[36m(TaskRunnerV1 pid=8235)[0m                                    'max_num_seqs': 1024,
[36m(TaskRunnerV1 pid=8235)[0m                                    'mode': 'async',
[36m(TaskRunnerV1 pid=8235)[0m                                    'moe_load_balance_metrics_interval': 0,
[36m(TaskRunnerV1 pid=8235)[0m                                    'mtp': {'_target_': 'verl.workers.config.MtpConfig',
[36m(TaskRunnerV1 pid=8235)[0m                                            'detach_encoder': False,
[36m(TaskRunnerV1 pid=8235)[0m                                            'enable': False,
[36m(TaskRunnerV1 pid=8235)[0m                                            'enable_rollout': False,
[36m(TaskRunnerV1 pid=8235)[0m                                            'enable_train': False,
[36m(TaskRunnerV1 pid=8235)[0m                                            'method': 'mtp',
[36m(TaskRunnerV1 pid=8235)[0m                                            'mtp_loss_scaling_factor': 0.1,
[36m(TaskRunnerV1 pid=8235)[0m                                            'num_speculative_tokens': 1,
[36m(TaskRunnerV1 pid=8235)[0m                                            'speculative_algorithm': 'EAGLE',
[36m(TaskRunnerV1 pid=8235)[0m                                            'speculative_eagle_topk': 1,
[36m(TaskRunnerV1 pid=8235)[0m                                            'speculative_num_draft_tokens': 4,
[36m(TaskRunnerV1 pid=8235)[0m                                            'speculative_num_steps': 3},
[36m(TaskRunnerV1 pid=8235)[0m                                    'multi_stage_wake_up': False,
[36m(TaskRunnerV1 pid=8235)[0m                                    'multi_turn': {'_target_': 'verl.workers.config.MultiTurnConfig',
[36m(TaskRunnerV1 pid=8235)[0m                                                   'enable': False,
[36m(TaskRunnerV1 pid=8235)[0m                                                   'format': 'hermes',
[36m(TaskRunnerV1 pid=8235)[0m                                                   'function_tool_path': None,
[36m(TaskRunnerV1 pid=8235)[0m                                                   'max_assistant_turns': None,
[36m(TaskRunnerV1 pid=8235)[0m                                                   'max_parallel_calls': 1,
[36m(TaskRunnerV1 pid=8235)[0m                                                   'max_tool_response_length': 256,
[36m(TaskRunnerV1 pid=8235)[0m                                                   'max_user_turns': None,
[36m(TaskRunnerV1 pid=8235)[0m                                                   'num_repeat_rollouts': None,
[36m(TaskRunnerV1 pid=8235)[0m                                                   'tokenization_sanity_check_mode': 'strict',
[36m(TaskRunnerV1 pid=8235)[0m                                                   'tool_config_path': None,
[36m(TaskRunnerV1 pid=8235)[0m                                                   'tool_response_truncate_side': 'middle',
[36m(TaskRunnerV1 pid=8235)[0m                                                   'use_inference_chat_template': False},
[36m(TaskRunnerV1 pid=8235)[0m                                    'n': 16,
[36m(TaskRunnerV1 pid=8235)[0m                                    'n_gpus_per_node': 4,
[36m(TaskRunnerV1 pid=8235)[0m                                    'name': 'vllm',
[36m(TaskRunnerV1 pid=8235)[0m                                    'nnodes': 0,
[36m(TaskRunnerV1 pid=8235)[0m                                    'over_sample_rate': 0,
[36m(TaskRunnerV1 pid=8235)[0m                                    'pipeline_model_parallel_size': 1,
[36m(TaskRunnerV1 pid=8235)[0m                                    'profiler': {'_target_': 'verl.utils.profiler.ProfilerConfig',
[36m(TaskRunnerV1 pid=8235)[0m                                                 'all_ranks': False,
[36m(TaskRunnerV1 pid=8235)[0m                                                 'enable': False,
[36m(TaskRunnerV1 pid=8235)[0m                                                 'ranks': [],
[36m(TaskRunnerV1 pid=8235)[0m                                                 'save_path': 'outputs/profile',
[36m(TaskRunnerV1 pid=8235)[0m                                                 'tool': None,
[36m(TaskRunnerV1 pid=8235)[0m                                                 'tool_config': {'npu': {'_target_': 'verl.utils.profiler.config.NPUToolConfig',
[36m(TaskRunnerV1 pid=8235)[0m                                                                         'analysis': True,
[36m(TaskRunnerV1 pid=8235)[0m                                                                         'contents': [],
[36m(TaskRunnerV1 pid=8235)[0m                                                                         'discrete': False,
[36m(TaskRunnerV1 pid=8235)[0m                                                                         'level': 'level0',
[36m(TaskRunnerV1 pid=8235)[0m                                                                         'profile_token_end': None,
[36m(TaskRunnerV1 pid=8235)[0m                                                                         'profile_token_start': None},
[36m(TaskRunnerV1 pid=8235)[0m                                                                 'precision_debugger': {'_target_': 'verl.utils.profiler.config.PrecisionDebuggerToolConfig',
[36m(TaskRunnerV1 pid=8235)[0m                                                                                        'config_path': None,
[36m(TaskRunnerV1 pid=8235)[0m                                                                                        'stages': None,
[36m(TaskRunnerV1 pid=8235)[0m                                                                                        'steps': None,
[36m(TaskRunnerV1 pid=8235)[0m                                                                                        'strict': False},
[36m(TaskRunnerV1 pid=8235)[0m                                                                 'torch': {'_target_': 'verl.utils.profiler.config.TorchProfilerToolConfig',
[36m(TaskRunnerV1 pid=8235)[0m                                                                           'contents': [],
[36m(TaskRunnerV1 pid=8235)[0m                                                                           'discrete': False,
[36m(TaskRunnerV1 pid=8235)[0m                                                                           'profile_token_end': None,
[36m(TaskRunnerV1 pid=8235)[0m                                                                           'profile_token_start': None}}},
[36m(TaskRunnerV1 pid=8235)[0m                                    'prometheus': {'_target_': 'verl.workers.config.PrometheusConfig',
[36m(TaskRunnerV1 pid=8235)[0m                                                   'enable': False,
[36m(TaskRunnerV1 pid=8235)[0m                                                   'file': '/tmp/ray/session_latest/metrics/prometheus/prometheus.yml',
[36m(TaskRunnerV1 pid=8235)[0m                                                   'port': 9090,
[36m(TaskRunnerV1 pid=8235)[0m                                                   'served_model_name': 'Qwen/Qwen2.5-1.5B-Instruct'},
[36m(TaskRunnerV1 pid=8235)[0m                                    'prompt_length': 5000,
[36m(TaskRunnerV1 pid=8235)[0m                                    'qat': {'_target_': 'verl.workers.config.QATEngineConfig',
[36m(TaskRunnerV1 pid=8235)[0m                                            'activation_observer': 'static_minmax',
[36m(TaskRunnerV1 pid=8235)[0m                                            'enable': False,
[36m(TaskRunnerV1 pid=8235)[0m                                            'group_size': 16,
[36m(TaskRunnerV1 pid=8235)[0m                                            'ignore_patterns': ['lm_head',
[36m(TaskRunnerV1 pid=8235)[0m                                                                'embed_tokens',
[36m(TaskRunnerV1 pid=8235)[0m                                                                're:.*mlp.gate$'],
[36m(TaskRunnerV1 pid=8235)[0m                                            'mode': 'w4a16',
[36m(TaskRunnerV1 pid=8235)[0m                                            'quantization_config_path': None},
[36m(TaskRunnerV1 pid=8235)[0m                                    'quantization': None,
[36m(TaskRunnerV1 pid=8235)[0m                                    'quantization_config_file': None,
[36m(TaskRunnerV1 pid=8235)[0m                                    'response_length': 4000,
[36m(TaskRunnerV1 pid=8235)[0m                                    'scheduling_policy': 'fcfs',
[36m(TaskRunnerV1 pid=8235)[0m                                    'seed': 42,
[36m(TaskRunnerV1 pid=8235)[0m                                    'skip_tokenizer_init': True,
[36m(TaskRunnerV1 pid=8235)[0m                                    'temperature': 1.0,
[36m(TaskRunnerV1 pid=8235)[0m                                    'tensor_model_parallel_size': 1,
[36m(TaskRunnerV1 pid=8235)[0m                                    'top_k': -1,
[36m(TaskRunnerV1 pid=8235)[0m                                    'top_p': 1.0,
[36m(TaskRunnerV1 pid=8235)[0m                                    'trace': {'_target_': 'verl.workers.config.TraceConfig',
[36m(TaskRunnerV1 pid=8235)[0m                                              'backend': None,
[36m(TaskRunnerV1 pid=8235)[0m                                              'experiment_name': 'if_rl_verl_binary',
[36m(TaskRunnerV1 pid=8235)[0m                                              'max_samples_per_step_per_worker': None,
[36m(TaskRunnerV1 pid=8235)[0m                                              'project_name': 'if_rl_verl_binary',
[36m(TaskRunnerV1 pid=8235)[0m                                              'token2text': False},
[36m(TaskRunnerV1 pid=8235)[0m                                    'val_kwargs': {'_target_': 'verl.workers.config.SamplingConfig',
[36m(TaskRunnerV1 pid=8235)[0m                                                   'do_sample': False,
[36m(TaskRunnerV1 pid=8235)[0m                                                   'n': 1,
[36m(TaskRunnerV1 pid=8235)[0m                                                   'temperature': 0,
[36m(TaskRunnerV1 pid=8235)[0m                                                   'top_k': -1,
[36m(TaskRunnerV1 pid=8235)[0m                                                   'top_p': 1.0}}},
[36m(TaskRunnerV1 pid=8235)[0m  'algorithm': {'_target_': 'verl.trainer.config.AlgoConfig',
[36m(TaskRunnerV1 pid=8235)[0m                'adv_estimator': 'grpo',
[36m(TaskRunnerV1 pid=8235)[0m                'filter_groups': {'enable': True,
[36m(TaskRunnerV1 pid=8235)[0m                                  'max_num_gen_batches': 10,
[36m(TaskRunnerV1 pid=8235)[0m                                  'metric': 'acc'},
[36m(TaskRunnerV1 pid=8235)[0m                'gamma': 1.0,
[36m(TaskRunnerV1 pid=8235)[0m                'kl_ctrl': {'_target_': 'verl.trainer.config.KLControlConfig',
[36m(TaskRunnerV1 pid=8235)[0m                            'horizon': 10000,
[36m(TaskRunnerV1 pid=8235)[0m                            'kl_coef': 0.001,
[36m(TaskRunnerV1 pid=8235)[0m                            'target_kl': 0.1,
[36m(TaskRunnerV1 pid=8235)[0m                            'type': 'fixed'},
[36m(TaskRunnerV1 pid=8235)[0m                'kl_penalty': 'kl',
[36m(TaskRunnerV1 pid=8235)[0m                'lam': 1.0,
[36m(TaskRunnerV1 pid=8235)[0m                'norm_adv_by_std_in_grpo': True,
[36m(TaskRunnerV1 pid=8235)[0m                'pf_ppo': {'reweight_method': 'pow', 'weight_pow': 2.0},
[36m(TaskRunnerV1 pid=8235)[0m                'rollout_correction': {'bypass_mode': False,
[36m(TaskRunnerV1 pid=8235)[0m                                       'loss_type': 'ppo_clip',
[36m(TaskRunnerV1 pid=8235)[0m                                       'rollout_is': None,
[36m(TaskRunnerV1 pid=8235)[0m                                       'rollout_is_batch_normalize': False,
[36m(TaskRunnerV1 pid=8235)[0m                                       'rollout_is_threshold': 2.0,
[36m(TaskRunnerV1 pid=8235)[0m                                       'rollout_rs': None,
[36m(TaskRunnerV1 pid=8235)[0m                                       'rollout_rs_threshold': None},
[36m(TaskRunnerV1 pid=8235)[0m                'use_kl_in_reward': False,
[36m(TaskRunnerV1 pid=8235)[0m                'use_pf_ppo': False},
[36m(TaskRunnerV1 pid=8235)[0m  'critic': {'_target_': 'verl.workers.config.FSDPCriticConfig',
[36m(TaskRunnerV1 pid=8235)[0m             'checkpoint': {'_target_': 'verl.trainer.config.CheckpointConfig',
[36m(TaskRunnerV1 pid=8235)[0m                            'async_save': False,
[36m(TaskRunnerV1 pid=8235)[0m                            'load_contents': ['model', 'optimizer', 'extra'],
[36m(TaskRunnerV1 pid=8235)[0m                            'save_contents': ['model', 'optimizer', 'extra']},
[36m(TaskRunnerV1 pid=8235)[0m             'cliprange_value': 0.5,
[36m(TaskRunnerV1 pid=8235)[0m             'data_loader_seed': 42,
[36m(TaskRunnerV1 pid=8235)[0m             'enable': None,
[36m(TaskRunnerV1 pid=8235)[0m             'forward_max_token_len_per_gpu': 32768,
[36m(TaskRunnerV1 pid=8235)[0m             'forward_micro_batch_size': None,
[36m(TaskRunnerV1 pid=8235)[0m             'forward_micro_batch_size_per_gpu': None,
[36m(TaskRunnerV1 pid=8235)[0m             'fsdp': {'_target_': 'verl.workers.config.FSDPEngineConfig',
[36m(TaskRunnerV1 pid=8235)[0m                      'dtype': 'bfloat16',
[36m(TaskRunnerV1 pid=8235)[0m                      'entropy_checkpointing': False,
[36m(TaskRunnerV1 pid=8235)[0m                      'entropy_from_logits_chunk_size': 2048,
[36m(TaskRunnerV1 pid=8235)[0m                      'entropy_from_logits_with_chunking': False,
[36m(TaskRunnerV1 pid=8235)[0m                      'forward_only': False,
[36m(TaskRunnerV1 pid=8235)[0m                      'forward_prefetch': False,
[36m(TaskRunnerV1 pid=8235)[0m                      'fsdp_size': -1,
[36m(TaskRunnerV1 pid=8235)[0m                      'full_determinism': False,
[36m(TaskRunnerV1 pid=8235)[0m                      'model_dtype': 'fp32',
[36m(TaskRunnerV1 pid=8235)[0m                      'offload_policy': False,
[36m(TaskRunnerV1 pid=8235)[0m                      'optimizer_offload': False,
[36m(TaskRunnerV1 pid=8235)[0m                      'param_offload': False,
[36m(TaskRunnerV1 pid=8235)[0m                      'qat': {'_target_': 'verl.workers.config.QATEngineConfig',
[36m(TaskRunnerV1 pid=8235)[0m                              'activation_observer': 'static_minmax',
[36m(TaskRunnerV1 pid=8235)[0m                              'enable': False,
[36m(TaskRunnerV1 pid=8235)[0m                              'group_size': 16,
[36m(TaskRunnerV1 pid=8235)[0m                              'ignore_patterns': ['lm_head',
[36m(TaskRunnerV1 pid=8235)[0m                                                  'embed_tokens',
[36m(TaskRunnerV1 pid=8235)[0m                                                  're:.*mlp.gate$'],
[36m(TaskRunnerV1 pid=8235)[0m                              'mode': 'w4a16',
[36m(TaskRunnerV1 pid=8235)[0m                              'quantization_config_path': None},
[36m(TaskRunnerV1 pid=8235)[0m                      'reshard_after_forward': True,
[36m(TaskRunnerV1 pid=8235)[0m                      'seed': 42,
[36m(TaskRunnerV1 pid=8235)[0m                      'strategy': 'fsdp',
[36m(TaskRunnerV1 pid=8235)[0m                      'ulysses_sequence_parallel_size': 1,
[36m(TaskRunnerV1 pid=8235)[0m                      'use_orig_params': False,
[36m(TaskRunnerV1 pid=8235)[0m                      'use_torch_compile': True,
[36m(TaskRunnerV1 pid=8235)[0m                      'wrap_policy': {'min_num_params': 0}},
[36m(TaskRunnerV1 pid=8235)[0m             'grad_clip': 1.0,
[36m(TaskRunnerV1 pid=8235)[0m             'loss_agg_mode': 'token-mean',
[36m(TaskRunnerV1 pid=8235)[0m             'model': {'_target_': 'verl.workers.config.HFModelConfig',
[36m(TaskRunnerV1 pid=8235)[0m                       'custom_chat_template': None,
[36m(TaskRunnerV1 pid=8235)[0m                       'enable_activation_offload': False,
[36m(TaskRunnerV1 pid=8235)[0m                       'enable_gradient_checkpointing': True,
[36m(TaskRunnerV1 pid=8235)[0m                       'exclude_modules': None,
[36m(TaskRunnerV1 pid=8235)[0m                       'external_lib': None,
[36m(TaskRunnerV1 pid=8235)[0m                       'fused_kernel_options': {'impl_backend': 'torch'},
[36m(TaskRunnerV1 pid=8235)[0m                       'hf_config_path': None,
[36m(TaskRunnerV1 pid=8235)[0m                       'lora': {'a2a_experimental': False,
[36m(TaskRunnerV1 pid=8235)[0m                                'adapter_path': None,
[36m(TaskRunnerV1 pid=8235)[0m                                'alpha': 32,
[36m(TaskRunnerV1 pid=8235)[0m                                'dropout': 0.0,
[36m(TaskRunnerV1 pid=8235)[0m                                'dropout_position': 'pre',
[36m(TaskRunnerV1 pid=8235)[0m                                'dtype': None,
[36m(TaskRunnerV1 pid=8235)[0m                                'exclude_modules': [],
[36m(TaskRunnerV1 pid=8235)[0m                                'freeze_language_model': True,
[36m(TaskRunnerV1 pid=8235)[0m                                'freeze_vision_model': True,
[36m(TaskRunnerV1 pid=8235)[0m                                'freeze_vision_projection': True,
[36m(TaskRunnerV1 pid=8235)[0m                                'lora_A_init_method': 'xavier',
[36m(TaskRunnerV1 pid=8235)[0m                                'lora_B_init_method': 'zero',
[36m(TaskRunnerV1 pid=8235)[0m                                'merge': False,
[36m(TaskRunnerV1 pid=8235)[0m                                'rank': 0,
[36m(TaskRunnerV1 pid=8235)[0m                                'target_modules': ['linear_qkv',
[36m(TaskRunnerV1 pid=8235)[0m                                                   'linear_proj',
[36m(TaskRunnerV1 pid=8235)[0m                                                   'linear_fc1',
[36m(TaskRunnerV1 pid=8235)[0m                                                   'linear_fc2'],
[36m(TaskRunnerV1 pid=8235)[0m                                'type': 'lora'},
[36m(TaskRunnerV1 pid=8235)[0m                       'lora_adapter_path': None,
[36m(TaskRunnerV1 pid=8235)[0m                       'lora_alpha': 16,
[36m(TaskRunnerV1 pid=8235)[0m                       'lora_rank': 0,
[36m(TaskRunnerV1 pid=8235)[0m                       'mtp': {'_target_': 'verl.workers.config.MtpConfig',
[36m(TaskRunnerV1 pid=8235)[0m                               'detach_encoder': False,
[36m(TaskRunnerV1 pid=8235)[0m                               'enable': False,
[36m(TaskRunnerV1 pid=8235)[0m                               'enable_rollout': False,
[36m(TaskRunnerV1 pid=8235)[0m                               'enable_train': False,
[36m(TaskRunnerV1 pid=8235)[0m                               'method': 'mtp',
[36m(TaskRunnerV1 pid=8235)[0m                               'mtp_loss_scaling_factor': 0.1,
[36m(TaskRunnerV1 pid=8235)[0m                               'num_speculative_tokens': 1,
[36m(TaskRunnerV1 pid=8235)[0m                               'speculative_algorithm': 'EAGLE',
[36m(TaskRunnerV1 pid=8235)[0m                               'speculative_eagle_topk': 1,
[36m(TaskRunnerV1 pid=8235)[0m                               'speculative_num_draft_tokens': 4,
[36m(TaskRunnerV1 pid=8235)[0m                               'speculative_num_steps': 3},
[36m(TaskRunnerV1 pid=8235)[0m                       'override_config': {},
[36m(TaskRunnerV1 pid=8235)[0m                       'path': '~/models/deepseek-llm-7b-chat',
[36m(TaskRunnerV1 pid=8235)[0m                       'target_modules': 'all-linear',
[36m(TaskRunnerV1 pid=8235)[0m                       'tiled_mlp': {'enabled': False, 'num_shards': 4},
[36m(TaskRunnerV1 pid=8235)[0m                       'tokenizer_path': None,
[36m(TaskRunnerV1 pid=8235)[0m                       'trust_remote_code': False,
[36m(TaskRunnerV1 pid=8235)[0m                       'use_fused_kernels': False,
[36m(TaskRunnerV1 pid=8235)[0m                       'use_liger': False,
[36m(TaskRunnerV1 pid=8235)[0m                       'use_remove_padding': True,
[36m(TaskRunnerV1 pid=8235)[0m                       'use_shm': False},
[36m(TaskRunnerV1 pid=8235)[0m             'optim': {'_target_': 'verl.workers.config.FSDPOptimizerConfig',
[36m(TaskRunnerV1 pid=8235)[0m                       'betas': [0.9, 0.999],
[36m(TaskRunnerV1 pid=8235)[0m                       'clip_grad': 1.0,
[36m(TaskRunnerV1 pid=8235)[0m                       'lr': 1e-05,
[36m(TaskRunnerV1 pid=8235)[0m                       'lr_scheduler_type': 'constant',
[36m(TaskRunnerV1 pid=8235)[0m                       'lr_warmup_steps': -1,
[36m(TaskRunnerV1 pid=8235)[0m                       'lr_warmup_steps_ratio': 0.0,
[36m(TaskRunnerV1 pid=8235)[0m                       'min_lr_ratio': 0.0,
[36m(TaskRunnerV1 pid=8235)[0m                       'num_cycles': 0.5,
[36m(TaskRunnerV1 pid=8235)[0m                       'optimizer': 'AdamW',
[36m(TaskRunnerV1 pid=8235)[0m                       'optimizer_impl': 'torch.optim',
[36m(TaskRunnerV1 pid=8235)[0m                       'override_optimizer_config': None,
[36m(TaskRunnerV1 pid=8235)[0m                       'total_training_steps': -1,
[36m(TaskRunnerV1 pid=8235)[0m                       'warmup_style': None,
[36m(TaskRunnerV1 pid=8235)[0m                       'weight_decay': 0.01,
[36m(TaskRunnerV1 pid=8235)[0m                       'zero_indexed_step': True},
[36m(TaskRunnerV1 pid=8235)[0m             'ppo_epochs': 1,
[36m(TaskRunnerV1 pid=8235)[0m             'ppo_max_token_len_per_gpu': 32768,
[36m(TaskRunnerV1 pid=8235)[0m             'ppo_micro_batch_size': None,
[36m(TaskRunnerV1 pid=8235)[0m             'ppo_micro_batch_size_per_gpu': None,
[36m(TaskRunnerV1 pid=8235)[0m             'ppo_mini_batch_size': 128,
[36m(TaskRunnerV1 pid=8235)[0m             'profiler': {'_target_': 'verl.utils.profiler.ProfilerConfig',
[36m(TaskRunnerV1 pid=8235)[0m                          'all_ranks': False,
[36m(TaskRunnerV1 pid=8235)[0m                          'enable': False,
[36m(TaskRunnerV1 pid=8235)[0m                          'ranks': [],
[36m(TaskRunnerV1 pid=8235)[0m                          'save_path': 'outputs/profile',
[36m(TaskRunnerV1 pid=8235)[0m                          'tool': None,
[36m(TaskRunnerV1 pid=8235)[0m                          'tool_config': {'npu': {'_target_': 'verl.utils.profiler.config.NPUToolConfig',
[36m(TaskRunnerV1 pid=8235)[0m                                                  'analysis': True,
[36m(TaskRunnerV1 pid=8235)[0m                                                  'contents': [],
[36m(TaskRunnerV1 pid=8235)[0m                                                  'discrete': False,
[36m(TaskRunnerV1 pid=8235)[0m                                                  'level': 'level0'},
[36m(TaskRunnerV1 pid=8235)[0m                                          'nsys': {'_target_': 'verl.utils.profiler.config.NsightToolConfig',
[36m(TaskRunnerV1 pid=8235)[0m                                                   'discrete': False},
[36m(TaskRunnerV1 pid=8235)[0m                                          'precision_debugger': {'_target_': 'verl.utils.profiler.config.PrecisionDebuggerToolConfig',
[36m(TaskRunnerV1 pid=8235)[0m                                                                 'config_path': None,
[36m(TaskRunnerV1 pid=8235)[0m                                                                 'stages': None,
[36m(TaskRunnerV1 pid=8235)[0m                                                                 'steps': None,
[36m(TaskRunnerV1 pid=8235)[0m                                                                 'strict': False},
[36m(TaskRunnerV1 pid=8235)[0m                                          'torch': {'_target_': 'verl.utils.profiler.config.TorchProfilerToolConfig',
[36m(TaskRunnerV1 pid=8235)[0m                                                    'contents': [],
[36m(TaskRunnerV1 pid=8235)[0m                                                    'discrete': False},
[36m(TaskRunnerV1 pid=8235)[0m                                          'torch_memory': {'_target_': 'verl.utils.profiler.config.TorchMemoryToolConfig',
[36m(TaskRunnerV1 pid=8235)[0m                                                           'stack_depth': 32,
[36m(TaskRunnerV1 pid=8235)[0m                                                           'trace_alloc_max_entries': 100000}}},
[36m(TaskRunnerV1 pid=8235)[0m             'rollout_n': 16,
[36m(TaskRunnerV1 pid=8235)[0m             'shuffle': False,
[36m(TaskRunnerV1 pid=8235)[0m             'strategy': 'fsdp',
[36m(TaskRunnerV1 pid=8235)[0m             'ulysses_sequence_parallel_size': 1,
[36m(TaskRunnerV1 pid=8235)[0m             'use_dynamic_bsz': False},
[36m(TaskRunnerV1 pid=8235)[0m  'custom_reward_function': {'name': None, 'path': None},
[36m(TaskRunnerV1 pid=8235)[0m  'data': {'apply_chat_template_kwargs': {},
[36m(TaskRunnerV1 pid=8235)[0m           'audio_key': 'audios',
[36m(TaskRunnerV1 pid=8235)[0m           'continuous_token': {'enable': False, 'model_family': 'auto'},
[36m(TaskRunnerV1 pid=8235)[0m           'custom_cls': {'name': None, 'path': None},
[36m(TaskRunnerV1 pid=8235)[0m           'dataloader_num_workers': 8,
[36m(TaskRunnerV1 pid=8235)[0m           'filter_overlong_prompts': False,
[36m(TaskRunnerV1 pid=8235)[0m           'filter_overlong_prompts_workers': 1,
[36m(TaskRunnerV1 pid=8235)[0m           'function_tool_path': None,
[36m(TaskRunnerV1 pid=8235)[0m           'image_key': 'images',
[36m(TaskRunnerV1 pid=8235)[0m           'image_patch_size': 14,
[36m(TaskRunnerV1 pid=8235)[0m           'max_prompt_length': 5000,
[36m(TaskRunnerV1 pid=8235)[0m           'max_response_length': 4000,
[36m(TaskRunnerV1 pid=8235)[0m           'mm_processor_kwargs': {},
[36m(TaskRunnerV1 pid=8235)[0m           'prompt_key': 'prompt',
[36m(TaskRunnerV1 pid=8235)[0m           'return_full_prompt': False,
[36m(TaskRunnerV1 pid=8235)[0m           'return_multi_modal_inputs': True,
[36m(TaskRunnerV1 pid=8235)[0m           'return_raw_chat': True,
[36m(TaskRunnerV1 pid=8235)[0m           'return_raw_input_ids': False,
[36m(TaskRunnerV1 pid=8235)[0m           'reward_fn_key': 'data_source',
[36m(TaskRunnerV1 pid=8235)[0m           'seed': None,
[36m(TaskRunnerV1 pid=8235)[0m           'shuffle': True,
[36m(TaskRunnerV1 pid=8235)[0m           'tokenizer': None,
[36m(TaskRunnerV1 pid=8235)[0m           'tool_config_path': None,
[36m(TaskRunnerV1 pid=8235)[0m           'train_batch_size': 128,
[36m(TaskRunnerV1 pid=8235)[0m           'train_files': 'IF-RL-train.parquet',
[36m(TaskRunnerV1 pid=8235)[0m           'train_max_samples': -1,
[36m(TaskRunnerV1 pid=8235)[0m           'truncation': 'error',
[36m(TaskRunnerV1 pid=8235)[0m           'trust_remote_code': False,
[36m(TaskRunnerV1 pid=8235)[0m           'use_shm': False,
[36m(TaskRunnerV1 pid=8235)[0m           'val_batch_size': None,
[36m(TaskRunnerV1 pid=8235)[0m           'val_files': 'IF-RL-test.parquet',
[36m(TaskRunnerV1 pid=8235)[0m           'val_max_samples': -1,
[36m(TaskRunnerV1 pid=8235)[0m           'validation_shuffle': False,
[36m(TaskRunnerV1 pid=8235)[0m           'video_key': 'videos'},
[36m(TaskRunnerV1 pid=8235)[0m  'distillation': {'_target_': 'verl.workers.config.DistillationConfig',
[36m(TaskRunnerV1 pid=8235)[0m                   'distillation_loss': {'_target_': 'verl.workers.config.DistillationLossConfig',
[36m(TaskRunnerV1 pid=8235)[0m                                         'clip_ratio': 0.2,
[36m(TaskRunnerV1 pid=8235)[0m                                         'clip_ratio_high': 0.2,
[36m(TaskRunnerV1 pid=8235)[0m                                         'clip_ratio_low': 0.2,
[36m(TaskRunnerV1 pid=8235)[0m                                         'distillation_loss_coef': 1.0,
[36m(TaskRunnerV1 pid=8235)[0m                                         'log_prob_min_clamp': None,
[36m(TaskRunnerV1 pid=8235)[0m                                         'loss_max_clamp': None,
[36m(TaskRunnerV1 pid=8235)[0m                                         'loss_mode': 'k3',
[36m(TaskRunnerV1 pid=8235)[0m                                         'policy_loss_mode': 'vanilla',
[36m(TaskRunnerV1 pid=8235)[0m                                         'topk': 32,
[36m(TaskRunnerV1 pid=8235)[0m                                         'use_policy_gradient': False,
[36m(TaskRunnerV1 pid=8235)[0m                                         'use_task_rewards': True},
[36m(TaskRunnerV1 pid=8235)[0m                   'enabled': False,
[36m(TaskRunnerV1 pid=8235)[0m                   'n_gpus_per_node': 8,
[36m(TaskRunnerV1 pid=8235)[0m                   'nnodes': 0,
[36m(TaskRunnerV1 pid=8235)[0m                   'teacher_key': 'data_source',
[36m(TaskRunnerV1 pid=8235)[0m                   'teacher_models': {'teacher_model': {'_target_': 'verl.workers.config.DistillationTeacherModelConfig',
[36m(TaskRunnerV1 pid=8235)[0m                                                        'inference': {'_target_': 'verl.workers.config.RolloutConfig',
[36m(TaskRunnerV1 pid=8235)[0m                                                                      'cudagraph_capture_sizes': None,
[36m(TaskRunnerV1 pid=8235)[0m                                                                      'data_parallel_size': 1,
[36m(TaskRunnerV1 pid=8235)[0m                                                                      'disable_log_stats': True,
[36m(TaskRunnerV1 pid=8235)[0m                                                                      'dtype': 'bfloat16',
[36m(TaskRunnerV1 pid=8235)[0m                                                                      'enable_chunked_prefill': True,
[36m(TaskRunnerV1 pid=8235)[0m                                                                      'enable_prefix_caching': True,
[36m(TaskRunnerV1 pid=8235)[0m                                                                      'enforce_eager': True,
[36m(TaskRunnerV1 pid=8235)[0m                                                                      'engine_kwargs': {},
[36m(TaskRunnerV1 pid=8235)[0m                                                                      'expert_parallel_size': 1,
[36m(TaskRunnerV1 pid=8235)[0m                                                                      'free_cache_engine': True,
[36m(TaskRunnerV1 pid=8235)[0m                                                                      'gpu_memory_utilization': 0.5,
[36m(TaskRunnerV1 pid=8235)[0m                                                                      'limit_images': None,
[36m(TaskRunnerV1 pid=8235)[0m                                                                      'load_format': 'auto',
[36m(TaskRunnerV1 pid=8235)[0m                                                                      'max_model_len': None,
[36m(TaskRunnerV1 pid=8235)[0m                                                                      'max_num_batched_tokens': 8192,
[36m(TaskRunnerV1 pid=8235)[0m                                                                      'max_num_seqs': 1024,
[36m(TaskRunnerV1 pid=8235)[0m                                                                      'name': 'vllm',
[36m(TaskRunnerV1 pid=8235)[0m                                                                      'prompt_length': 5000,
[36m(TaskRunnerV1 pid=8235)[0m                                                                      'response_length': 4000,
[36m(TaskRunnerV1 pid=8235)[0m                                                                      'skip_tokenizer_init': True,
[36m(TaskRunnerV1 pid=8235)[0m                                                                      'temperature': 1.0,
[36m(TaskRunnerV1 pid=8235)[0m                                                                      'tensor_model_parallel_size': 2},
[36m(TaskRunnerV1 pid=8235)[0m                                                        'key': None,
[36m(TaskRunnerV1 pid=8235)[0m                                                        'model_path': None,
[36m(TaskRunnerV1 pid=8235)[0m                                                        'num_replicas': 0}}},
[36m(TaskRunnerV1 pid=8235)[0m  'global_profiler': {'_target_': 'verl.utils.profiler.ProfilerConfig',
[36m(TaskRunnerV1 pid=8235)[0m                      'global_tool_config': {'nsys': {'_target_': 'verl.utils.profiler.config.NsightToolConfig',
[36m(TaskRunnerV1 pid=8235)[0m                                                      'controller_nsight_options': {'cuda-graph-trace': 'graph',
[36m(TaskRunnerV1 pid=8235)[0m                                                                                    'cuda-memory-usage': 'true',
[36m(TaskRunnerV1 pid=8235)[0m                                                                                    'trace': 'cuda,nvtx,cublas,ucx'},
[36m(TaskRunnerV1 pid=8235)[0m                                                      'discrete': False,
[36m(TaskRunnerV1 pid=8235)[0m                                                      'worker_nsight_options': {'capture-range': 'cudaProfilerApi',
[36m(TaskRunnerV1 pid=8235)[0m                                                                                'capture-range-end': None,
[36m(TaskRunnerV1 pid=8235)[0m                                                                                'cuda-graph-trace': 'graph',
[36m(TaskRunnerV1 pid=8235)[0m                                                                                'cuda-memory-usage': 'true',
[36m(TaskRunnerV1 pid=8235)[0m                                                                                'kill': 'none',
[36m(TaskRunnerV1 pid=8235)[0m                                                                                'trace': 'cuda,nvtx,cublas,ucx'}},
[36m(TaskRunnerV1 pid=8235)[0m                                             'precision_debugger': {'_target_': 'verl.utils.profiler.config.PrecisionDebuggerToolConfig',
[36m(TaskRunnerV1 pid=8235)[0m                                                                    'config_path': None,
[36m(TaskRunnerV1 pid=8235)[0m                                                                    'stages': None,
[36m(TaskRunnerV1 pid=8235)[0m                                                                    'steps': None,
[36m(TaskRunnerV1 pid=8235)[0m                                                                    'strict': False},
[36m(TaskRunnerV1 pid=8235)[0m                                             'torch_memory': {'context': 'all',
[36m(TaskRunnerV1 pid=8235)[0m                                                              'kw_args': {},
[36m(TaskRunnerV1 pid=8235)[0m                                                              'stack_depth': 32,
[36m(TaskRunnerV1 pid=8235)[0m                                                              'stacks': 'all',
[36m(TaskRunnerV1 pid=8235)[0m                                                              'trace_alloc_max_entries': 100000}},
[36m(TaskRunnerV1 pid=8235)[0m                      'profile_continuous_steps': False,
[36m(TaskRunnerV1 pid=8235)[0m                      'save_path': 'outputs/profile',
[36m(TaskRunnerV1 pid=8235)[0m                      'steps': None,
[36m(TaskRunnerV1 pid=8235)[0m                      'tool': None},
[36m(TaskRunnerV1 pid=8235)[0m  'model_engine': 'dp',
[36m(TaskRunnerV1 pid=8235)[0m  'ray_kwargs': {'ray_init': {'num_cpus': None}, 'timeline_json_file': None},
[36m(TaskRunnerV1 pid=8235)[0m  'reward': {'_target_': 'verl.workers.config.RewardConfig',
[36m(TaskRunnerV1 pid=8235)[0m             'custom_reward_function': {'name': 'if_reward_fn',
[36m(TaskRunnerV1 pid=8235)[0m                                        'path': '/project/scratch/p201382/erisa/Internship/Cascade2/verl-version/reward.py'},
[36m(TaskRunnerV1 pid=8235)[0m             'num_workers': 8,
[36m(TaskRunnerV1 pid=8235)[0m             'reward_kwargs': {'max_resp_len': 4000,
[36m(TaskRunnerV1 pid=8235)[0m                               'overlong_buffer_cfg': {'enable': True,
[36m(TaskRunnerV1 pid=8235)[0m                                                       'len': 512,
[36m(TaskRunnerV1 pid=8235)[0m                                                       'log': True,
[36m(TaskRunnerV1 pid=8235)[0m                                                       'penalty_factor': 1.0}},
[36m(TaskRunnerV1 pid=8235)[0m             'reward_manager': {'_target_': 'verl.workers.config.reward.RewardManagerConfig',
[36m(TaskRunnerV1 pid=8235)[0m                                'module': {'_target_': 'verl.trainer.config.config.ModuleConfig',
[36m(TaskRunnerV1 pid=8235)[0m                                           'name': 'custom_reward_manager',
[36m(TaskRunnerV1 pid=8235)[0m                                           'path': None},
[36m(TaskRunnerV1 pid=8235)[0m                                'name': 'dapo',
[36m(TaskRunnerV1 pid=8235)[0m                                'source': 'register'},
[36m(TaskRunnerV1 pid=8235)[0m             'reward_model': {'_target_': 'verl.workers.config.RewardModelConfig',
[36m(TaskRunnerV1 pid=8235)[0m                              'enable': False,
[36m(TaskRunnerV1 pid=8235)[0m                              'enable_resource_pool': False,
[36m(TaskRunnerV1 pid=8235)[0m                              'model_path': None,
[36m(TaskRunnerV1 pid=8235)[0m                              'n_gpus_per_node': 8,
[36m(TaskRunnerV1 pid=8235)[0m                              'nnodes': 0,
[36m(TaskRunnerV1 pid=8235)[0m                              'rollout': {'_target_': 'verl.workers.config.RolloutConfig',
[36m(TaskRunnerV1 pid=8235)[0m                                          'cudagraph_capture_sizes': None,
[36m(TaskRunnerV1 pid=8235)[0m                                          'data_parallel_size': 1,
[36m(TaskRunnerV1 pid=8235)[0m                                          'disable_log_stats': True,
[36m(TaskRunnerV1 pid=8235)[0m                                          'disaggregation': {'bootstrap_port': None,
[36m(TaskRunnerV1 pid=8235)[0m                                                             'decode_replicas': 1,
[36m(TaskRunnerV1 pid=8235)[0m                                                             'decode_tensor_model_parallel_size': None,
[36m(TaskRunnerV1 pid=8235)[0m                                                             'enabled': False,
[36m(TaskRunnerV1 pid=8235)[0m                                                             'ib_device': None,
[36m(TaskRunnerV1 pid=8235)[0m                                                             'prefill_replicas': 1,
[36m(TaskRunnerV1 pid=8235)[0m                                                             'transfer_backend': 'nixl'},
[36m(TaskRunnerV1 pid=8235)[0m                                          'do_sample': True,
[36m(TaskRunnerV1 pid=8235)[0m                                          'dtype': 'bfloat16',
[36m(TaskRunnerV1 pid=8235)[0m                                          'enable_chunked_prefill': True,
[36m(TaskRunnerV1 pid=8235)[0m                                          'enable_prefix_caching': True,
[36m(TaskRunnerV1 pid=8235)[0m                                          'enforce_eager': True,
[36m(TaskRunnerV1 pid=8235)[0m                                          'engine_kwargs': {},
[36m(TaskRunnerV1 pid=8235)[0m                                          'expert_parallel_size': 1,
[36m(TaskRunnerV1 pid=8235)[0m                                          'free_cache_engine': True,
[36m(TaskRunnerV1 pid=8235)[0m                                          'full_determinism': False,
[36m(TaskRunnerV1 pid=8235)[0m                                          'gpu_memory_utilization': 0.5,
[36m(TaskRunnerV1 pid=8235)[0m                                          'ignore_eos': False,
[36m(TaskRunnerV1 pid=8235)[0m                                          'layered_summon': False,
[36m(TaskRunnerV1 pid=8235)[0m                                          'limit_images': None,
[36m(TaskRunnerV1 pid=8235)[0m                                          'load_format': 'auto',
[36m(TaskRunnerV1 pid=8235)[0m                                          'max_model_len': None,
[36m(TaskRunnerV1 pid=8235)[0m                                          'max_num_batched_tokens': 8192,
[36m(TaskRunnerV1 pid=8235)[0m                                          'max_num_seqs': 1024,
[36m(TaskRunnerV1 pid=8235)[0m                                          'mtp': None,
[36m(TaskRunnerV1 pid=8235)[0m                                          'multi_stage_wake_up': False,
[36m(TaskRunnerV1 pid=8235)[0m                                          'n': 1,
[36m(TaskRunnerV1 pid=8235)[0m                                          'name': '???',
[36m(TaskRunnerV1 pid=8235)[0m                                          'pipeline_model_parallel_size': 1,
[36m(TaskRunnerV1 pid=8235)[0m                                          'prompt_length': 2048,
[36m(TaskRunnerV1 pid=8235)[0m                                          'quantization': None,
[36m(TaskRunnerV1 pid=8235)[0m                                          'quantization_config_file': None,
[36m(TaskRunnerV1 pid=8235)[0m                                          'response_length': 2048,
[36m(TaskRunnerV1 pid=8235)[0m                                          'scheduling_policy': 'fcfs',
[36m(TaskRunnerV1 pid=8235)[0m                                          'seed': 42,
[36m(TaskRunnerV1 pid=8235)[0m                                          'skip_tokenizer_init': False,
[36m(TaskRunnerV1 pid=8235)[0m                                          'temperature': 1.0,
[36m(TaskRunnerV1 pid=8235)[0m                                          'tensor_model_parallel_size': 2,
[36m(TaskRunnerV1 pid=8235)[0m                                          'top_k': -1,
[36m(TaskRunnerV1 pid=8235)[0m                                          'top_p': 1}},
[36m(TaskRunnerV1 pid=8235)[0m             'sandbox_fusion': {'_target_': 'verl.workers.config.SandboxFusionConfig',
[36m(TaskRunnerV1 pid=8235)[0m                                'max_concurrent': 64,
[36m(TaskRunnerV1 pid=8235)[0m                                'memory_limit_mb': 1024,
[36m(TaskRunnerV1 pid=8235)[0m                                'url': None}},
[36m(TaskRunnerV1 pid=8235)[0m  'reward_model': {'enable': None,
[36m(TaskRunnerV1 pid=8235)[0m                   'enable_resource_pool': None,
[36m(TaskRunnerV1 pid=8235)[0m                   'model': {'external_lib': None,
[36m(TaskRunnerV1 pid=8235)[0m                             'path': None,
[36m(TaskRunnerV1 pid=8235)[0m                             'trust_remote_code': None},
[36m(TaskRunnerV1 pid=8235)[0m                   'n_gpus_per_node': None,
[36m(TaskRunnerV1 pid=8235)[0m                   'nnodes': None,
[36m(TaskRunnerV1 pid=8235)[0m                   'num_workers': None,
[36m(TaskRunnerV1 pid=8235)[0m                   'reward_loop_class_name': None,
[36m(TaskRunnerV1 pid=8235)[0m                   'reward_loop_module_path': None,
[36m(TaskRunnerV1 pid=8235)[0m                   'reward_loop_source': None,
[36m(TaskRunnerV1 pid=8235)[0m                   'reward_manager': None,
[36m(TaskRunnerV1 pid=8235)[0m                   'rollout': {'cudagraph_capture_sizes': None,
[36m(TaskRunnerV1 pid=8235)[0m                               'data_parallel_size': None,
[36m(TaskRunnerV1 pid=8235)[0m                               'disable_log_stats': None,
[36m(TaskRunnerV1 pid=8235)[0m                               'dtype': None,
[36m(TaskRunnerV1 pid=8235)[0m                               'enable_chunked_prefill': None,
[36m(TaskRunnerV1 pid=8235)[0m                               'enable_prefix_caching': None,
[36m(TaskRunnerV1 pid=8235)[0m                               'enforce_eager': None,
[36m(TaskRunnerV1 pid=8235)[0m                               'engine_kwargs': None,
[36m(TaskRunnerV1 pid=8235)[0m                               'expert_parallel_size': None,
[36m(TaskRunnerV1 pid=8235)[0m                               'free_cache_engine': None,
[36m(TaskRunnerV1 pid=8235)[0m                               'gpu_memory_utilization': None,
[36m(TaskRunnerV1 pid=8235)[0m                               'limit_images': None,
[36m(TaskRunnerV1 pid=8235)[0m                               'load_format': None,
[36m(TaskRunnerV1 pid=8235)[0m                               'max_model_len': None,
[36m(TaskRunnerV1 pid=8235)[0m                               'max_num_batched_tokens': None,
[36m(TaskRunnerV1 pid=8235)[0m                               'max_num_seqs': None,
[36m(TaskRunnerV1 pid=8235)[0m                               'name': None,
[36m(TaskRunnerV1 pid=8235)[0m                               'prompt_length': None,
[36m(TaskRunnerV1 pid=8235)[0m                               'response_length': None,
[36m(TaskRunnerV1 pid=8235)[0m                               'skip_tokenizer_init': None,
[36m(TaskRunnerV1 pid=8235)[0m                               'tensor_model_parallel_size': None}},
[36m(TaskRunnerV1 pid=8235)[0m  'sandbox_fusion': {'max_concurrent': None,
[36m(TaskRunnerV1 pid=8235)[0m                     'memory_limit_mb': None,
[36m(TaskRunnerV1 pid=8235)[0m                     'url': None},
[36m(TaskRunnerV1 pid=8235)[0m  'skip': {'_target_': 'verl.utils.skip.SkipManagerConfig',
[36m(TaskRunnerV1 pid=8235)[0m           'async_rollout': {'action': 'cache',
[36m(TaskRunnerV1 pid=8235)[0m                             'dump_dir': '~/.verl/rollout_dump',
[36m(TaskRunnerV1 pid=8235)[0m                             'enable': False,
[36m(TaskRunnerV1 pid=8235)[0m                             'steps': []},
[36m(TaskRunnerV1 pid=8235)[0m           'rollout': {'action': 'cache',
[36m(TaskRunnerV1 pid=8235)[0m                       'dump_dir': '~/.verl/rollout_dump',
[36m(TaskRunnerV1 pid=8235)[0m                       'enable': False,
[36m(TaskRunnerV1 pid=8235)[0m                       'steps': []}},
[36m(TaskRunnerV1 pid=8235)[0m  'trainer': {'balance_batch': True,
[36m(TaskRunnerV1 pid=8235)[0m              'critic_warmup': 0,
[36m(TaskRunnerV1 pid=8235)[0m              'default_hdfs_dir': None,
[36m(TaskRunnerV1 pid=8235)[0m              'default_local_dir': '/project/home/p201382/erisa/IF_RL/if_rl_verl_binary_checkpoints',
[36m(TaskRunnerV1 pid=8235)[0m              'del_local_ckpt_after_load': False,
[36m(TaskRunnerV1 pid=8235)[0m              'device': 'cuda',
[36m(TaskRunnerV1 pid=8235)[0m              'esi_redundant_time': 0,
[36m(TaskRunnerV1 pid=8235)[0m              'experiment_name': 'if_rl_verl_binary',
[36m(TaskRunnerV1 pid=8235)[0m              'log_val_generations': 0,
[36m(TaskRunnerV1 pid=8235)[0m              'logger': ['wandb'],
[36m(TaskRunnerV1 pid=8235)[0m              'max_actor_ckpt_to_keep': None,
[36m(TaskRunnerV1 pid=8235)[0m              'max_critic_ckpt_to_keep': None,
[36m(TaskRunnerV1 pid=8235)[0m              'n_gpus_per_node': 4,
[36m(TaskRunnerV1 pid=8235)[0m              'nnodes': 1,
[36m(TaskRunnerV1 pid=8235)[0m /mnt/tier1/project/p201382/erisa/Internship/Cascade2/verl-version/verl/verl/trainer/ppo/v1/trainer_base.py:113: UserWarning: Disabled critic as algorithm.adv_estimator != gae. If it is not intended, please set critic.enable=True
[36m(TaskRunnerV1 pid=8235)[0m   self.use_critic = need_critic(self.config)
[36m(TaskRunnerV1 pid=8235)[0m INFO:2026-07-08 12:18:15,817:train and validate dataloader initialized, train dataset size: 42849, val dataset size: 2256
[36m(TaskRunnerV1 pid=8235)[0m INFO:2026-07-08 12:18:15,817:Total training steps: 180
[36m(TaskRunnerV1 pid=8235)[0m /mnt/tier1/project/p201382/erisa/Internship/Cascade2/verl-version/verl/verl/trainer/ppo/v1/trainer_base.py:596: UserWarning: Disabled critic as algorithm.adv_estimator != gae. If it is not intended, please set critic.enable=True
[36m(TaskRunnerV1 pid=8235)[0m   if need_critic(config):
[36m(TaskRunnerV1 pid=8235)[0m INFO:2026-07-08 12:18:15,824:worker group kwargs: {'device_name': 'cuda'}
[36m(TaskRunnerV1 pid=8235)[0m INFO:2026-07-08 12:18:23,706:create worker group dict_keys(['actor_rollout'])
[36m(WorkerDict pid=10580)[0m /mnt/tier1/project/p201382/erisa/Internship/Cascade2/verl-version/verl/verl/workers/engine/mindspeed/transformer_impl.py:24: UserWarning: NPU not support router replay for now.
[36m(WorkerDict pid=10580)[0m   from verl.utils.megatron.router_replay_patch import RouterReplay
[36m(WorkerDict pid=10580)[0m Loading weights:   0%|          | 0/338 [00:00<?, ?it/s]
[36m(WorkerDict pid=10580)[0m Loading weights: 100%|██████████| 338/338 [00:00<00:00, 3846.58it/s]
[36m(WorkerDict pid=10578)[0m /mnt/tier1/project/p201382/erisa/Internship/Cascade2/verl-version/verl/verl/workers/engine/fsdp/transformer_impl.py:464: FutureWarning: FSDP.state_dict_type() and FSDP.set_state_dict_type() are being deprecated. Please use APIs, get_state_dict() and set_state_dict(), which can support different parallelisms, FSDP1, FSDP2, DDP. API doc: https://pytorch.org/docs/stable/distributed.checkpoint.html#torch.distributed.checkpoint.state_dict.get_state_dict .Tutorial: https://pytorch.org/tutorials/recipes/distributed_checkpoint_recipe.html .
[36m(WorkerDict pid=10578)[0m   FSDP.set_state_dict_type(
[36m(WorkerDict pid=10578)[0m /mnt/tier1/project/p201382/erisa/Internship/Cascade2/verl-version/verl/verl/workers/engine/mindspeed/transformer_impl.py:24: UserWarning: NPU not support router replay for now.[32m [repeated 3x across cluster] (Ray deduplicates logs by default. Set RAY_DEDUP_LOGS=0 to disable log deduplication, or see https://docs.ray.io/en/master/ray-observability/user-guides/configure-logging.html#log-deduplication for more options.)[0m
[36m(WorkerDict pid=10578)[0m   from verl.utils.megatron.router_replay_patch import RouterReplay[32m [repeated 3x across cluster][0m
[36m(WorkerDict pid=10578)[0m Loading weights:   0%|          | 0/338 [00:00<?, ?it/s][32m [repeated 3x across cluster][0m
[36m(WorkerDict pid=10578)[0m Loading weights: 100%|██████████| 338/338 [00:00<00:00, 3744.39it/s][32m [repeated 3x across cluster][0m
[36m(TaskRunnerV1 pid=8235)[0m INFO:2026-07-08 12:19:32,154:actor and ref model engine initialized
[36m(WorkerDict pid=10579)[0m /mnt/tier1/project/p201382/erisa/Internship/Cascade2/verl-version/verl/verl/workers/engine/fsdp/transformer_impl.py:464: FutureWarning: FSDP.state_dict_type() and FSDP.set_state_dict_type() are being deprecated. Please use APIs, get_state_dict() and set_state_dict(), which can support different parallelisms, FSDP1, FSDP2, DDP. API doc: https://pytorch.org/docs/stable/distributed.checkpoint.html#torch.distributed.checkpoint.state_dict.get_state_dict .Tutorial: https://pytorch.org/tutorials/recipes/distributed_checkpoint_recipe.html .[32m [repeated 3x across cluster][0m
[36m(WorkerDict pid=10579)[0m   FSDP.set_state_dict_type([32m [repeated 3x across cluster][0m
[36m(TaskRunnerV1 pid=8235)[0m INFO:2026-07-08 12:19:32,362:reward loop manager initialized
[36m(vLLMHttpServer pid=11958)[0m (Worker pid=14286) <frozen importlib._bootstrap_external>:1297: FutureWarning: The cuda.cudart module is deprecated and will be removed in a future release, please switch to use the cuda.bindings.runtime module instead.
[36m(vLLMHttpServer pid=11958)[0m (Worker pid=14286) <frozen importlib._bootstrap_external>:1297: FutureWarning: The cuda.nvrtc module is deprecated and will be removed in a future release, please switch to use the cuda.bindings.nvrtc module instead.
[36m(vLLMHttpServer pid=11957)[0m (Worker pid=14288) Capturing CUDA graphs (mixed prefill-decode, PIECEWISE):   0%|          | 0/51 [00:00<?, ?it/s]
[36m(vLLMHttpServer pid=11957)[0m (Worker pid=14288) <frozen importlib._bootstrap_external>:1297: FutureWarning: The cuda.cudart module is deprecated and will be removed in a future release, please switch to use the cuda.bindings.runtime module instead.[32m [repeated 3x across cluster][0m
[36m(vLLMHttpServer pid=11957)[0m (Worker pid=14288) <frozen importlib._bootstrap_external>:1297: FutureWarning: The cuda.nvrtc module is deprecated and will be removed in a future release, please switch to use the cuda.bindings.nvrtc module instead.[32m [repeated 3x across cluster][0m
[36m(vLLMHttpServer pid=11957)[0m Capturing CUDA graphs (mixed prefill-decode, PIECEWISE):   6%|▌         | 3/51 [00:00<00:01, 27.77it/s]
[36m(vLLMHttpServer pid=11957)[0m Capturing CUDA graphs (mixed prefill-decode, PIECEWISE):  92%|█████████▏| 47/51 [00:01<00:00, 34.54it/s]
[36m(vLLMHttpServer pid=11957)[0m Capturing CUDA graphs (mixed prefill-decode, PIECEWISE): 100%|██████████| 51/51 [00:01<00:00, 31.52it/s]Capturing CUDA graphs (mixed prefill-decode, PIECEWISE): 100%|██████████| 51/51 [00:01<00:00, 33.99it/s]
[36m(vLLMHttpServer pid=11957)[0m (Worker pid=14288) Capturing CUDA graphs (decode, FULL):   0%|          | 0/51 [00:00<?, ?it/s]
[36m(vLLMHttpServer pid=11957)[0m Capturing CUDA graphs (decode, FULL):   8%|▊         | 4/51 [00:00<00:01, 37.07it/s]
[36m(vLLMHttpServer pid=11957)[0m Capturing CUDA graphs (decode, FULL):  16%|█▌        | 8/51 [00:00<00:01, 37.44it/s]
[36m(vLLMHttpServer pid=11957)[0m Capturing CUDA graphs (decode, FULL):  94%|█████████▍| 48/51 [00:01<00:00, 37.98it/s]
[36m(vLLMHttpServer pid=11957)[0m Capturing CUDA graphs (decode, FULL): 100%|██████████| 51/51 [00:01<00:00, 36.96it/s]
[36m(vLLMHttpServer pid=11958)[0m Capturing CUDA graphs (decode, FULL): 100%|██████████| 51/51 [00:02<00:00, 22.64it/s]Capturing CUDA graphs (decode, FULL): 100%|██████████| 51/51 [00:02<00:00, 21.79it/s]
[36m(vLLMHttpServer pid=11959)[0m (Worker pid=14285) Capturing CUDA graphs (mixed prefill-decode, PIECEWISE):   0%|          | 0/51 [00:00<?, ?it/s][32m [repeated 3x across cluster][0m
[36m(TaskRunnerV1 pid=8235)[0m              'project_name': 'if_rl_verl_binary',
[36m(TaskRunnerV1 pid=8235)[0m              'ray_wait_register_center_timeout': 300,
[36m(TaskRunnerV1 pid=8235)[0m              'resume_from_path': None,
[36m(TaskRunnerV1 pid=8235)[0m              'resume_mode': 'auto',
[36m(TaskRunnerV1 pid=8235)[0m              'rollout_data_dir': None,
[36m(TaskRunnerV1 pid=8235)[0m              'save_freq': 10,
[36m(TaskRunnerV1 pid=8235)[0m              'test_freq': 10,
[36m(TaskRunnerV1 pid=8235)[0m              'total_epochs': 30,
[36m(TaskRunnerV1 pid=8235)[0m              'total_training_steps': 180,
[36m(TaskRunnerV1 pid=8235)[0m              'use_v1': True,
[36m(TaskRunnerV1 pid=8235)[0m              'v1': {'colocate_async': {'num_warmup_batches': 1},
[36m(TaskRunnerV1 pid=8235)[0m                     'sampler': {'custom_sampler': {'name': None, 'path': None},
[36m(TaskRunnerV1 pid=8235)[0m                                 'max_off_policy_strategy': 'drop',
[36m(TaskRunnerV1 pid=8235)[0m                                 'max_off_policy_threshold': 8,
[36m(TaskRunnerV1 pid=8235)[0m                                 'sampler_kwargs': {}},
[36m(TaskRunnerV1 pid=8235)[0m                     'separate_async': {'num_warmup_batches': 4,
[36m(TaskRunnerV1 pid=8235)[0m                                        'parameter_sync_step': 4},
[36m(TaskRunnerV1 pid=8235)[0m                     'sync': {},
[36m(TaskRunnerV1 pid=8235)[0m                     'trainer_mode': 'sync'},
[36m(TaskRunnerV1 pid=8235)[0m              'val_before_train': True,
[36m(TaskRunnerV1 pid=8235)[0m              'val_only': False,
[36m(TaskRunnerV1 pid=8235)[0m              'validation_data_dir': None},
[36m(TaskRunnerV1 pid=8235)[0m  'transfer_queue': {'backend': {'MooncakeStore': {'auto_init': False,
[36m(TaskRunnerV1 pid=8235)[0m                                                   'device_name': '',
[36m(TaskRunnerV1 pid=8235)[0m                                                   'global_segment_size': 4294967296,
[36m(TaskRunnerV1 pid=8235)[0m                                                   'local_buffer_size': 1073741824,
[36m(TaskRunnerV1 pid=8235)[0m                                                   'local_hostname': 'localhost',
[36m(TaskRunnerV1 pid=8235)[0m                                                   'master_server_address': 'localhost:50124',
[36m(TaskRunnerV1 pid=8235)[0m                                                   'metadata_server': 'localhost:50123',
[36m(TaskRunnerV1 pid=8235)[0m                                                   'protocol': 'tcp'},
[36m(TaskRunnerV1 pid=8235)[0m                                 'SimpleStorage': {'num_data_storage_units': 8,
[36m(TaskRunnerV1 pid=8235)[0m                                                   'total_storage_size': 100000},
[36m(TaskRunnerV1 pid=8235)[0m                                 'storage_backend': 'SimpleStorage'},
[36m(TaskRunnerV1 pid=8235)[0m                     'enable': True,
[36m(TaskRunnerV1 pid=8235)[0m                     'metrics': {'enabled': False, 'port': 0}}}
[36m(TaskRunnerV1 pid=8235)[0m Using dataset class: RLHFDataset
[36m(TaskRunnerV1 pid=8235)[0m dataset len: 42849
[36m(TaskRunnerV1 pid=8235)[0m Using dataset class: RLHFDataset
[36m(TaskRunnerV1 pid=8235)[0m dataset len: 2256
[36m(TaskRunnerV1 pid=8235)[0m colocated worker base class <class 'verl.single_controller.base.worker.Worker'>
[36m(WorkerDict pid=10580)[0m Monkey patch _flash_attention_forward in transformers.integrations.flash_attention
[36m(WorkerDict pid=10580)[0m Skipping monkey patch for Qwen2ForCausalLM as use_fused_kernels is False or fused_kernels_backend is torch
[36m(WorkerDict pid=10577)[0m Qwen2ForCausalLM contains 1.54B parameters
[36m(WorkerDict pid=10577)[0m Before FSDP, memory allocated (GB): 0.00, memory reserved (GB): 0.00, device memory used/total (GB): 0.41/39.49
[36m(WorkerDict pid=10577)[0m After FSDP, memory allocated (GB): 0.72, memory reserved (GB): 1.83, device memory used/total (GB): 2.91/39.49
[36m(WorkerDict pid=10577)[0m Total steps: 180, num_warmup_steps: 0
[36m(WorkerDict pid=10578)[0m Monkey patch _flash_attention_forward in transformers.integrations.flash_attention[32m [repeated 3x across cluster][0m
[36m(WorkerDict pid=10578)[0m Skipping monkey patch for Qwen2ForCausalLM as use_fused_kernels is False or fused_kernels_backend is torch[32m [repeated 3x across cluster][0m
[36m(vLLMHttpServer pid=11960)[0m ['serve',
[36m(vLLMHttpServer pid=11960)[0m  'Qwen/Qwen2.5-1.5B-Instruct',
[36m(vLLMHttpServer pid=11960)[0m  '--dtype',
[36m(vLLMHttpServer pid=11960)[0m  'bfloat16',
[36m(vLLMHttpServer pid=11960)[0m  '--load_format',
[36m(vLLMHttpServer pid=11960)[0m  'dummy',
[36m(vLLMHttpServer pid=11960)[0m  '--distributed_executor_backend',
[36m(vLLMHttpServer pid=11960)[0m  'mp',
[36m(vLLMHttpServer pid=11960)[0m  '--worker_extension_cls',
[36m(vLLMHttpServer pid=11960)[0m  'verl.workers.rollout.vllm_rollout.utils.vLLMColocateWorkerExtension',
[36m(vLLMHttpServer pid=11960)[0m  '--max_model_len',
[36m(vLLMHttpServer pid=11960)[0m  '9000',
[36m(vLLMHttpServer pid=11960)[0m  '--max_num_seqs',
[36m(vLLMHttpServer pid=11960)[0m  '1024',
[36m(vLLMHttpServer pid=11960)[0m  '--enable_chunked_prefill',
[36m(vLLMHttpServer pid=11960)[0m  '--max_num_batched_tokens',
[36m(vLLMHttpServer pid=11960)[0m  '8192',
[36m(vLLMHttpServer pid=11960)[0m  '--enable_prefix_caching',
[36m(vLLMHttpServer pid=11960)[0m  '--enable_sleep_mode',
[36m(vLLMHttpServer pid=11960)[0m  '--logprobs_mode',
[36m(vLLMHttpServer pid=11960)[0m  'processed_logprobs',
[36m(vLLMHttpServer pid=11960)[0m  '--gpu_memory_utilization',
[36m(vLLMHttpServer pid=11960)[0m  '0.7',
[36m(vLLMHttpServer pid=11960)[0m  '--disable_log_stats',
[36m(vLLMHttpServer pid=11960)[0m  '--tensor_parallel_size',
[36m(vLLMHttpServer pid=11960)[0m  '1',
[36m(vLLMHttpServer pid=11960)[0m  '--seed',
[36m(vLLMHttpServer pid=11960)[0m  '42',
[36m(vLLMHttpServer pid=11960)[0m  '--override_generation_config',
[36m(vLLMHttpServer pid=11960)[0m  '{"temperature": 1.0, "top_k": -1, "top_p": 1.0, "repetition_penalty": 1.0, '
[36m(vLLMHttpServer pid=11960)[0m  '"max_new_tokens": 4000}',
[36m(vLLMHttpServer pid=11960)[0m  '--hf_overrides',
[36m(vLLMHttpServer pid=11960)[0m  '{}',
[36m(vLLMHttpServer pid=11960)[0m  '--scheduling_policy',
[36m(vLLMHttpServer pid=11960)[0m  'fcfs',
[36m(vLLMHttpServer pid=11960)[0m  '--compilation_config',
[36m(vLLMHttpServer pid=11960)[0m  '{"cudagraph_mode": "FULL_AND_PIECEWISE"}']
[36m(vLLMHttpServer pid=11959)[0m WARNING 07-08 12:20:31 [system_utils.py:157] We must use the `spawn` multiprocessing start method. Overriding VLLM_WORKER_MULTIPROC_METHOD to 'spawn'. See https://docs.vllm.ai/en/latest/usage/troubleshooting.html#python-multiprocessing for more information. Reasons: In a Ray actor and can only be spawned; CUDA is initialized
[36m(vLLMHttpServer pid=11957)[0m WARNING 07-08 12:22:31 [api_router.py:30] LoRA dynamic loading & unloading is enabled in the API server. This should ONLY be used for local development!
[36m(vLLMHttpServer pid=11958)[0m WARNING 07-08 12:20:32 [system_utils.py:157] We must use the `spawn` multiprocessing start method. Overriding VLLM_WORKER_MULTIPROC_METHOD to 'spawn'. See https://docs.vllm.ai/en/latest/usage/troubleshooting.html#python-multiprocessing for more information. Reasons: In a Ray actor and can only be spawned; CUDA is initialized[32m [repeated 3x across cluster][0m
[36m(vLLMHttpServer pid=11957)[0m WARNING 07-08 12:22:32 [model.py:1477] Default vLLM sampling parameters have been overridden by the model's `generation_config.json`: `{'repetition_penalty': 1.0, 'temperature': 1.0, 'top_k': -1, 'top_p': 1.0, 'max_tokens': 4000}`. If this is not intended, please relaunch vLLM instance with `--generation-config vllm`.
[36m(TaskRunnerV1 pid=8235)[0m LLMServerManager: ['10.3.40.155:36137', '10.3.40.155:33797', '10.3.40.155:36357', '10.3.40.155:46463']
[36m(WorkerDict pid=10580)[0m /mnt/tier1/project/p201382/erisa/Internship/Cascade2/verl-version/verl/verl/plugin/platform/platform_cuda.py:99: FutureWarning: torch.cuda._set_allocator_settings is deprecated. Use torch._C._accelerator_setAllocatorSettings instead.
[36m(WorkerDict pid=10580)[0m   torch.cuda.memory._set_allocator_settings(settings)
[36m(vLLMHttpServer pid=11959)[0m Capturing CUDA graphs (mixed prefill-decode, PIECEWISE):  88%|████████▊ | 45/51 [00:02<00:00, 21.77it/s][32m [repeated 51x across cluster][0m
[36m(vLLMHttpServer pid=11959)[0m Capturing CUDA graphs (mixed prefill-decode, PIECEWISE):  94%|█████████▍| 48/51 [00:02<00:00, 22.01it/s][32m [repeated 4x across cluster][0m
[36m(vLLMHttpServer pid=11959)[0m Capturing CUDA graphs (mixed prefill-decode, PIECEWISE): 100%|██████████| 51/51 [00:02<00:00, 21.32it/s]Capturing CUDA graphs (mixed prefill-decode, PIECEWISE): 100%|██████████| 51/51 [00:02<00:00, 21.80it/s][32m [repeated 2x across cluster][0m
[36m(vLLMHttpServer pid=11959)[0m (Worker pid=14285) Capturing CUDA graphs (decode, FULL):   0%|          | 0/51 [00:00<?, ?it/s][32m [repeated 3x across cluster][0m
[36m(vLLMHttpServer pid=11959)[0m Capturing CUDA graphs (decode, FULL):  88%|████████▊ | 45/51 [00:02<00:00, 22.32it/s][32m [repeated 50x across cluster][0m
[36m(vLLMHttpServer pid=11959)[0m Capturing CUDA graphs (decode, FULL):  94%|█████████▍| 48/51 [00:02<00:00, 22.28it/s][32m [repeated 4x across cluster][0m
[36m(vLLMHttpServer pid=11959)[0m Capturing CUDA graphs (decode, FULL): 100%|██████████| 51/51 [00:02<00:00, 23.37it/s]Capturing CUDA graphs (decode, FULL): 100%|██████████| 51/51 [00:02<00:00, 21.75it/s]
[36m(TaskRunnerV1 pid=8235)[0m wandb: [wandb.login()] Loaded credentials for https://api.wandb.ai from /home/users/u104403/.netrc.
[36m(TaskRunnerV1 pid=8235)[0m wandb: Currently logged in as: erisa-kohansal (erisa-kohansal-sorbonne-universit-) to https://api.wandb.ai. Use `wandb login --relogin` to force relogin
[36m(WorkerDict pid=10578)[0m /mnt/tier1/project/p201382/erisa/Internship/Cascade2/verl-version/verl/verl/plugin/platform/platform_cuda.py:99: FutureWarning: torch.cuda._set_allocator_settings is deprecated. Use torch._C._accelerator_setAllocatorSettings instead.[32m [repeated 3x across cluster][0m
[36m(WorkerDict pid=10578)[0m   torch.cuda.memory._set_allocator_settings(settings)[32m [repeated 3x across cluster][0m
[36m(TaskRunnerV1 pid=8235)[0m wandb: Tracking run with wandb version 0.28.0
[36m(TaskRunnerV1 pid=8235)[0m wandb: Run data is saved locally in /mnt/tier1/project/p201382/erisa/Internship/Cascade2/verl-version/wandb/run-20260708_122242-8h8npzf2
[36m(TaskRunnerV1 pid=8235)[0m wandb: Run `wandb offline` to turn off syncing.
[36m(TaskRunnerV1 pid=8235)[0m wandb: Syncing run if_rl_verl_binary
[36m(TaskRunnerV1 pid=8235)[0m wandb: ⭐️ View project at https://wandb.ai/erisa-kohansal-sorbonne-universit-/if_rl_verl_binary
[36m(TaskRunnerV1 pid=8235)[0m wandb: 🚀 View run at https://wandb.ai/erisa-kohansal-sorbonne-universit-/if_rl_verl_binary/runs/8h8npzf2
[36m(TaskRunnerV1 pid=8235)[0m wandb: Detected [openai] in use.
[36m(TaskRunnerV1 pid=8235)[0m wandb: Use W&B Weave for improved LLM call tracing. Install Weave with `pip install weave` then add `import weave` to the top of your script.
[36m(TaskRunnerV1 pid=8235)[0m wandb: For more information, check out the docs at: https://weave-docs.wandb.ai
[36m(pid=15940)[0m /mnt/tier1/project/p201382/erisa/Internship/Cascade2/verl-version/verl/verl/workers/engine/mindspeed/transformer_impl.py:24: UserWarning: NPU not support router replay for now.
[36m(pid=15940)[0m   from verl.utils.megatron.router_replay_patch import RouterReplay
[36m(AgentLoopWorkerTQ pid=15939)[0m Using blocking ray.get inside async actor. This blocks the event loop. Please use `await` on object ref with asyncio.gather if you want to yield execution to the event loop instead.
[36m(TransferQueueController pid=9128)[0m 2026-07-08 12:23:23,468 - INFO - transfer_queue.utils.perf_utils - TQ_CONTROLLER_3eaa8a51: [Performance] Total success requests: 3, Total req/min: 0.55, Total avg process time: 0.0081s; 
[36m(TransferQueueController pid=9128)[0m Time range: last 5.49 minutes; 
[36m(TransferQueueController pid=9128)[0m Per-operation statistics: KV_RETRIEVE_META: req_count=2, req/min=0.36, avg_time=0.012112s, max_time=0.021502s, min_time=0.002721s; SET_CUSTOM_META: req_count=1, req/min=0.18, avg_time=0.000035s, max_time=0.000035s, min_time=0.000035s
[36m(SimpleStorageUnit pid=9492)[0m Per-operation statistics: PUT_DATA: req_count=1, req/min=0.19, avg_time=0.005977s, max_time=0.005977s, min_time=0.005977s
[36m(pid=15938)[0m /mnt/tier1/project/p201382/erisa/Internship/Cascade2/verl-version/verl/verl/workers/engine/mindspeed/transformer_impl.py:24: UserWarning: NPU not support router replay for now.[32m [repeated 7x across cluster][0m
[36m(pid=15938)[0m   from verl.utils.megatron.router_replay_patch import RouterReplay[32m [repeated 7x across cluster][0m
[36m(AgentLoopWorkerTQ pid=15938)[0m Using blocking ray.get inside async actor. This blocks the event loop. Please use `await` on object ref with asyncio.gather if you want to yield execution to the event loop instead.[32m [repeated 7x across cluster][0m
[36m(SimpleStorageUnit pid=9492)[0m 2026-07-08 12:23:30,509 - INFO - transfer_queue.utils.perf_utils - TQ_STORAGE_UNIT_daf3cb07: [Performance] Total success requests: 1, Total req/min: 0.19, Total avg process time: 0.0060s; 
[36m(SimpleStorageUnit pid=9492)[0m Time range: last 5.31 minutes; 
[36m(SimpleStorageUnit pid=9487)[0m 2026-07-08 12:23:30,537 - INFO - transfer_queue.utils.perf_utils - TQ_STORAGE_UNIT_966f8cc4: [Performance] Total success requests: 1, Total req/min: 0.19, Total avg process time: 0.0043s; 
[36m(SimpleStorageUnit pid=9487)[0m Time range: last 5.31 minutes; 
[36m(AgentLoopWorkerTQ pid=15939)[0m /mnt/tier1/project/p201382/erisa/Internship/Cascade2/verl-version/.venv/lib/python3.12/site-packages/pydantic/main.py:475: UserWarning: Pydantic serializer warnings:
[36m(AgentLoopWorkerTQ pid=15939)[0m   PydanticSerializationUnexpectedValue(Expected `float` - serialized value may not be as expected [field_name='reward_score', input_value=tensor(-1.), input_type=Tensor])
[36m(AgentLoopWorkerTQ pid=15939)[0m   return self.__pydantic_serializer__.to_python(
[36m(SimpleStorageUnit pid=9493)[0m Per-operation statistics: PUT_DATA: req_count=1, req/min=0.19, avg_time=0.005769s, max_time=0.005769s, min_time=0.005769s[32m [repeated 7x across cluster][0m
[36m(SimpleStorageUnit pid=9493)[0m 2026-07-08 12:23:30,605 - INFO - transfer_queue.utils.perf_utils - TQ_STORAGE_UNIT_c67b05a2: [Performance] Total success requests: 1, Total req/min: 0.19, Total avg process time: 0.0058s; [32m [repeated 6x across cluster][0m
[36m(SimpleStorageUnit pid=9493)[0m Time range: last 5.31 minutes; [32m [repeated 6x across cluster][0m
[36m(TaskRunnerV1 pid=8235)[0m Training Progress:   0%|          | 0/180 [00:00<?, ?it/s]
[36m(AgentLoopWorkerTQ pid=15938)[0m /mnt/tier1/project/p201382/erisa/Internship/Cascade2/verl-version/.venv/lib/python3.12/site-packages/pydantic/main.py:475: UserWarning: Pydantic serializer warnings:[32m [repeated 15x across cluster][0m
[36m(AgentLoopWorkerTQ pid=15938)[0m   PydanticSerializationUnexpectedValue(Expected `float` - serialized value may not be as expected [field_name='reward_score', input_value=tensor(0.), input_type=Tensor])[32m [repeated 15x across cluster][0m
[36m(AgentLoopWorkerTQ pid=15938)[0m   return self.__pydantic_serializer__.to_python([32m [repeated 15x across cluster][0m
[36m(RewardLoopWorker pid=11937)[0m ERROR:2026-07-08 12:24:20,148:Unable to detect language for text <https://quizlet.com/504707880/comptia-a+220-1101-flash-cards/> due to No features in text.
[36m(WorkerDict pid=10580)[0m Using blocking ray.get inside async actor. This blocks the event loop. Please use `await` on object ref with asyncio.gather if you want to yield execution to the event loop instead.
[36m(WorkerDict pid=10580)[0m [rank3]:W0708 12:24:44.171000 10580 .venv/lib/python3.12/site-packages/torch/fx/_symbolic_trace.py:53] is_fx_tracing will return true for both fx.symbolic_trace and torch.export. Please use is_fx_tracing_symbolic_tracing() for specifically fx.symbolic_trace or torch.compiler.is_compiling() for specifically torch.export/compile.
[36m(WorkerDict pid=10580)[0m /mnt/tier1/project/p201382/erisa/Internship/Cascade2/verl-version/.venv/lib/python3.12/site-packages/torch/_inductor/lowering.py:7836: UserWarning: 
[36m(WorkerDict pid=10580)[0m Online softmax is disabled on the fly since Inductor decides to
[36m(WorkerDict pid=10580)[0m split the reduction. Cut an issue to PyTorch if this is an
[36m(WorkerDict pid=10580)[0m important use case and you want to speed it up with online
[36m(WorkerDict pid=10580)[0m softmax.
[36m(WorkerDict pid=10580)[0m 
[36m(WorkerDict pid=10580)[0m   warnings.warn(
[36m(WorkerDict pid=10578)[0m Using blocking ray.get inside async actor. This blocks the event loop. Please use `await` on object ref with asyncio.gather if you want to yield execution to the event loop instead.[32m [repeated 3x across cluster][0m
[36m(WorkerDict pid=10578)[0m [rank1]:W0708 12:24:44.170000 10578 .venv/lib/python3.12/site-packages/torch/fx/_symbolic_trace.py:53] is_fx_tracing will return true for both fx.symbolic_trace and torch.export. Please use is_fx_tracing_symbolic_tracing() for specifically fx.symbolic_trace or torch.compiler.is_compiling() for specifically torch.export/compile.[32m [repeated 3x across cluster][0m
[36m(WorkerDict pid=10577)[0m 
[36m(WorkerDict pid=10579)[0m 
[36m(WorkerDict pid=10578)[0m 
[36m(WorkerDict pid=10580)[0m /mnt/tier1/project/p201382/erisa/Internship/Cascade2/verl-version/.venv/lib/python3.12/site-packages/torch/autograd/graph.py:869: UserWarning: The AccumulateGrad node's stream does not match the stream of the node that produced the incoming gradient. This may incur unnecessary synchronization and break CUDA graph capture if the AccumulateGrad node's stream is the default stream. This mismatch is caused by an AccumulateGrad node created prior to the current iteration being kept alive. This can happen if the autograd graph is still being kept alive by tensors such as the loss, or if you are using DDP, which will stash a reference to the node. To resolve the mismatch, delete all references to the autograd graph or ensure that DDP initialization is performed under the same stream as subsequent forwards. If the mismatch is intentional, you can use torch.autograd.graph.set_warn_on_accumulate_grad_stream_mismatch(False) to suppress this warning. (Triggered internally at /pytorch/torch/csrc/autograd/input_buffer.cpp:240.)
[36m(WorkerDict pid=10580)[0m   return Variable._execution_engine.run_backward(  # Calls into the C++ engine to run the backward pass
[36m(WorkerDict pid=10578)[0m /mnt/tier1/project/p201382/erisa/Internship/Cascade2/verl-version/.venv/lib/python3.12/site-packages/torch/_inductor/lowering.py:7836: UserWarning: [32m [repeated 3x across cluster][0m
[36m(WorkerDict pid=10578)[0m Online softmax is disabled on the fly since Inductor decides to[32m [repeated 3x across cluster][0m
[36m(WorkerDict pid=10578)[0m split the reduction. Cut an issue to PyTorch if this is an[32m [repeated 3x across cluster][0m
[36m(WorkerDict pid=10578)[0m important use case and you want to speed it up with online[32m [repeated 3x across cluster][0m
[36m(WorkerDict pid=10578)[0m softmax.[32m [repeated 3x across cluster][0m
[36m(WorkerDict pid=10578)[0m   warnings.warn([32m [repeated 3x across cluster][0m
[36m(WorkerDict pid=10580)[0m /mnt/tier1/project/p201382/erisa/Internship/Cascade2/verl-version/verl/verl/plugin/platform/platform_cuda.py:99: FutureWarning: torch.cuda._set_allocator_settings is deprecated. Use torch._C._accelerator_setAllocatorSettings instead.
[36m(WorkerDict pid=10580)[0m   torch.cuda.memory._set_allocator_settings(settings)
[36m(WorkerDict pid=10578)[0m /mnt/tier1/project/p201382/erisa/Internship/Cascade2/verl-version/.venv/lib/python3.12/site-packages/torch/autograd/graph.py:869: UserWarning: The AccumulateGrad node's stream does not match the stream of the node that produced the incoming gradient. This may incur unnecessary synchronization and break CUDA graph capture if the AccumulateGrad node's stream is the default stream. This mismatch is caused by an AccumulateGrad node created prior to the current iteration being kept alive. This can happen if the autograd graph is still being kept alive by tensors such as the loss, or if you are using DDP, which will stash a reference to the node. To resolve the mismatch, delete all references to the autograd graph or ensure that DDP initialization is performed under the same stream as subsequent forwards. If the mismatch is intentional, you can use torch.autograd.graph.set_warn_on_accumulate_grad_stream_mismatch(False) to suppress this warning. (Triggered internally at /pytorch/torch/csrc/autograd/input_buffer.cpp:240.)[32m [repeated 3x across cluster][0m
[36m(WorkerDict pid=10578)[0m   return Variable._execution_engine.run_backward(  # Calls into the C++ engine to run the backward pass[32m [repeated 3x across cluster][0m
[36m(TaskRunnerV1 pid=8235)[0m Training Progress:   1%|          | 1/180 [02:29<7:26:34, 149.69s/it]
[36m(AgentLoopWorkerTQ pid=15944)[0m /mnt/tier1/project/p201382/erisa/Internship/Cascade2/verl-version/.venv/lib/python3.12/site-packages/pydantic/main.py:475: UserWarning: Pydantic serializer warnings:
[36m(AgentLoopWorkerTQ pid=15944)[0m   PydanticSerializationUnexpectedValue(Expected `float` - serialized value may not be as expected [field_name='reward_score', input_value=tensor(-0.3262), input_type=Tensor])
[36m(AgentLoopWorkerTQ pid=15944)[0m   return self.__pydantic_serializer__.to_python(
[36m(WorkerDict pid=10578)[0m /mnt/tier1/project/p201382/erisa/Internship/Cascade2/verl-version/verl/verl/plugin/platform/platform_cuda.py:99: FutureWarning: torch.cuda._set_allocator_settings is deprecated. Use torch._C._accelerator_setAllocatorSettings instead.[32m [repeated 3x across cluster][0m
[36m(WorkerDict pid=10578)[0m   torch.cuda.memory._set_allocator_settings(settings)[32m [repeated 3x across cluster][0m
[36m(TransferQueueController pid=9128)[0m 2026-07-08 12:29:02,955 - INFO - transfer_queue.utils.perf_utils - TQ_CONTROLLER_3eaa8a51: [Performance] Total success requests: 29210, Total req/min: 5162.53, Total avg process time: 0.0002s; 
[36m(TransferQueueController pid=9128)[0m Time range: last 5.66 minutes; 
[36m(TransferQueueController pid=9128)[0m Per-operation statistics: KV_RETRIEVE_META: req_count=11398, req/min=2014.47, avg_time=0.000340s, max_time=0.098781s, min_time=0.000090s; SET_CUSTOM_META: req_count=11390, req/min=2013.05, avg_time=0.000015s, max_time=0.001308s, min_time=0.000009s; KV_LIST: req_count=51, req/min=9.01, avg_time=0.001101s, max_time=0.002321s, min_time=0.000182s; NOTIFY_DATA_UPDATE: req_count=6364, req/min=1124.76, avg_time=0.000122s, max_time=0.007570s, min_time=0.000084s; CLEAR_META: req_count=5, req/min=0.88, avg_time=0.010429s, max_time=0.014839s, min_time=0.006554s; KV_RETRIEVE_KEYS: req_count=2, req/min=0.35, avg_time=0.000575s, max_time=0.000641s, min_time=0.000509s
[36m(SimpleStorageUnit pid=9486)[0m Per-operation statistics: PUT_DATA: req_count=809, req/min=146.04, avg_time=0.008160s, max_time=0.191865s, min_time=0.002798s; CLEAR_DATA: req_count=5, req/min=0.90, avg_time=0.012365s, max_time=0.017934s, min_time=0.008923s; GET_DATA: req_count=24, req/min=4.33, avg_time=0.007582s, max_time=0.011085s, min_time=0.004091s
[36m(TaskRunnerV1 pid=8235)[0m Training Progress:   1%|          | 2/180 [04:49<7:06:51, 143.89s/it]
[36m(AgentLoopWorkerTQ pid=15944)[0m /mnt/tier1/project/p201382/erisa/Internship/Cascade2/verl-version/.venv/lib/python3.12/site-packages/pydantic/main.py:475: UserWarning: Pydantic serializer warnings:
[36m(AgentLoopWorkerTQ pid=15944)[0m   PydanticSerializationUnexpectedValue(Expected `float` - serialized value may not be as expected [field_name='reward_score', input_value=tensor(-0.7402), input_type=Tensor])
[36m(AgentLoopWorkerTQ pid=15944)[0m   return self.__pydantic_serializer__.to_python(
[36m(SimpleStorageUnit pid=9489)[0m 2026-07-08 12:29:03,015 - INFO - transfer_queue.utils.perf_utils - TQ_STORAGE_UNIT_0d563503: [Performance] Total success requests: 834, Total req/min: 150.54, Total avg process time: 0.0080s; [32m [repeated 8x across cluster][0m
[36m(SimpleStorageUnit pid=9489)[0m Time range: last 5.54 minutes; [32m [repeated 8x across cluster][0m
[36m(SimpleStorageUnit pid=9489)[0m Per-operation statistics: PUT_DATA: req_count=805, req/min=145.30, avg_time=0.008022s, max_time=0.192626s, min_time=0.002832s; CLEAR_DATA: req_count=5, req/min=0.90, avg_time=0.011821s, max_time=0.017024s, min_time=0.007676s; GET_DATA: req_count=24, req/min=4.33, avg_time=0.007763s, max_time=0.010766s, min_time=0.003085s[32m [repeated 7x across cluster][0m
[36m(TaskRunnerV1 pid=8235)[0m Training Progress:   2%|▏         | 3/180 [07:17<7:09:31, 145.60s/it]
[36m(RewardLoopWorker pid=11941)[0m ERROR:2026-07-08 12:31:32,648:Unable to detect language for text *** due to No features in text.
[36m(RewardLoopWorker pid=11942)[0m ERROR:2026-07-08 12:31:34,256:Unable to detect language for text * * * * * * * * * 
[36m(RewardLoopWorker pid=11942)[0m * * * * * * * * * due to No features in text.
[36m(RewardLoopWorker pid=11940)[0m ERROR:2026-07-08 12:31:34,907:Unable to detect language for text * * * * * 
[36m(RewardLoopWorker pid=11940)[0m * * * * * 
[36m(RewardLoopWorker pid=11940)[0m * . * * * * 
[36m(RewardLoopWorker pid=11940)[0m * * * * * 
[36m(RewardLoopWorker pid=11940)[0m * * * * * 
[36m(RewardLoopWorker pid=11940)[0m * * * * * due to No features in text.
[36m(AgentLoopWorkerTQ pid=15944)[0m /mnt/tier1/project/p201382/erisa/Internship/Cascade2/verl-version/.venv/lib/python3.12/site-packages/pydantic/main.py:475: UserWarning: Pydantic serializer warnings:
[36m(AgentLoopWorkerTQ pid=15944)[0m   PydanticSerializationUnexpectedValue(Expected `float` - serialized value may not be as expected [field_name='reward_score', input_value=tensor(-0.2910), input_type=Tensor])
[36m(AgentLoopWorkerTQ pid=15944)[0m   return self.__pydantic_serializer__.to_python(
[36m(AgentLoopWorkerTQ pid=15944)[0m /mnt/tier1/project/p201382/erisa/Internship/Cascade2/verl-version/.venv/lib/python3.12/site-packages/pydantic/main.py:475: UserWarning: Pydantic serializer warnings:
[36m(AgentLoopWorkerTQ pid=15944)[0m   PydanticSerializationUnexpectedValue(Expected `float` - serialized value may not be as expected [field_name='reward_score', input_value=tensor(-0.1484), input_type=Tensor])
[36m(AgentLoopWorkerTQ pid=15944)[0m   return self.__pydantic_serializer__.to_python(
[36m(RewardLoopWorker pid=11944)[0m ERROR:2026-07-08 12:31:32,704:Unable to detect language for text *** due to No features in text.
[36m(TaskRunnerV1 pid=8235)[0m Training Progress:   2%|▏         | 4/180 [09:47<7:12:59, 147.61s/it]
[36m(TransferQueueController pid=9128)[0m 2026-07-08 12:34:03,327 - INFO - transfer_queue.utils.perf_utils - TQ_CONTROLLER_3eaa8a51: [Performance] Total success requests: 13656, Total req/min: 2727.81, Total avg process time: 0.0002s; 
[36m(TransferQueueController pid=9128)[0m Time range: last 5.01 minutes; 
[36m(TransferQueueController pid=9128)[0m Per-operation statistics: KV_RETRIEVE_META: req_count=4759, req/min=950.62, avg_time=0.000541s, max_time=0.129595s, min_time=0.000211s; CLEAR_META: req_count=5, req/min=1.00, avg_time=0.012196s, max_time=0.015657s, min_time=0.006547s; SET_CUSTOM_META: req_count=4751, req/min=949.02, avg_time=0.000016s, max_time=0.000771s, min_time=0.000009s; KV_LIST: req_count=31, req/min=6.19, avg_time=0.000861s, max_time=0.001933s, min_time=0.000196s; NOTIFY_DATA_UPDATE: req_count=4108, req/min=820.58, avg_time=0.000127s, max_time=0.011709s, min_time=0.000086s; KV_RETRIEVE_KEYS: req_count=2, req/min=0.40, avg_time=0.000704s, max_time=0.000767s, min_time=0.000640s
[36m(SimpleStorageUnit pid=9489)[0m Per-operation statistics: CLEAR_DATA: req_count=5, req/min=1.00, avg_time=0.013520s, max_time=0.018006s, min_time=0.007459s; PUT_DATA: req_count=521, req/min=104.08, avg_time=0.007103s, max_time=0.015392s, min_time=0.002842s; GET_DATA: req_count=22, req/min=4.39, avg_time=0.007216s, max_time=0.009639s, min_time=0.004827s
[36m(AgentLoopWorkerTQ pid=15937)[0m /mnt/tier1/project/p201382/erisa/Internship/Cascade2/verl-version/.venv/lib/python3.12/site-packages/pydantic/main.py:475: UserWarning: Pydantic serializer warnings:
[36m(AgentLoopWorkerTQ pid=15937)[0m   PydanticSerializationUnexpectedValue(Expected `float` - serialized value may not be as expected [field_name='reward_score', input_value=tensor(-0.0293), input_type=Tensor])
[36m(AgentLoopWorkerTQ pid=15937)[0m   return self.__pydantic_serializer__.to_python(
[36m(SimpleStorageUnit pid=9493)[0m 2026-07-08 12:34:03,459 - INFO - transfer_queue.utils.perf_utils - TQ_STORAGE_UNIT_c67b05a2: [Performance] Total success requests: 552, Total req/min: 110.24, Total avg process time: 0.0076s; [32m [repeated 8x across cluster][0m
[36m(SimpleStorageUnit pid=9493)[0m Time range: last 5.01 minutes; [32m [repeated 8x across cluster][0m
[36m(SimpleStorageUnit pid=9493)[0m Per-operation statistics: CLEAR_DATA: req_count=5, req/min=1.00, avg_time=0.013604s, max_time=0.017865s, min_time=0.007729s; PUT_DATA: req_count=525, req/min=104.84, avg_time=0.007630s, max_time=0.147973s, min_time=0.002723s; GET_DATA: req_count=22, req/min=4.39, avg_time=0.006518s, max_time=0.008977s, min_time=0.003886s[32m [repeated 7x across cluster][0m
[36m(TaskRunnerV1 pid=8235)[0m Training Progress:   3%|▎         | 5/180 [12:21<7:16:50, 149.77s/it]
[36m(AgentLoopWorkerTQ pid=15939)[0m /mnt/tier1/project/p201382/erisa/Internship/Cascade2/verl-version/.venv/lib/python3.12/site-packages/pydantic/main.py:475: UserWarning: Pydantic serializer warnings:[32m [repeated 3x across cluster][0m
[36m(AgentLoopWorkerTQ pid=15939)[0m   PydanticSerializationUnexpectedValue(Expected `float` - serialized value may not be as expected [field_name='reward_score', input_value=tensor(-0.0996), input_type=Tensor])[32m [repeated 3x across cluster][0m
[36m(AgentLoopWorkerTQ pid=15939)[0m   return self.__pydantic_serializer__.to_python([32m [repeated 3x across cluster][0m
[36m(TaskRunnerV1 pid=8235)[0m Training Progress:   3%|▎         | 6/180 [14:48<7:11:16, 148.72s/it]
[36m(TransferQueueController pid=9128)[0m 2026-07-08 12:39:03,485 - INFO - transfer_queue.utils.perf_utils - TQ_CONTROLLER_3eaa8a51: [Performance] Total success requests: 13396, Total req/min: 2677.78, Total avg process time: 0.0002s; 
[36m(TransferQueueController pid=9128)[0m Time range: last 5.00 minutes; 
[36m(TransferQueueController pid=9128)[0m Per-operation statistics: KV_RETRIEVE_META: req_count=4628, req/min=925.11, avg_time=0.000548s, max_time=0.185192s, min_time=0.000211s; NOTIFY_DATA_UPDATE: req_count=4108, req/min=821.17, avg_time=0.000132s, max_time=0.012848s, min_time=0.000088s; SET_CUSTOM_META: req_count=4622, req/min=923.91, avg_time=0.000017s, max_time=0.000649s, min_time=0.000009s; KV_LIST: req_count=32, req/min=6.40, avg_time=0.001027s, max_time=0.001565s, min_time=0.000149s; CLEAR_META: req_count=4, req/min=0.80, avg_time=0.011998s, max_time=0.017060s, min_time=0.006930s; KV_RETRIEVE_KEYS: req_count=2, req/min=0.40, avg_time=0.000786s, max_time=0.000789s, min_time=0.000783s
[36m(SimpleStorageUnit pid=9488)[0m Per-operation statistics: PUT_DATA: req_count=520, req/min=103.95, avg_time=0.008113s, max_time=0.018738s, min_time=0.002716s; CLEAR_DATA: req_count=4, req/min=0.80, avg_time=0.012491s, max_time=0.017455s, min_time=0.008319s; GET_DATA: req_count=22, req/min=4.40, avg_time=0.006989s, max_time=0.010137s, min_time=0.003695s
[36m(AgentLoopWorkerTQ pid=15943)[0m /mnt/tier1/project/p201382/erisa/Internship/Cascade2/verl-version/.venv/lib/python3.12/site-packages/pydantic/main.py:475: UserWarning: Pydantic serializer warnings:
[36m(AgentLoopWorkerTQ pid=15943)[0m   PydanticSerializationUnexpectedValue(Expected `float` - serialized value may not be as expected [field_name='reward_score', input_value=tensor(-0.3379), input_type=Tensor])
[36m(AgentLoopWorkerTQ pid=15943)[0m   return self.__pydantic_serializer__.to_python(
[36m(SimpleStorageUnit pid=9487)[0m 2026-07-08 12:39:03,712 - INFO - transfer_queue.utils.perf_utils - TQ_STORAGE_UNIT_966f8cc4: [Performance] Total success requests: 554, Total req/min: 110.67, Total avg process time: 0.0079s; [32m [repeated 8x across cluster][0m
[36m(SimpleStorageUnit pid=9487)[0m Time range: last 5.01 minutes; [32m [repeated 8x across cluster][0m
[36m(SimpleStorageUnit pid=9487)[0m Per-operation statistics: PUT_DATA: req_count=528, req/min=105.48, avg_time=0.007906s, max_time=0.017689s, min_time=0.002728s; CLEAR_DATA: req_count=4, req/min=0.80, avg_time=0.013221s, max_time=0.020669s, min_time=0.008590s; GET_DATA: req_count=22, req/min=4.39, avg_time=0.006648s, max_time=0.009988s, min_time=0.003615s[32m [repeated 7x across cluster][0m
[36m(AgentLoopWorkerTQ pid=15943)[0m /mnt/tier1/project/p201382/erisa/Internship/Cascade2/verl-version/.venv/lib/python3.12/site-packages/pydantic/main.py:475: UserWarning: Pydantic serializer warnings:
[36m(AgentLoopWorkerTQ pid=15943)[0m   PydanticSerializationUnexpectedValue(Expected `float` - serialized value may not be as expected [field_name='reward_score', input_value=tensor(-0.2910), input_type=Tensor])
[36m(AgentLoopWorkerTQ pid=15943)[0m   return self.__pydantic_serializer__.to_python(
[36m(TaskRunnerV1 pid=8235)[0m Training Progress:   4%|▍         | 7/180 [17:10<7:02:22, 146.49s/it]
[36m(AgentLoopWorkerTQ pid=15940)[0m /mnt/tier1/project/p201382/erisa/Internship/Cascade2/verl-version/.venv/lib/python3.12/site-packages/pydantic/main.py:475: UserWarning: Pydantic serializer warnings:
[36m(AgentLoopWorkerTQ pid=15940)[0m   PydanticSerializationUnexpectedValue(Expected `float` - serialized value may not be as expected [field_name='reward_score', input_value=tensor(-0.7402), input_type=Tensor])
[36m(AgentLoopWorkerTQ pid=15940)[0m   return self.__pydantic_serializer__.to_python(
[36m(AgentLoopWorkerTQ pid=15797)[0m /mnt/tier1/project/p201382/erisa/Internship/Cascade2/verl-version/.venv/lib/python3.12/site-packages/pydantic/main.py:475: UserWarning: Pydantic serializer warnings:
[36m(AgentLoopWorkerTQ pid=15797)[0m   PydanticSerializationUnexpectedValue(Expected `float` - serialized value may not be as expected [field_name='reward_score', input_value=tensor(-0.0703), input_type=Tensor])
[36m(AgentLoopWorkerTQ pid=15797)[0m   return self.__pydantic_serializer__.to_python(
[36m(TaskRunnerV1 pid=8235)[0m Training Progress:   4%|▍         | 8/180 [19:40<7:03:08, 147.61s/it]
[36m(AgentLoopWorkerTQ pid=15939)[0m /mnt/tier1/project/p201382/erisa/Internship/Cascade2/verl-version/.venv/lib/python3.12/site-packages/pydantic/main.py:475: UserWarning: Pydantic serializer warnings:[32m [repeated 3x across cluster][0m
[36m(AgentLoopWorkerTQ pid=15939)[0m   PydanticSerializationUnexpectedValue(Expected `float` - serialized value may not be as expected [field_name='reward_score', input_value=tensor(0.), input_type=Tensor])[32m [repeated 3x across cluster][0m
[36m(AgentLoopWorkerTQ pid=15939)[0m   return self.__pydantic_serializer__.to_python([32m [repeated 3x across cluster][0m
[36m(RewardLoopWorker pid=11942)[0m ERROR:2026-07-08 12:43:55,686:Unable to detect language for text 122 due to No features in text.
[36m(TransferQueueController pid=9128)[0m 2026-07-08 12:44:03,485 - INFO - transfer_queue.utils.perf_utils - TQ_CONTROLLER_3eaa8a51: [Performance] Total success requests: 16439, Total req/min: 3287.80, Total avg process time: 0.0002s; 
[36m(TransferQueueController pid=9128)[0m Time range: last 5.00 minutes; 
[36m(TransferQueueController pid=9128)[0m Per-operation statistics: KV_RETRIEVE_META: req_count=5922, req/min=1184.40, avg_time=0.000470s, max_time=0.086385s, min_time=0.000211s; NOTIFY_DATA_UPDATE: req_count=5024, req/min=1004.80, avg_time=0.000124s, max_time=0.006714s, min_time=0.000086s; SET_CUSTOM_META: req_count=5453, req/min=1090.60, avg_time=0.000016s, max_time=0.000622s, min_time=0.000009s; KV_LIST: req_count=34, req/min=6.80, avg_time=0.000883s, max_time=0.001990s, min_time=0.000190s; CLEAR_META: req_count=4, req/min=0.80, avg_time=0.010477s, max_time=0.015909s, min_time=0.004858s; KV_RETRIEVE_KEYS: req_count=2, req/min=0.40, avg_time=0.000767s, max_time=0.000779s, min_time=0.000754s
[36m(RewardLoopWorker pid=11937)[0m ERROR:2026-07-08 12:43:55,832:Unable to detect language for text 82 92 due to No features in text.
[36m(SimpleStorageUnit pid=9488)[0m Per-operation statistics: PUT_DATA: req_count=657, req/min=131.39, avg_time=0.007041s, max_time=0.016645s, min_time=0.002707s; CLEAR_DATA: req_count=4, req/min=0.80, avg_time=0.012090s, max_time=0.018107s, min_time=0.006850s; GET_DATA: req_count=22, req/min=4.40, avg_time=0.006576s, max_time=0.009165s, min_time=0.003744s
[36m(RewardLoopWorker pid=11938)[0m ERROR:2026-07-08 12:44:07,280:Unable to detect language for text in the belly of the beast, they rule.  
[36m(RewardLoopWorker pid=11938)[0m the gangs of tokyo: the dark underworld  
[36m(RewardLoopWorker pid=11938)[0m swarm through the alleys and alleys of vogue.  
[36m(RewardLoopWorker pid=11938)[0m 
[36m(RewardLoopWorker pid=11938)[0m garlic and thyme, smoke and stench.  
[36m(RewardLoopWorker pid=11938)[0m brawns and brains, within these nooks and amid blocks.  
[36m(RewardLoopWorker pid=11938)[0m in the fermented streets of tokyo, rumbling beneath, between the rows.  
[36m(RewardLoopWorker pid=11938)[0m the underworld, the never-ceasing snarl, a lewd icon.  
[36m(RewardLoopWorker pid=11938)[0m 
[36m(RewardLoopWorker pid=11938)[0m under visible suns, beneath the cityscape's glow,  
[36m(RewardLoopWorker pid=11938)[0m a tale of shadows, of deeper things in bike epidemics.  
[36m(RewardLoopWorker pid=11938)[0m a fang in fist, a thug for cash, to himav above, there's a rule  
[36m(RewardLoopWorker pid=11938)[0m black market buccaneers, gathering inside with their peers‍♂️‍♂️‍♂️‍♂️‍♂️‍♂️‍♂️‍♂️‍♂️‍♂️‍♂️‍♂️‍♂️‍♂️‍♂️‍♂️‍♂️‍♂️‍♂️‍♂️‍♂️‍♂️‍♂️‍♂️‍♂️‍♂️‍♂️‍♂️‍♂️‍♂️‍♂️‍♂️‍♂️‍♂️‍♂️‍♂️‍♂️‍♂️‍♂️‍♂️‍♂️‍♂️‍♂️‍♂️‍♂️‍♂️‍♂️‍♂️‍♂️‍♂️‍♂️‍♂️‍♂️‍♂️‍♀️‍♂️‍♀️‍♀️‍♀️‍♂️‍♀️‍♂️‍♀️‍♀️‍♀️‍♂️‍♀️‍♂️‍♀️‍♀️‍♂️‍♀️‍♂️‍♀️‍♀️‍♂️‍♀️‍♂️‍♀️‍♀️‍♂️‍♀️‍♂️‍♀️‍♀️‍♂️‍♀️‍♂️‍♀️‍♀️‍♂️‍♀️‍♂️‍♀️‍♀️‍♂️‍♀️‍♂️‍♀️‍♀️‍♂️‍♀️‍♂️‍♀️‍♀️‍♂️‍♀️‍♂️‍♀️‍♀️‍♂️‍♀️‍♂️‍♀️‍♀️‍♂️‍♀️‍♂️‍♀️‍♀️‍♂️‍♀️‍♂️‍♀️‍♀️‍♂️‍♀️‍♂️‍♀️‍♀️‍♂️‍♀️‍♂️‍♀️‍♀️‍♂️‍♀️‍♂️‍♀️‍♀️‍♂️‍♀️‍♂️‍♀️‍♀️‍♂️‍♀️‍♂️‍♀️‍♀️‍♂️‍♀️‍♂️‍♀️‍♀️‍♂️‍♀️‍♂️‍♀️‍♀️‍♂️‍♀️‍♂️‍♀️‍♀️‍♂️‍♀️‍♂️‍♀️‍♀️‍♂️‍♀️‍♂️‍♀️‍♀️‍♂️‍♀️‍♂️‍♀️‍♀️‍♂️‍♀️‍♂️‍♀️‍♀️‍♂️‍♀️‍♂️‍♀️‍♀️‍♂️‍♀️‍♂️‍♀️‍♀️‍♂️‍♀️‍♂️‍♀️‍♀️‍♂️‍♀️‍♂️‍♀️‍♀️‍♂️‍♀️‍♂️‍♀️‍♀️‍♂️‍♀️‍♂️‍♀️‍♀️‍♂️‍♀️‍♂️‍♀️‍♀️‍♂️‍♀️‍♂️‍♀️‍♀️‍♂️‍♀️‍♂️‍♀️‍♀️‍♂️‍♀️‍♂️‍♀️‌‍♂️‍♀️‍♀️‍♂️‍♀️‍♂️‍♀️‍♀️‍♂️‍♀️‍♂️‍♀️‍♀️‍♂️‍♀️‍♂️‍♀️‍♀️‍♂️‍♀️‍♂️‍♀️‍♀️‍♂️‍♀️‍♂️‍♀️‍♀️‍♂️‍♀️‍♂️‍♀️‍♀️‍♂️‍♀️‍♂️‍♀️‍♀️‍♂️‍♀️‍♂️‍♀️‍♀️‍♂️‍♀️‍♂️‍♀️‍♀️‍♂️‍♀️‍♂️‍♂️‍♀️‍♀️‍♂️‍♀️‍♂️‍♀️‍♀️‍♂️‍♀️‍♀️‍♂️‍♀️‍♂️‍♀️‍♀️‍♂️‍♀️‍♂️‍♀️‍♀️‍♂️‍♀️‍♂️‍♀️‍♀️‍♂️‍♀️‍♂️‍♀️‍♀️‍♂️‍♀️‍♂️‍♀️‍♀️‍♂️‍♀️‍♂️‍♀️‍♀️‍♂️‍♀️‍♂️‍♀️‍♀️‍♂️‍♀️‍♂️‍♀️‍♀️‍♂️‍♀️‍♂️‍♀️‍♀️‍♂️‍♀️‍♂️‍♀️‍♀️‍♂️‍♀️‍♂️‍♀️‍♀️‍♂️‍♀️‍♂️‍♀️‍♀️‍♂️‍♀️‍♂️‍♀️‍♀️‍♂️‍♀️‍♂️‏‍♂️‏‍♀️‏‍♀️‏‍♀️‏‍♀️‏‍♀️‏‍♀️‏‍♀️‏‍♂️‏‍')" due to No features in text.
[36m(AgentLoopWorkerTQ pid=15938)[0m /mnt/tier1/project/p201382/erisa/Internship/Cascade2/verl-version/.venv/lib/python3.12/site-packages/pydantic/main.py:475: UserWarning: Pydantic serializer warnings:
[36m(AgentLoopWorkerTQ pid=15938)[0m   PydanticSerializationUnexpectedValue(Expected `float` - serialized value may not be as expected [field_name='reward_score', input_value=tensor(-0.8633), input_type=Tensor])
[36m(AgentLoopWorkerTQ pid=15938)[0m   return self.__pydantic_serializer__.to_python(
[36m(SimpleStorageUnit pid=9492)[0m 2026-07-08 12:44:03,790 - INFO - transfer_queue.utils.perf_utils - TQ_STORAGE_UNIT_daf3cb07: [Performance] Total success requests: 714, Total req/min: 142.80, Total avg process time: 0.0071s; [32m [repeated 8x across cluster][0m
[36m(SimpleStorageUnit pid=9492)[0m Time range: last 5.00 minutes; [32m [repeated 8x across cluster][0m
[36m(SimpleStorageUnit pid=9492)[0m Per-operation statistics: PUT_DATA: req_count=688, req/min=137.60, avg_time=0.007028s, max_time=0.023585s, min_time=0.002706s; CLEAR_DATA: req_count=4, req/min=0.80, avg_time=0.011752s, max_time=0.016132s, min_time=0.007310s; GET_DATA: req_count=22, req/min=4.40, avg_time=0.007346s, max_time=0.009350s, min_time=0.005226s[32m [repeated 7x across cluster][0m
[36m(TaskRunnerV1 pid=8235)[0m Training Progress:   5%|▌         | 9/180 [22:04<6:58:02, 146.68s/it]
[36m(AgentLoopWorkerTQ pid=15937)[0m /mnt/tier1/project/p201382/erisa/Internship/Cascade2/verl-version/.venv/lib/python3.12/site-packages/pydantic/main.py:475: UserWarning: Pydantic serializer warnings:
[36m(AgentLoopWorkerTQ pid=15937)[0m   PydanticSerializationUnexpectedValue(Expected `float` - serialized value may not be as expected [field_name='reward_score', input_value=tensor(-0.8711), input_type=Tensor])
[36m(AgentLoopWorkerTQ pid=15937)[0m   return self.__pydantic_serializer__.to_python(
[36m(AgentLoopWorkerTQ pid=15938)[0m /mnt/tier1/project/p201382/erisa/Internship/Cascade2/verl-version/.venv/lib/python3.12/site-packages/pydantic/main.py:475: UserWarning: Pydantic serializer warnings:
[36m(AgentLoopWorkerTQ pid=15938)[0m   PydanticSerializationUnexpectedValue(Expected `float` - serialized value may not be as expected [field_name='reward_score', input_value=tensor(-0.0215), input_type=Tensor])
[36m(AgentLoopWorkerTQ pid=15938)[0m   return self.__pydantic_serializer__.to_python(
[36m(WorkerDict pid=10580)[0m /mnt/tier1/project/p201382/erisa/Internship/Cascade2/verl-version/verl/verl/plugin/platform/platform_cuda.py:99: FutureWarning: torch.cuda._set_allocator_settings is deprecated. Use torch._C._accelerator_setAllocatorSettings instead.
[36m(WorkerDict pid=10580)[0m   torch.cuda.memory._set_allocator_settings(settings)
[36m(AgentLoopWorkerTQ pid=15939)[0m /mnt/tier1/project/p201382/erisa/Internship/Cascade2/verl-version/.venv/lib/python3.12/site-packages/pydantic/main.py:475: UserWarning: Pydantic serializer warnings:
[36m(AgentLoopWorkerTQ pid=15939)[0m   PydanticSerializationUnexpectedValue(Expected `float` - serialized value may not be as expected [field_name='reward_score', input_value=tensor(-0.1094), input_type=Tensor])
[36m(AgentLoopWorkerTQ pid=15939)[0m   return self.__pydantic_serializer__.to_python(
[36m(TransferQueueController pid=9128)[0m 2026-07-08 12:49:03,486 - INFO - transfer_queue.utils.perf_utils - TQ_CONTROLLER_3eaa8a51: [Performance] Total success requests: 22849, Total req/min: 4569.79, Total avg process time: 0.0002s; 
[36m(TransferQueueController pid=9128)[0m Time range: last 5.00 minutes; 
[36m(TransferQueueController pid=9128)[0m Per-operation statistics: NOTIFY_DATA_UPDATE: req_count=4832, req/min=966.40, avg_time=0.000129s, max_time=0.002016s, min_time=0.000086s; KV_RETRIEVE_META: req_count=8821, req/min=1764.20, avg_time=0.000384s, max_time=0.086688s, min_time=0.000194s; SET_CUSTOM_META: req_count=9160, req/min=1832.00, avg_time=0.000015s, max_time=0.000804s, min_time=0.000009s; KV_LIST: req_count=31, req/min=6.20, avg_time=0.001562s, max_time=0.003465s, min_time=0.000251s; CLEAR_META: req_count=3, req/min=0.60, avg_time=0.008709s, max_time=0.013547s, min_time=0.005999s; KV_RETRIEVE_KEYS: req_count=2, req/min=0.40, avg_time=0.000878s, max_time=0.000973s, min_time=0.000782s
[36m(WorkerDict pid=10578)[0m /mnt/tier1/project/p201382/erisa/Internship/Cascade2/verl-version/verl/verl/plugin/platform/platform_cuda.py:99: FutureWarning: torch.cuda._set_allocator_settings is deprecated. Use torch._C._accelerator_setAllocatorSettings instead.[32m [repeated 3x across cluster][0m
[36m(WorkerDict pid=10578)[0m   torch.cuda.memory._set_allocator_settings(settings)[32m [repeated 3x across cluster][0m
[36m(SimpleStorageUnit pid=9488)[0m Per-operation statistics: PUT_DATA: req_count=603, req/min=120.59, avg_time=0.007796s, max_time=0.019434s, min_time=0.002719s; CLEAR_DATA: req_count=3, req/min=0.60, avg_time=0.010238s, max_time=0.015914s, min_time=0.007282s; GET_DATA: req_count=21, req/min=4.20, avg_time=0.007420s, max_time=0.009847s, min_time=0.005338s
[36m(AgentLoopWorkerTQ pid=15797)[0m /mnt/tier1/project/p201382/erisa/Internship/Cascade2/verl-version/.venv/lib/python3.12/site-packages/pydantic/main.py:475: UserWarning: Pydantic serializer warnings:
[36m(AgentLoopWorkerTQ pid=15797)[0m   PydanticSerializationUnexpectedValue(Expected `float` - serialized value may not be as expected [field_name='reward_score', input_value=tensor(-0.0117), input_type=Tensor])
[36m(AgentLoopWorkerTQ pid=15797)[0m   return self.__pydantic_serializer__.to_python(
[36m(SimpleStorageUnit pid=9492)[0m 2026-07-08 12:49:03,827 - INFO - transfer_queue.utils.perf_utils - TQ_STORAGE_UNIT_daf3cb07: [Performance] Total success requests: 609, Total req/min: 121.78, Total avg process time: 0.0079s; [32m [repeated 8x across cluster][0m
[36m(SimpleStorageUnit pid=9492)[0m Time range: last 5.00 minutes; [32m [repeated 8x across cluster][0m
[36m(SimpleStorageUnit pid=9492)[0m Per-operation statistics: PUT_DATA: req_count=585, req/min=116.99, avg_time=0.007943s, max_time=0.019350s, min_time=0.002725s; CLEAR_DATA: req_count=3, req/min=0.60, avg_time=0.011899s, max_time=0.018780s, min_time=0.008225s; GET_DATA: req_count=21, req/min=4.20, avg_time=0.006734s, max_time=0.009770s, min_time=0.003494s[32m [repeated 7x across cluster][0m
[36m(AgentLoopWorkerTQ pid=15797)[0m /mnt/tier1/project/p201382/erisa/Internship/Cascade2/verl-version/.venv/lib/python3.12/site-packages/pydantic/main.py:475: UserWarning: Pydantic serializer warnings:
[36m(AgentLoopWorkerTQ pid=15797)[0m   PydanticSerializationUnexpectedValue(Expected `float` - serialized value may not be as expected [field_name='reward_score', input_value=tensor(-0.0352), input_type=Tensor])
[36m(AgentLoopWorkerTQ pid=15797)[0m   return self.__pydantic_serializer__.to_python(
[36m(TaskRunnerV1 pid=8235)[0m Training Progress:   6%|▌         | 10/180 [25:19<7:37:52, 161.60s/it]
[36m(AgentLoopWorkerTQ pid=15938)[0m /mnt/tier1/project/p201382/erisa/Internship/Cascade2/verl-version/.venv/lib/python3.12/site-packages/pydantic/main.py:475: UserWarning: Pydantic serializer warnings:
[36m(AgentLoopWorkerTQ pid=15938)[0m   PydanticSerializationUnexpectedValue(Expected `float` - serialized value may not be as expected [field_name='reward_score', input_value=tensor(-0.5703), input_type=Tensor])
[36m(AgentLoopWorkerTQ pid=15938)[0m   return self.__pydantic_serializer__.to_python(
[36m(AgentLoopWorkerTQ pid=15939)[0m /mnt/tier1/project/p201382/erisa/Internship/Cascade2/verl-version/.venv/lib/python3.12/site-packages/pydantic/main.py:475: UserWarning: Pydantic serializer warnings:
[36m(AgentLoopWorkerTQ pid=15939)[0m   PydanticSerializationUnexpectedValue(Expected `float` - serialized value may not be as expected [field_name='reward_score', input_value=tensor(-0.7324), input_type=Tensor])
[36m(AgentLoopWorkerTQ pid=15939)[0m   return self.__pydantic_serializer__.to_python(
[36m(TaskRunnerV1 pid=8235)[0m Training Progress:   6%|▌         | 11/180 [27:47<7:23:21, 157.40s/it]
[36m(AgentLoopWorkerTQ pid=15797)[0m /mnt/tier1/project/p201382/erisa/Internship/Cascade2/verl-version/.venv/lib/python3.12/site-packages/pydantic/main.py:475: UserWarning: Pydantic serializer warnings:[32m [repeated 2x across cluster][0m
[36m(AgentLoopWorkerTQ pid=15797)[0m   PydanticSerializationUnexpectedValue(Expected `float` - serialized value may not be as expected [field_name='reward_score', input_value=tensor(-0.5391), input_type=Tensor])[32m [repeated 2x across cluster][0m
[36m(AgentLoopWorkerTQ pid=15797)[0m   return self.__pydantic_serializer__.to_python([32m [repeated 2x across cluster][0m
[36m(AgentLoopWorkerTQ pid=15937)[0m /mnt/tier1/project/p201382/erisa/Internship/Cascade2/verl-version/.venv/lib/python3.12/site-packages/pydantic/main.py:475: UserWarning: Pydantic serializer warnings:
[36m(AgentLoopWorkerTQ pid=15937)[0m   PydanticSerializationUnexpectedValue(Expected `float` - serialized value may not be as expected [field_name='reward_score', input_value=tensor(-0.7715), input_type=Tensor])
[36m(AgentLoopWorkerTQ pid=15937)[0m   return self.__pydantic_serializer__.to_python(
[36m(AgentLoopWorkerTQ pid=15938)[0m /mnt/tier1/project/p201382/erisa/Internship/Cascade2/verl-version/.venv/lib/python3.12/site-packages/pydantic/main.py:475: UserWarning: Pydantic serializer warnings:
[36m(AgentLoopWorkerTQ pid=15938)[0m   PydanticSerializationUnexpectedValue(Expected `float` - serialized value may not be as expected [field_name='reward_score', input_value=tensor(-0.8262), input_type=Tensor])
[36m(AgentLoopWorkerTQ pid=15938)[0m   return self.__pydantic_serializer__.to_python(
[36m(TransferQueueController pid=9128)[0m 2026-07-08 12:54:26,641 - INFO - transfer_queue.utils.perf_utils - TQ_CONTROLLER_3eaa8a51: [Performance] Total success requests: 16450, Total req/min: 3054.26, Total avg process time: 0.0003s; 
[36m(TransferQueueController pid=9128)[0m Time range: last 5.39 minutes; 
[36m(TransferQueueController pid=9128)[0m Per-operation statistics: KV_RETRIEVE_META: req_count=5783, req/min=1073.73, avg_time=0.000625s, max_time=0.425353s, min_time=0.000197s; SET_CUSTOM_META: req_count=5893, req/min=1094.15, avg_time=0.000016s, max_time=0.000642s, min_time=0.000009s; NOTIFY_DATA_UPDATE: req_count=4724, req/min=877.10, avg_time=0.000136s, max_time=0.010545s, min_time=0.000083s; KV_LIST: req_count=42, req/min=7.80, avg_time=0.001655s, max_time=0.004092s, min_time=0.000200s; CLEAR_META: req_count=6, req/min=1.11, avg_time=0.009972s, max_time=0.015721s, min_time=0.004311s; KV_RETRIEVE_KEYS: req_count=2, req/min=0.37, avg_time=0.000721s, max_time=0.000742s, min_time=0.000700s
[36m(SimpleStorageUnit pid=9489)[0m Per-operation statistics: PUT_DATA: req_count=586, req/min=108.88, avg_time=0.007304s, max_time=0.016116s, min_time=0.002719s; CLEAR_DATA: req_count=6, req/min=1.11, avg_time=0.013624s, max_time=0.020631s, min_time=0.005507s; GET_DATA: req_count=25, req/min=4.65, avg_time=0.006812s, max_time=0.009161s, min_time=0.003768s
[36m(TaskRunnerV1 pid=8235)[0m Training Progress:   7%|▋         | 12/180 [30:13<7:10:51, 153.88s/it]
[36m(AgentLoopWorkerTQ pid=15944)[0m /mnt/tier1/project/p201382/erisa/Internship/Cascade2/verl-version/.venv/lib/python3.12/site-packages/pydantic/main.py:475: UserWarning: Pydantic serializer warnings:
[36m(AgentLoopWorkerTQ pid=15944)[0m   PydanticSerializationUnexpectedValue(Expected `float` - serialized value may not be as expected [field_name='reward_score', input_value=tensor(-0.8281), input_type=Tensor])
[36m(AgentLoopWorkerTQ pid=15944)[0m   return self.__pydantic_serializer__.to_python(
[36m(SimpleStorageUnit pid=9493)[0m 2026-07-08 12:54:26,710 - INFO - transfer_queue.utils.perf_utils - TQ_STORAGE_UNIT_c67b05a2: [Performance] Total success requests: 613, Total req/min: 113.88, Total avg process time: 0.0072s; [32m [repeated 8x across cluster][0m
[36m(SimpleStorageUnit pid=9493)[0m Time range: last 5.38 minutes; [32m [repeated 8x across cluster][0m
[36m(SimpleStorageUnit pid=9493)[0m Per-operation statistics: PUT_DATA: req_count=582, req/min=108.12, avg_time=0.007095s, max_time=0.017622s, min_time=0.002787s; CLEAR_DATA: req_count=6, req/min=1.11, avg_time=0.012773s, max_time=0.023616s, min_time=0.006391s; GET_DATA: req_count=25, req/min=4.64, avg_time=0.007155s, max_time=0.009452s, min_time=0.003762s[32m [repeated 7x across cluster][0m
[36m(TaskRunnerV1 pid=8235)[0m Training Progress:   7%|▋         | 13/180 [32:39<7:01:39, 151.49s/it]
[36m(AgentLoopWorkerTQ pid=15943)[0m /mnt/tier1/project/p201382/erisa/Internship/Cascade2/verl-version/.venv/lib/python3.12/site-packages/pydantic/main.py:475: UserWarning: Pydantic serializer warnings:
[36m(AgentLoopWorkerTQ pid=15943)[0m   PydanticSerializationUnexpectedValue(Expected `float` - serialized value may not be as expected [field_name='reward_score', input_value=tensor(-0.3086), input_type=Tensor])
[36m(AgentLoopWorkerTQ pid=15943)[0m   return self.__pydantic_serializer__.to_python(
[36m(AgentLoopWorkerTQ pid=15943)[0m /mnt/tier1/project/p201382/erisa/Internship/Cascade2/verl-version/.venv/lib/python3.12/site-packages/pydantic/main.py:475: UserWarning: Pydantic serializer warnings:
[36m(AgentLoopWorkerTQ pid=15943)[0m   PydanticSerializationUnexpectedValue(Expected `float` - serialized value may not be as expected [field_name='reward_score', input_value=tensor(-0.3477), input_type=Tensor])
[36m(AgentLoopWorkerTQ pid=15943)[0m   return self.__pydantic_serializer__.to_python(
[36m(TaskRunnerV1 pid=8235)[0m Training Progress:   8%|▊         | 14/180 [35:02<6:52:05, 148.95s/it]
[36m(TransferQueueController pid=9128)[0m 2026-07-08 12:59:26,641 - INFO - transfer_queue.utils.perf_utils - TQ_CONTROLLER_3eaa8a51: [Performance] Total success requests: 16798, Total req/min: 3359.60, Total avg process time: 0.0002s; 
[36m(TransferQueueController pid=9128)[0m Time range: last 5.00 minutes; 
[36m(TransferQueueController pid=9128)[0m Per-operation statistics: KV_RETRIEVE_META: req_count=5949, req/min=1189.80, avg_time=0.000514s, max_time=0.221440s, min_time=0.000211s; CLEAR_META: req_count=5, req/min=1.00, avg_time=0.011628s, max_time=0.016201s, min_time=0.007178s; SET_CUSTOM_META: req_count=5714, req/min=1142.80, avg_time=0.000016s, max_time=0.000729s, min_time=0.000010s; KV_LIST: req_count=34, req/min=6.80, avg_time=0.000874s, max_time=0.001824s, min_time=0.000176s; NOTIFY_DATA_UPDATE: req_count=5094, req/min=1018.80, avg_time=0.000127s, max_time=0.017943s, min_time=0.000086s; KV_RETRIEVE_KEYS: req_count=2, req/min=0.40, avg_time=0.000719s, max_time=0.000733s, min_time=0.000705s
[36m(SimpleStorageUnit pid=9489)[0m Per-operation statistics: CLEAR_DATA: req_count=5, req/min=1.00, avg_time=0.013354s, max_time=0.017369s, min_time=0.007673s; PUT_DATA: req_count=671, req/min=134.20, avg_time=0.008230s, max_time=0.018478s, min_time=0.002710s; GET_DATA: req_count=22, req/min=4.40, avg_time=0.007376s, max_time=0.010894s, min_time=0.003939s
[36m(AgentLoopWorkerTQ pid=15797)[0m /mnt/tier1/project/p201382/erisa/Internship/Cascade2/verl-version/.venv/lib/python3.12/site-packages/pydantic/main.py:475: UserWarning: Pydantic serializer warnings:
[36m(AgentLoopWorkerTQ pid=15797)[0m   PydanticSerializationUnexpectedValue(Expected `float` - serialized value may not be as expected [field_name='reward_score', input_value=tensor(-0.5820), input_type=Tensor])
[36m(AgentLoopWorkerTQ pid=15797)[0m   return self.__pydantic_serializer__.to_python(
[36m(SimpleStorageUnit pid=9493)[0m 2026-07-08 12:59:26,724 - INFO - transfer_queue.utils.perf_utils - TQ_STORAGE_UNIT_c67b05a2: [Performance] Total success requests: 715, Total req/min: 142.99, Total avg process time: 0.0081s; [32m [repeated 8x across cluster][0m
[36m(SimpleStorageUnit pid=9493)[0m Time range: last 5.00 minutes; [32m [repeated 8x across cluster][0m
[36m(SimpleStorageUnit pid=9493)[0m Per-operation statistics: CLEAR_DATA: req_count=5, req/min=1.00, avg_time=0.014972s, max_time=0.019990s, min_time=0.007677s; PUT_DATA: req_count=688, req/min=137.59, avg_time=0.008058s, max_time=0.020425s, min_time=0.002698s; GET_DATA: req_count=22, req/min=4.40, avg_time=0.007750s, max_time=0.009821s, min_time=0.005519s[32m [repeated 7x across cluster][0m
[36m(TaskRunnerV1 pid=8235)[0m Training Progress:   8%|▊         | 15/180 [37:38<6:55:54, 151.24s/it]
[36m(AgentLoopWorkerTQ pid=15940)[0m /mnt/tier1/project/p201382/erisa/Internship/Cascade2/verl-version/.venv/lib/python3.12/site-packages/pydantic/main.py:475: UserWarning: Pydantic serializer warnings:
[36m(AgentLoopWorkerTQ pid=15940)[0m   PydanticSerializationUnexpectedValue(Expected `float` - serialized value may not be as expected [field_name='reward_score', input_value=tensor(-0.2148), input_type=Tensor])
[36m(AgentLoopWorkerTQ pid=15940)[0m   return self.__pydantic_serializer__.to_python(
[36m(TransferQueueController pid=9128)[0m 2026-07-08 13:04:29,072 - INFO - transfer_queue.utils.perf_utils - TQ_CONTROLLER_3eaa8a51: [Performance] Total success requests: 9993, Total req/min: 1982.53, Total avg process time: 0.0003s; 
[36m(TransferQueueController pid=9128)[0m Time range: last 5.04 minutes; 
[36m(TransferQueueController pid=9128)[0m Per-operation statistics: KV_RETRIEVE_META: req_count=3307, req/min=656.08, avg_time=0.000610s, max_time=0.088152s, min_time=0.000212s; SET_CUSTOM_META: req_count=3530, req/min=700.32, avg_time=0.000017s, max_time=0.000698s, min_time=0.000009s; NOTIFY_DATA_UPDATE: req_count=3122, req/min=619.38, avg_time=0.000145s, max_time=0.016000s, min_time=0.000086s; KV_LIST: req_count=29, req/min=5.75, avg_time=0.000967s, max_time=0.001317s, min_time=0.000177s; CLEAR_META: req_count=3, req/min=0.60, avg_time=0.007722s, max_time=0.011593s, min_time=0.004773s; KV_RETRIEVE_KEYS: req_count=2, req/min=0.40, avg_time=0.000697s, max_time=0.000715s, min_time=0.000678s
[36m(AgentLoopWorkerTQ pid=15943)[0m /mnt/tier1/project/p201382/erisa/Internship/Cascade2/verl-version/.venv/lib/python3.12/site-packages/pydantic/main.py:475: UserWarning: Pydantic serializer warnings:[32m [repeated 5x across cluster][0m
[36m(AgentLoopWorkerTQ pid=15943)[0m   PydanticSerializationUnexpectedValue(Expected `float` - serialized value may not be as expected [field_name='reward_score', input_value=tensor(-0.3047), input_type=Tensor])[32m [repeated 5x across cluster][0m
[36m(AgentLoopWorkerTQ pid=15943)[0m   return self.__pydantic_serializer__.to_python([32m [repeated 5x across cluster][0m
[36m(SimpleStorageUnit pid=9489)[0m Per-operation statistics: PUT_DATA: req_count=380, req/min=75.39, avg_time=0.008215s, max_time=0.017160s, min_time=0.002778s; CLEAR_DATA: req_count=3, req/min=0.60, avg_time=0.011867s, max_time=0.019140s, min_time=0.007850s; GET_DATA: req_count=22, req/min=4.36, avg_time=0.007154s, max_time=0.009531s, min_time=0.002933s
[36m(TaskRunnerV1 pid=8235)[0m Training Progress:   9%|▉         | 16/180 [40:15<6:58:00, 152.93s/it]
[36m(SimpleStorageUnit pid=9493)[0m 2026-07-08 13:04:29,133 - INFO - transfer_queue.utils.perf_utils - TQ_STORAGE_UNIT_c67b05a2: [Performance] Total success requests: 405, Total req/min: 80.35, Total avg process time: 0.0079s; [32m [repeated 8x across cluster][0m
[36m(SimpleStorageUnit pid=9493)[0m Time range: last 5.04 minutes; [32m [repeated 8x across cluster][0m
[36m(AgentLoopWorkerTQ pid=15941)[0m /mnt/tier1/project/p201382/erisa/Internship/Cascade2/verl-version/.venv/lib/python3.12/site-packages/pydantic/main.py:475: UserWarning: Pydantic serializer warnings:
[36m(AgentLoopWorkerTQ pid=15941)[0m   PydanticSerializationUnexpectedValue(Expected `float` - serialized value may not be as expected [field_name='reward_score', input_value=tensor(-0.5586), input_type=Tensor])
[36m(AgentLoopWorkerTQ pid=15941)[0m   return self.__pydantic_serializer__.to_python(
[36m(SimpleStorageUnit pid=9493)[0m Per-operation statistics: PUT_DATA: req_count=380, req/min=75.39, avg_time=0.007891s, max_time=0.017570s, min_time=0.002692s; CLEAR_DATA: req_count=3, req/min=0.60, avg_time=0.010033s, max_time=0.014829s, min_time=0.007584s; GET_DATA: req_count=22, req/min=4.36, avg_time=0.007005s, max_time=0.010033s, min_time=0.003024s[32m [repeated 7x across cluster][0m
[36m(TaskRunnerV1 pid=8235)[0m Training Progress:   9%|▉         | 17/180 [42:37<6:46:26, 149.61s/it]
[36m(AgentLoopWorkerTQ pid=15940)[0m /mnt/tier1/project/p201382/erisa/Internship/Cascade2/verl-version/.venv/lib/python3.12/site-packages/pydantic/main.py:475: UserWarning: Pydantic serializer warnings:
[36m(AgentLoopWorkerTQ pid=15940)[0m   PydanticSerializationUnexpectedValue(Expected `float` - serialized value may not be as expected [field_name='reward_score', input_value=tensor(-0.0664), input_type=Tensor])
[36m(AgentLoopWorkerTQ pid=15940)[0m   return self.__pydantic_serializer__.to_python(
[36m(TaskRunnerV1 pid=8235)[0m Training Progress:  10%|█         | 18/180 [45:06<6:43:28, 149.44s/it]
[36m(AgentLoopWorkerTQ pid=15943)[0m /mnt/tier1/project/p201382/erisa/Internship/Cascade2/verl-version/.venv/lib/python3.12/site-packages/pydantic/main.py:475: UserWarning: Pydantic serializer warnings:
[36m(AgentLoopWorkerTQ pid=15943)[0m   PydanticSerializationUnexpectedValue(Expected `float` - serialized value may not be as expected [field_name='reward_score', input_value=tensor(-0.9121), input_type=Tensor])
[36m(AgentLoopWorkerTQ pid=15943)[0m   return self.__pydantic_serializer__.to_python(
[36m(TransferQueueController pid=9128)[0m 2026-07-08 13:09:29,073 - INFO - transfer_queue.utils.perf_utils - TQ_CONTROLLER_3eaa8a51: [Performance] Total success requests: 16567, Total req/min: 3313.40, Total avg process time: 0.0002s; 
[36m(TransferQueueController pid=9128)[0m Time range: last 5.00 minutes; 
[36m(TransferQueueController pid=9128)[0m Per-operation statistics: KV_RETRIEVE_META: req_count=5733, req/min=1146.60, avg_time=0.000476s, max_time=0.102600s, min_time=0.000211s; CLEAR_META: req_count=5, req/min=1.00, avg_time=0.010477s, max_time=0.015059s, min_time=0.005130s; SET_CUSTOM_META: req_count=5724, req/min=1144.80, avg_time=0.000015s, max_time=0.000580s, min_time=0.000009s; KV_LIST: req_count=32, req/min=6.40, avg_time=0.000908s, max_time=0.001441s, min_time=0.000180s; NOTIFY_DATA_UPDATE: req_count=5071, req/min=1014.20, avg_time=0.000117s, max_time=0.008394s, min_time=0.000083s; KV_RETRIEVE_KEYS: req_count=2, req/min=0.40, avg_time=0.000722s, max_time=0.000796s, min_time=0.000648s
[36m(SimpleStorageUnit pid=9492)[0m Per-operation statistics: CLEAR_DATA: req_count=5, req/min=1.00, avg_time=0.014207s, max_time=0.018349s, min_time=0.008405s; PUT_DATA: req_count=649, req/min=129.80, avg_time=0.007599s, max_time=0.018875s, min_time=0.002780s; GET_DATA: req_count=22, req/min=4.40, avg_time=0.008234s, max_time=0.024263s, min_time=0.003343s
[36m(AgentLoopWorkerTQ pid=15944)[0m /mnt/tier1/project/p201382/erisa/Internship/Cascade2/verl-version/.venv/lib/python3.12/site-packages/pydantic/main.py:475: UserWarning: Pydantic serializer warnings:
[36m(AgentLoopWorkerTQ pid=15944)[0m   PydanticSerializationUnexpectedValue(Expected `float` - serialized value may not be as expected [field_name='reward_score', input_value=tensor(-0.0586), input_type=Tensor])
[36m(AgentLoopWorkerTQ pid=15944)[0m   return self.__pydantic_serializer__.to_python(
[36m(SimpleStorageUnit pid=9490)[0m 2026-07-08 13:09:29,556 - INFO - transfer_queue.utils.perf_utils - TQ_STORAGE_UNIT_22f592ee: [Performance] Total success requests: 667, Total req/min: 133.21, Total avg process time: 0.0075s; [32m [repeated 8x across cluster][0m
[36m(SimpleStorageUnit pid=9490)[0m Time range: last 5.01 minutes; [32m [repeated 8x across cluster][0m
[36m(SimpleStorageUnit pid=9490)[0m Per-operation statistics: CLEAR_DATA: req_count=5, req/min=1.00, avg_time=0.014553s, max_time=0.018665s, min_time=0.008193s; PUT_DATA: req_count=640, req/min=127.82, avg_time=0.007441s, max_time=0.018343s, min_time=0.002731s; GET_DATA: req_count=22, req/min=4.39, avg_time=0.008543s, max_time=0.025262s, min_time=0.003449s[32m [repeated 7x across cluster][0m
[36m(TaskRunnerV1 pid=8235)[0m Training Progress:  11%|█         | 19/180 [47:33<6:38:58, 148.69s/it]
[36m(AgentLoopWorkerTQ pid=15937)[0m /mnt/tier1/project/p201382/erisa/Internship/Cascade2/verl-version/.venv/lib/python3.12/site-packages/pydantic/main.py:475: UserWarning: Pydantic serializer warnings:
[36m(AgentLoopWorkerTQ pid=15937)[0m   PydanticSerializationUnexpectedValue(Expected `float` - serialized value may not be as expected [field_name='reward_score', input_value=tensor(-0.6484), input_type=Tensor])
[36m(AgentLoopWorkerTQ pid=15937)[0m   return self.__pydantic_serializer__.to_python(
[36m(WorkerDict pid=10580)[0m /mnt/tier1/project/p201382/erisa/Internship/Cascade2/verl-version/verl/verl/plugin/platform/platform_cuda.py:99: FutureWarning: torch.cuda._set_allocator_settings is deprecated. Use torch._C._accelerator_setAllocatorSettings instead.
[36m(WorkerDict pid=10580)[0m   torch.cuda.memory._set_allocator_settings(settings)
[36m(AgentLoopWorkerTQ pid=15944)[0m /mnt/tier1/project/p201382/erisa/Internship/Cascade2/verl-version/.venv/lib/python3.12/site-packages/pydantic/main.py:475: UserWarning: Pydantic serializer warnings:[32m [repeated 3x across cluster][0m
[36m(AgentLoopWorkerTQ pid=15944)[0m   PydanticSerializationUnexpectedValue(Expected `float` - serialized value may not be as expected [field_name='reward_score', input_value=tensor(-0.5645), input_type=Tensor])[32m [repeated 3x across cluster][0m
[36m(AgentLoopWorkerTQ pid=15944)[0m   return self.__pydantic_serializer__.to_python([32m [repeated 3x across cluster][0m
[36m(TransferQueueController pid=9128)[0m 2026-07-08 13:14:29,078 - INFO - transfer_queue.utils.perf_utils - TQ_CONTROLLER_3eaa8a51: [Performance] Total success requests: 19319, Total req/min: 3863.72, Total avg process time: 0.0002s; 
[36m(TransferQueueController pid=9128)[0m Time range: last 5.00 minutes; 
[36m(TransferQueueController pid=9128)[0m Per-operation statistics: SET_CUSTOM_META: req_count=7609, req/min=1521.77, avg_time=0.000016s, max_time=0.001611s, min_time=0.000009s; NOTIFY_DATA_UPDATE: req_count=4061, req/min=812.18, avg_time=0.000136s, max_time=0.002487s, min_time=0.000087s; KV_RETRIEVE_META: req_count=7612, req/min=1522.37, avg_time=0.000447s, max_time=0.541765s, min_time=0.000194s; KV_LIST: req_count=32, req/min=6.40, avg_time=0.001371s, max_time=0.004271s, min_time=0.000175s; CLEAR_META: req_count=3, req/min=0.60, avg_time=0.010365s, max_time=0.017881s, min_time=0.005859s; KV_RETRIEVE_KEYS: req_count=2, req/min=0.40, avg_time=0.000843s, max_time=0.000861s, min_time=0.000825s
[36m(WorkerDict pid=10578)[0m /mnt/tier1/project/p201382/erisa/Internship/Cascade2/verl-version/verl/verl/plugin/platform/platform_cuda.py:99: FutureWarning: torch.cuda._set_allocator_settings is deprecated. Use torch._C._accelerator_setAllocatorSettings instead.[32m [repeated 3x across cluster][0m
[36m(WorkerDict pid=10578)[0m   torch.cuda.memory._set_allocator_settings(settings)[32m [repeated 3x across cluster][0m
[36m(SimpleStorageUnit pid=9487)[0m Per-operation statistics: PUT_DATA: req_count=508, req/min=101.57, avg_time=0.006349s, max_time=0.017783s, min_time=0.002748s; CLEAR_DATA: req_count=3, req/min=0.60, avg_time=0.010723s, max_time=0.018039s, min_time=0.006756s; GET_DATA: req_count=21, req/min=4.20, avg_time=0.006321s, max_time=0.008800s, min_time=0.003000s
[36m(AgentLoopWorkerTQ pid=15937)[0m /mnt/tier1/project/p201382/erisa/Internship/Cascade2/verl-version/.venv/lib/python3.12/site-packages/pydantic/main.py:475: UserWarning: Pydantic serializer warnings:
[36m(AgentLoopWorkerTQ pid=15937)[0m   PydanticSerializationUnexpectedValue(Expected `float` - serialized value may not be as expected [field_name='reward_score', input_value=tensor(-0.1289), input_type=Tensor])
[36m(AgentLoopWorkerTQ pid=15937)[0m   return self.__pydantic_serializer__.to_python(
[36m(SimpleStorageUnit pid=9490)[0m 2026-07-08 13:14:29,585 - INFO - transfer_queue.utils.perf_utils - TQ_STORAGE_UNIT_22f592ee: [Performance] Total success requests: 521, Total req/min: 104.19, Total avg process time: 0.0063s; [32m [repeated 8x across cluster][0m
[36m(SimpleStorageUnit pid=9490)[0m Time range: last 5.00 minutes; [32m [repeated 8x across cluster][0m
[36m(SimpleStorageUnit pid=9490)[0m Per-operation statistics: PUT_DATA: req_count=497, req/min=99.39, avg_time=0.006234s, max_time=0.015435s, min_time=0.002681s; CLEAR_DATA: req_count=3, req/min=0.60, avg_time=0.010593s, max_time=0.017312s, min_time=0.006411s; GET_DATA: req_count=21, req/min=4.20, avg_time=0.006478s, max_time=0.008457s, min_time=0.004082s[32m [repeated 7x across cluster][0m
[36m(TaskRunnerV1 pid=8235)[0m Training Progress:  11%|█         | 20/180 [50:48<7:13:00, 162.38s/it]
[36m(AgentLoopWorkerTQ pid=15797)[0m /mnt/tier1/project/p201382/erisa/Internship/Cascade2/verl-version/.venv/lib/python3.12/site-packages/pydantic/main.py:475: UserWarning: Pydantic serializer warnings:
[36m(AgentLoopWorkerTQ pid=15797)[0m   PydanticSerializationUnexpectedValue(Expected `float` - serialized value may not be as expected [field_name='reward_score', input_value=tensor(-0.4395), input_type=Tensor])
[36m(AgentLoopWorkerTQ pid=15797)[0m   return self.__pydantic_serializer__.to_python(
[36m(AgentLoopWorkerTQ pid=15939)[0m /mnt/tier1/project/p201382/erisa/Internship/Cascade2/verl-version/.venv/lib/python3.12/site-packages/pydantic/main.py:475: UserWarning: Pydantic serializer warnings:
[36m(AgentLoopWorkerTQ pid=15939)[0m   PydanticSerializationUnexpectedValue(Expected `float` - serialized value may not be as expected [field_name='reward_score', input_value=tensor(-0.1270), input_type=Tensor])
[36m(AgentLoopWorkerTQ pid=15939)[0m   return self.__pydantic_serializer__.to_python(
[36m(AgentLoopWorkerTQ pid=15939)[0m /mnt/tier1/project/p201382/erisa/Internship/Cascade2/verl-version/.venv/lib/python3.12/site-packages/pydantic/main.py:475: UserWarning: Pydantic serializer warnings:
[36m(AgentLoopWorkerTQ pid=15939)[0m   PydanticSerializationUnexpectedValue(Expected `float` - serialized value may not be as expected [field_name='reward_score', input_value=tensor(-0.7637), input_type=Tensor])
[36m(AgentLoopWorkerTQ pid=15939)[0m   return self.__pydantic_serializer__.to_python(
[36m(TaskRunnerV1 pid=8235)[0m Training Progress:  12%|█▏        | 21/180 [53:22<7:03:42, 159.89s/it]
[36m(AgentLoopWorkerTQ pid=15941)[0m /mnt/tier1/project/p201382/erisa/Internship/Cascade2/verl-version/.venv/lib/python3.12/site-packages/pydantic/main.py:475: UserWarning: Pydantic serializer warnings:[32m [repeated 2x across cluster][0m
[36m(AgentLoopWorkerTQ pid=15941)[0m   PydanticSerializationUnexpectedValue(Expected `float` - serialized value may not be as expected [field_name='reward_score', input_value=tensor(0.6738), input_type=Tensor])[32m [repeated 2x across cluster][0m
[36m(AgentLoopWorkerTQ pid=15941)[0m   return self.__pydantic_serializer__.to_python([32m [repeated 2x across cluster][0m
[36m(AgentLoopWorkerTQ pid=15939)[0m /mnt/tier1/project/p201382/erisa/Internship/Cascade2/verl-version/.venv/lib/python3.12/site-packages/pydantic/main.py:475: UserWarning: Pydantic serializer warnings:
[36m(AgentLoopWorkerTQ pid=15939)[0m   PydanticSerializationUnexpectedValue(Expected `float` - serialized value may not be as expected [field_name='reward_score', input_value=tensor(-0.9238), input_type=Tensor])
[36m(AgentLoopWorkerTQ pid=15939)[0m   return self.__pydantic_serializer__.to_python(
[36m(AgentLoopWorkerTQ pid=15937)[0m /mnt/tier1/project/p201382/erisa/Internship/Cascade2/verl-version/.venv/lib/python3.12/site-packages/pydantic/main.py:475: UserWarning: Pydantic serializer warnings:
[36m(AgentLoopWorkerTQ pid=15937)[0m   PydanticSerializationUnexpectedValue(Expected `float` - serialized value may not be as expected [field_name='reward_score', input_value=tensor(-0.1309), input_type=Tensor])
[36m(AgentLoopWorkerTQ pid=15937)[0m   return self.__pydantic_serializer__.to_python(
[36m(TransferQueueController pid=9128)[0m 2026-07-08 13:20:05,820 - INFO - transfer_queue.utils.perf_utils - TQ_CONTROLLER_3eaa8a51: [Performance] Total success requests: 20116, Total req/min: 3584.23, Total avg process time: 0.0002s; 
[36m(TransferQueueController pid=9128)[0m Time range: last 5.61 minutes; 
[36m(TransferQueueController pid=9128)[0m Per-operation statistics: KV_RETRIEVE_META: req_count=7312, req/min=1302.84, avg_time=0.000491s, max_time=0.282009s, min_time=0.000196s; NOTIFY_DATA_UPDATE: req_count=5448, req/min=970.71, avg_time=0.000122s, max_time=0.008577s, min_time=0.000084s; SET_CUSTOM_META: req_count=7302, req/min=1301.06, avg_time=0.000015s, max_time=0.000794s, min_time=0.000009s; KV_LIST: req_count=46, req/min=8.20, avg_time=0.001638s, max_time=0.004500s, min_time=0.000175s; CLEAR_META: req_count=6, req/min=1.07, avg_time=0.012604s, max_time=0.016061s, min_time=0.006102s; KV_RETRIEVE_KEYS: req_count=2, req/min=0.36, avg_time=0.000685s, max_time=0.000739s, min_time=0.000631s
[36m(SimpleStorageUnit pid=9489)[0m Per-operation statistics: PUT_DATA: req_count=664, req/min=118.40, avg_time=0.007477s, max_time=0.027149s, min_time=0.002715s; CLEAR_DATA: req_count=6, req/min=1.07, avg_time=0.012721s, max_time=0.019583s, min_time=0.007232s; GET_DATA: req_count=25, req/min=4.46, avg_time=0.008312s, max_time=0.023396s, min_time=0.006074s
[36m(TaskRunnerV1 pid=8235)[0m Training Progress:  12%|█▏        | 22/180 [55:52<6:53:19, 156.96s/it]
[36m(AgentLoopWorkerTQ pid=15937)[0m /mnt/tier1/project/p201382/erisa/Internship/Cascade2/verl-version/.venv/lib/python3.12/site-packages/pydantic/main.py:475: UserWarning: Pydantic serializer warnings:
[36m(AgentLoopWorkerTQ pid=15937)[0m   PydanticSerializationUnexpectedValue(Expected `float` - serialized value may not be as expected [field_name='reward_score', input_value=tensor(-0.0703), input_type=Tensor])
[36m(AgentLoopWorkerTQ pid=15937)[0m   return self.__pydantic_serializer__.to_python(
[36m(SimpleStorageUnit pid=9493)[0m 2026-07-08 13:20:05,880 - INFO - transfer_queue.utils.perf_utils - TQ_STORAGE_UNIT_c67b05a2: [Performance] Total success requests: 719, Total req/min: 128.17, Total avg process time: 0.0076s; [32m [repeated 8x across cluster][0m
[36m(SimpleStorageUnit pid=9493)[0m Time range: last 5.61 minutes; [32m [repeated 8x across cluster][0m
[36m(SimpleStorageUnit pid=9493)[0m Per-operation statistics: PUT_DATA: req_count=688, req/min=122.64, avg_time=0.007540s, max_time=0.023266s, min_time=0.002705s; CLEAR_DATA: req_count=6, req/min=1.07, avg_time=0.013286s, max_time=0.019994s, min_time=0.007088s; GET_DATA: req_count=25, req/min=4.46, avg_time=0.008462s, max_time=0.024394s, min_time=0.005461s[32m [repeated 7x across cluster][0m
[36m(TaskRunnerV1 pid=8235)[0m Training Progress:  13%|█▎        | 23/180 [58:16<6:40:33, 153.08s/it]
[36m(AgentLoopWorkerTQ pid=15937)[0m /mnt/tier1/project/p201382/erisa/Internship/Cascade2/verl-version/.venv/lib/python3.12/site-packages/pydantic/main.py:475: UserWarning: Pydantic serializer warnings:
[36m(AgentLoopWorkerTQ pid=15937)[0m   PydanticSerializationUnexpectedValue(Expected `float` - serialized value may not be as expected [field_name='reward_score', input_value=tensor(-0.7988), input_type=Tensor])
[36m(AgentLoopWorkerTQ pid=15937)[0m   return self.__pydantic_serializer__.to_python(
[36m(TaskRunnerV1 pid=8235)[0m Training Progress:  13%|█▎        | 24/180 [1:00:45<6:35:01, 151.93s/it]
[36m(RewardLoopWorker pid=11937)[0m ERROR:2026-07-08 13:25:02,197:Unable to detect language for text [13-05-23] due to No features in text.
[36m(TransferQueueController pid=9128)[0m 2026-07-08 13:25:05,820 - INFO - transfer_queue.utils.perf_utils - TQ_CONTROLLER_3eaa8a51: [Performance] Total success requests: 15488, Total req/min: 3097.60, Total avg process time: 0.0002s; 
[36m(TransferQueueController pid=9128)[0m Time range: last 5.00 minutes; 
[36m(TransferQueueController pid=9128)[0m Per-operation statistics: KV_RETRIEVE_META: req_count=5370, req/min=1074.00, avg_time=0.000500s, max_time=0.114636s, min_time=0.000211s; CLEAR_META: req_count=5, req/min=1.00, avg_time=0.011799s, max_time=0.016247s, min_time=0.005300s; SET_CUSTOM_META: req_count=5363, req/min=1072.60, avg_time=0.000016s, max_time=0.000561s, min_time=0.000009s; KV_LIST: req_count=32, req/min=6.40, avg_time=0.000905s, max_time=0.001527s, min_time=0.000219s; NOTIFY_DATA_UPDATE: req_count=4716, req/min=943.20, avg_time=0.000128s, max_time=0.010468s, min_time=0.000086s; KV_RETRIEVE_KEYS: req_count=2, req/min=0.40, avg_time=0.000609s, max_time=0.000616s, min_time=0.000602s
[36m(SimpleStorageUnit pid=9493)[0m Per-operation statistics: CLEAR_DATA: req_count=5, req/min=1.00, avg_time=0.013252s, max_time=0.017985s, min_time=0.006426s; PUT_DATA: req_count=606, req/min=121.19, avg_time=0.007344s, max_time=0.017795s, min_time=0.002701s; GET_DATA: req_count=22, req/min=4.40, avg_time=0.007466s, max_time=0.010886s, min_time=0.003552s
[36m(AgentLoopWorkerTQ pid=15939)[0m /mnt/tier1/project/p201382/erisa/Internship/Cascade2/verl-version/.venv/lib/python3.12/site-packages/pydantic/main.py:475: UserWarning: Pydantic serializer warnings:
[36m(AgentLoopWorkerTQ pid=15939)[0m   PydanticSerializationUnexpectedValue(Expected `float` - serialized value may not be as expected [field_name='reward_score', input_value=tensor(-0.1133), input_type=Tensor])
[36m(AgentLoopWorkerTQ pid=15939)[0m   return self.__pydantic_serializer__.to_python(
[36m(SimpleStorageUnit pid=9487)[0m 2026-07-08 13:25:06,264 - INFO - transfer_queue.utils.perf_utils - TQ_STORAGE_UNIT_966f8cc4: [Performance] Total success requests: 641, Total req/min: 128.04, Total avg process time: 0.0074s; [32m [repeated 8x across cluster][0m
[36m(SimpleStorageUnit pid=9487)[0m Time range: last 5.01 minutes; [32m [repeated 8x across cluster][0m
[36m(SimpleStorageUnit pid=9487)[0m Per-operation statistics: CLEAR_DATA: req_count=5, req/min=1.00, avg_time=0.013902s, max_time=0.020954s, min_time=0.006602s; PUT_DATA: req_count=614, req/min=122.64, avg_time=0.007313s, max_time=0.017871s, min_time=0.002683s; GET_DATA: req_count=22, req/min=4.39, avg_time=0.008155s, max_time=0.010957s, min_time=0.005882s[32m [repeated 7x across cluster][0m
[36m(TaskRunnerV1 pid=8235)[0m Training Progress:  14%|█▍        | 25/180 [1:03:17<6:32:48, 152.06s/it]
[36m(AgentLoopWorkerTQ pid=15939)[0m /mnt/tier1/project/p201382/erisa/Internship/Cascade2/verl-version/.venv/lib/python3.12/site-packages/pydantic/main.py:475: UserWarning: Pydantic serializer warnings:[32m [repeated 4x across cluster][0m
[36m(AgentLoopWorkerTQ pid=15939)[0m   PydanticSerializationUnexpectedValue(Expected `float` - serialized value may not be as expected [field_name='reward_score', input_value=tensor(-0.7109), input_type=Tensor])[32m [repeated 4x across cluster][0m
[36m(AgentLoopWorkerTQ pid=15939)[0m   return self.__pydantic_serializer__.to_python([32m [repeated 4x across cluster][0m
[36m(TransferQueueController pid=9128)[0m 2026-07-08 13:30:08,453 - INFO - transfer_queue.utils.perf_utils - TQ_CONTROLLER_3eaa8a51: [Performance] Total success requests: 11300, Total req/min: 2240.33, Total avg process time: 0.0002s; 
[36m(TransferQueueController pid=9128)[0m Time range: last 5.04 minutes; 
[36m(TransferQueueController pid=9128)[0m Per-operation statistics: KV_RETRIEVE_META: req_count=3886, req/min=770.44, avg_time=0.000562s, max_time=0.087797s, min_time=0.000213s; NOTIFY_DATA_UPDATE: req_count=3500, req/min=693.91, avg_time=0.000134s, max_time=0.009561s, min_time=0.000085s; SET_CUSTOM_META: req_count=3881, req/min=769.45, avg_time=0.000016s, max_time=0.000773s, min_time=0.000009s; KV_LIST: req_count=28, req/min=5.55, avg_time=0.001016s, max_time=0.002044s, min_time=0.000204s; CLEAR_META: req_count=3, req/min=0.59, avg_time=0.009571s, max_time=0.015912s, min_time=0.006102s; KV_RETRIEVE_KEYS: req_count=2, req/min=0.40, avg_time=0.000788s, max_time=0.000859s, min_time=0.000716s
[36m(SimpleStorageUnit pid=9489)[0m Per-operation statistics: PUT_DATA: req_count=446, req/min=88.46, avg_time=0.008176s, max_time=0.018144s, min_time=0.002747s; CLEAR_DATA: req_count=3, req/min=0.60, avg_time=0.011651s, max_time=0.019075s, min_time=0.007464s; GET_DATA: req_count=22, req/min=4.36, avg_time=0.007267s, max_time=0.012283s, min_time=0.004737s
[36m(TaskRunnerV1 pid=8235)[0m Training Progress:  14%|█▍        | 26/180 [1:05:54<6:34:06, 153.55s/it]
[36m(AgentLoopWorkerTQ pid=15937)[0m /mnt/tier1/project/p201382/erisa/Internship/Cascade2/verl-version/.venv/lib/python3.12/site-packages/pydantic/main.py:475: UserWarning: Pydantic serializer warnings:
[36m(AgentLoopWorkerTQ pid=15937)[0m   PydanticSerializationUnexpectedValue(Expected `float` - serialized value may not be as expected [field_name='reward_score', input_value=tensor(-0.1914), input_type=Tensor])
[36m(AgentLoopWorkerTQ pid=15937)[0m   return self.__pydantic_serializer__.to_python(
[36m(SimpleStorageUnit pid=9493)[0m 2026-07-08 13:30:08,514 - INFO - transfer_queue.utils.perf_utils - TQ_STORAGE_UNIT_c67b05a2: [Performance] Total success requests: 481, Total req/min: 95.37, Total avg process time: 0.0078s; [32m [repeated 8x across cluster][0m
[36m(SimpleStorageUnit pid=9493)[0m Time range: last 5.04 minutes; [32m [repeated 8x across cluster][0m
[36m(SimpleStorageUnit pid=9493)[0m Per-operation statistics: PUT_DATA: req_count=456, req/min=90.42, avg_time=0.007772s, max_time=0.034858s, min_time=0.002775s; CLEAR_DATA: req_count=3, req/min=0.59, avg_time=0.011225s, max_time=0.017580s, min_time=0.007999s; GET_DATA: req_count=22, req/min=4.36, avg_time=0.006914s, max_time=0.009751s, min_time=0.003372s[32m [repeated 7x across cluster][0m
[36m(TaskRunnerV1 pid=8235)[0m Training Progress:  15%|█▌        | 27/180 [1:08:23<6:27:44, 152.06s/it]
[36m(AgentLoopWorkerTQ pid=15943)[0m /mnt/tier1/project/p201382/erisa/Internship/Cascade2/verl-version/.venv/lib/python3.12/site-packages/pydantic/main.py:475: UserWarning: Pydantic serializer warnings:
[36m(AgentLoopWorkerTQ pid=15943)[0m   PydanticSerializationUnexpectedValue(Expected `float` - serialized value may not be as expected [field_name='reward_score', input_value=tensor(0.4141), input_type=Tensor])
[36m(AgentLoopWorkerTQ pid=15943)[0m   return self.__pydantic_serializer__.to_python(
[36m(TaskRunnerV1 pid=8235)[0m Training Progress:  16%|█▌        | 28/180 [1:10:51<6:21:59, 150.79s/it]
[36m(TransferQueueController pid=9128)[0m 2026-07-08 13:35:08,457 - INFO - transfer_queue.utils.perf_utils - TQ_CONTROLLER_3eaa8a51: [Performance] Total success requests: 14355, Total req/min: 2870.97, Total avg process time: 0.0002s; 
[36m(TransferQueueController pid=9128)[0m Time range: last 5.00 minutes; 
[36m(TransferQueueController pid=9128)[0m Per-operation statistics: KV_RETRIEVE_META: req_count=4993, req/min=998.59, avg_time=0.000520s, max_time=0.085382s, min_time=0.000212s; CLEAR_META: req_count=5, req/min=1.00, avg_time=0.014439s, max_time=0.021070s, min_time=0.007152s; SET_CUSTOM_META: req_count=4984, req/min=996.79, avg_time=0.000016s, max_time=0.000968s, min_time=0.000009s; KV_LIST: req_count=32, req/min=6.40, avg_time=0.001057s, max_time=0.002033s, min_time=0.000172s; NOTIFY_DATA_UPDATE: req_count=4339, req/min=867.79, avg_time=0.000128s, max_time=0.003009s, min_time=0.000084s; KV_RETRIEVE_KEYS: req_count=2, req/min=0.40, avg_time=0.000755s, max_time=0.000826s, min_time=0.000683s
[36m(SimpleStorageUnit pid=9492)[0m Per-operation statistics: CLEAR_DATA: req_count=5, req/min=1.00, avg_time=0.014485s, max_time=0.024178s, min_time=0.005761s; PUT_DATA: req_count=537, req/min=107.40, avg_time=0.008481s, max_time=0.018514s, min_time=0.002794s; GET_DATA: req_count=22, req/min=4.40, avg_time=0.007720s, max_time=0.009676s, min_time=0.003553s
[36m(AgentLoopWorkerTQ pid=15938)[0m /mnt/tier1/project/p201382/erisa/Internship/Cascade2/verl-version/.venv/lib/python3.12/site-packages/pydantic/main.py:475: UserWarning: Pydantic serializer warnings:
[36m(AgentLoopWorkerTQ pid=15938)[0m   PydanticSerializationUnexpectedValue(Expected `float` - serialized value may not be as expected [field_name='reward_score', input_value=tensor(-0.5430), input_type=Tensor])
[36m(AgentLoopWorkerTQ pid=15938)[0m   return self.__pydantic_serializer__.to_python(
[36m(SimpleStorageUnit pid=9486)[0m 2026-07-08 13:35:08,650 - INFO - transfer_queue.utils.perf_utils - TQ_STORAGE_UNIT_1c5adb34: [Performance] Total success requests: 585, Total req/min: 116.95, Total avg process time: 0.0084s; [32m [repeated 8x across cluster][0m
[36m(SimpleStorageUnit pid=9486)[0m Time range: last 5.00 minutes; [32m [repeated 8x across cluster][0m
[36m(SimpleStorageUnit pid=9486)[0m Per-operation statistics: CLEAR_DATA: req_count=5, req/min=1.00, avg_time=0.014636s, max_time=0.023248s, min_time=0.005546s; PUT_DATA: req_count=558, req/min=111.55, avg_time=0.008319s, max_time=0.016566s, min_time=0.002718s; GET_DATA: req_count=22, req/min=4.40, avg_time=0.008075s, max_time=0.010168s, min_time=0.005792s[32m [repeated 7x across cluster][0m
[36m(TaskRunnerV1 pid=8235)[0m Training Progress:  16%|█▌        | 29/180 [1:13:18<6:16:30, 149.60s/it]
[36m(AgentLoopWorkerTQ pid=15943)[0m /mnt/tier1/project/p201382/erisa/Internship/Cascade2/verl-version/.venv/lib/python3.12/site-packages/pydantic/main.py:475: UserWarning: Pydantic serializer warnings:
[36m(AgentLoopWorkerTQ pid=15943)[0m   PydanticSerializationUnexpectedValue(Expected `float` - serialized value may not be as expected [field_name='reward_score', input_value=tensor(-0.6660), input_type=Tensor])
[36m(AgentLoopWorkerTQ pid=15943)[0m   return self.__pydantic_serializer__.to_python(
[36m(AgentLoopWorkerTQ pid=15938)[0m /mnt/tier1/project/p201382/erisa/Internship/Cascade2/verl-version/.venv/lib/python3.12/site-packages/pydantic/main.py:475: UserWarning: Pydantic serializer warnings:
[36m(AgentLoopWorkerTQ pid=15938)[0m   PydanticSerializationUnexpectedValue(Expected `float` - serialized value may not be as expected [field_name='reward_score', input_value=tensor(-0.1270), input_type=Tensor])
[36m(AgentLoopWorkerTQ pid=15938)[0m   return self.__pydantic_serializer__.to_python(
[36m(WorkerDict pid=10580)[0m /mnt/tier1/project/p201382/erisa/Internship/Cascade2/verl-version/verl/verl/plugin/platform/platform_cuda.py:99: FutureWarning: torch.cuda._set_allocator_settings is deprecated. Use torch._C._accelerator_setAllocatorSettings instead.
[36m(WorkerDict pid=10580)[0m   torch.cuda.memory._set_allocator_settings(settings)
[36m(TransferQueueController pid=9128)[0m 2026-07-08 13:40:08,465 - INFO - transfer_queue.utils.perf_utils - TQ_CONTROLLER_3eaa8a51: [Performance] Total success requests: 16974, Total req/min: 3394.72, Total avg process time: 0.0002s; 
[36m(TransferQueueController pid=9128)[0m Time range: last 5.00 minutes; 
[36m(TransferQueueController pid=9128)[0m Per-operation statistics: SET_CUSTOM_META: req_count=6517, req/min=1303.37, avg_time=0.000015s, max_time=0.000703s, min_time=0.000009s; NOTIFY_DATA_UPDATE: req_count=3877, req/min=775.38, avg_time=0.000120s, max_time=0.008382s, min_time=0.000086s; KV_RETRIEVE_META: req_count=6548, req/min=1309.57, avg_time=0.000407s, max_time=0.146577s, min_time=0.000193s; KV_LIST: req_count=27, req/min=5.40, avg_time=0.001030s, max_time=0.003250s, min_time=0.000244s; CLEAR_META: req_count=3, req/min=0.60, avg_time=0.010690s, max_time=0.018849s, min_time=0.006392s; KV_RETRIEVE_KEYS: req_count=2, req/min=0.40, avg_time=0.000725s, max_time=0.000759s, min_time=0.000692s
[36m(WorkerDict pid=10578)[0m /mnt/tier1/project/p201382/erisa/Internship/Cascade2/verl-version/verl/verl/plugin/platform/platform_cuda.py:99: FutureWarning: torch.cuda._set_allocator_settings is deprecated. Use torch._C._accelerator_setAllocatorSettings instead.[32m [repeated 3x across cluster][0m
[36m(WorkerDict pid=10578)[0m   torch.cuda.memory._set_allocator_settings(settings)[32m [repeated 3x across cluster][0m
[36m(SimpleStorageUnit pid=9489)[0m Per-operation statistics: PUT_DATA: req_count=492, req/min=98.39, avg_time=0.007535s, max_time=0.016214s, min_time=0.002790s; CLEAR_DATA: req_count=3, req/min=0.60, avg_time=0.011862s, max_time=0.019692s, min_time=0.007829s; GET_DATA: req_count=21, req/min=4.20, avg_time=0.007735s, max_time=0.009066s, min_time=0.004924s
[36m(AgentLoopWorkerTQ pid=15797)[0m /mnt/tier1/project/p201382/erisa/Internship/Cascade2/verl-version/.venv/lib/python3.12/site-packages/pydantic/main.py:475: UserWarning: Pydantic serializer warnings:
[36m(AgentLoopWorkerTQ pid=15797)[0m   PydanticSerializationUnexpectedValue(Expected `float` - serialized value may not be as expected [field_name='reward_score', input_value=tensor(-0.3125), input_type=Tensor])
[36m(AgentLoopWorkerTQ pid=15797)[0m   return self.__pydantic_serializer__.to_python(
[36m(SimpleStorageUnit pid=9486)[0m 2026-07-08 13:40:08,675 - INFO - transfer_queue.utils.perf_utils - TQ_STORAGE_UNIT_1c5adb34: [Performance] Total success requests: 534, Total req/min: 106.79, Total avg process time: 0.0073s; [32m [repeated 8x across cluster][0m
[36m(SimpleStorageUnit pid=9486)[0m Time range: last 5.00 minutes; [32m [repeated 8x across cluster][0m
[36m(SimpleStorageUnit pid=9486)[0m Per-operation statistics: PUT_DATA: req_count=510, req/min=101.99, avg_time=0.007326s, max_time=0.015792s, min_time=0.002723s; CLEAR_DATA: req_count=3, req/min=0.60, avg_time=0.011273s, max_time=0.017624s, min_time=0.007893s; GET_DATA: req_count=21, req/min=4.20, avg_time=0.007081s, max_time=0.009145s, min_time=0.004657s[32m [repeated 7x across cluster][0m
[36m(TaskRunnerV1 pid=8235)[0m Training Progress:  17%|█▋        | 30/180 [1:16:38<6:52:11, 164.87s/it]
[36m(AgentLoopWorkerTQ pid=15939)[0m /mnt/tier1/project/p201382/erisa/Internship/Cascade2/verl-version/.venv/lib/python3.12/site-packages/pydantic/main.py:475: UserWarning: Pydantic serializer warnings:
[36m(AgentLoopWorkerTQ pid=15939)[0m   PydanticSerializationUnexpectedValue(Expected `float` - serialized value may not be as expected [field_name='reward_score', input_value=tensor(-0.5684), input_type=Tensor])
[36m(AgentLoopWorkerTQ pid=15939)[0m   return self.__pydantic_serializer__.to_python(
[36m(TaskRunnerV1 pid=8235)[0m Training Progress:  17%|█▋        | 31/180 [1:19:09<6:39:20, 160.81s/it]
[36m(AgentLoopWorkerTQ pid=15941)[0m /mnt/tier1/project/p201382/erisa/Internship/Cascade2/verl-version/.venv/lib/python3.12/site-packages/pydantic/main.py:475: UserWarning: Pydantic serializer warnings:
[36m(AgentLoopWorkerTQ pid=15941)[0m   PydanticSerializationUnexpectedValue(Expected `float` - serialized value may not be as expected [field_name='reward_score', input_value=tensor(-0.9297), input_type=Tensor])
[36m(AgentLoopWorkerTQ pid=15941)[0m   return self.__pydantic_serializer__.to_python(
[36m(TransferQueueController pid=9128)[0m 2026-07-08 13:45:53,618 - INFO - transfer_queue.utils.perf_utils - TQ_CONTROLLER_3eaa8a51: [Performance] Total success requests: 24674, Total req/min: 4289.22, Total avg process time: 0.0002s; 
[36m(TransferQueueController pid=9128)[0m Time range: last 5.75 minutes; 
[36m(TransferQueueController pid=9128)[0m Per-operation statistics: NOTIFY_DATA_UPDATE: req_count=6364, req/min=1106.29, avg_time=0.000131s, max_time=0.007595s, min_time=0.000085s; KV_RETRIEVE_META: req_count=9116, req/min=1584.69, avg_time=0.000466s, max_time=0.464958s, min_time=0.000195s; SET_CUSTOM_META: req_count=9134, req/min=1587.81, avg_time=0.000016s, max_time=0.000762s, min_time=0.000009s; KV_LIST: req_count=52, req/min=9.04, avg_time=0.001701s, max_time=0.003887s, min_time=0.000175s; CLEAR_META: req_count=6, req/min=1.04, avg_time=0.011608s, max_time=0.017598s, min_time=0.004614s; KV_RETRIEVE_KEYS: req_count=2, req/min=0.35, avg_time=0.000693s, max_time=0.000706s, min_time=0.000680s
[36m(SimpleStorageUnit pid=9489)[0m Per-operation statistics: PUT_DATA: req_count=811, req/min=140.99, avg_time=0.006854s, max_time=0.018089s, min_time=0.002706s; CLEAR_DATA: req_count=6, req/min=1.04, avg_time=0.012844s, max_time=0.018260s, min_time=0.006872s; GET_DATA: req_count=25, req/min=4.35, avg_time=0.007725s, max_time=0.009662s, min_time=0.005675s
[36m(TaskRunnerV1 pid=8235)[0m Training Progress:  18%|█▊        | 32/180 [1:21:40<6:29:04, 157.73s/it]
[36m(AgentLoopWorkerTQ pid=15939)[0m /mnt/tier1/project/p201382/erisa/Internship/Cascade2/verl-version/.venv/lib/python3.12/site-packages/pydantic/main.py:475: UserWarning: Pydantic serializer warnings:
[36m(AgentLoopWorkerTQ pid=15939)[0m   PydanticSerializationUnexpectedValue(Expected `float` - serialized value may not be as expected [field_name='reward_score', input_value=tensor(-0.5625), input_type=Tensor])
[36m(AgentLoopWorkerTQ pid=15939)[0m   return self.__pydantic_serializer__.to_python(
[36m(SimpleStorageUnit pid=9493)[0m 2026-07-08 13:45:53,685 - INFO - transfer_queue.utils.perf_utils - TQ_STORAGE_UNIT_c67b05a2: [Performance] Total success requests: 847, Total req/min: 147.28, Total avg process time: 0.0069s; [32m [repeated 8x across cluster][0m
[36m(SimpleStorageUnit pid=9493)[0m Time range: last 5.75 minutes; [32m [repeated 8x across cluster][0m
[36m(SimpleStorageUnit pid=9493)[0m Per-operation statistics: PUT_DATA: req_count=816, req/min=141.89, avg_time=0.006843s, max_time=0.025089s, min_time=0.002695s; CLEAR_DATA: req_count=6, req/min=1.04, avg_time=0.012276s, max_time=0.016931s, min_time=0.007079s; GET_DATA: req_count=25, req/min=4.35, avg_time=0.007483s, max_time=0.009699s, min_time=0.003472s[32m [repeated 7x across cluster][0m
[36m(TaskRunnerV1 pid=8235)[0m Training Progress:  18%|█▊        | 33/180 [1:24:06<6:17:47, 154.20s/it]
[36m(AgentLoopWorkerTQ pid=15943)[0m /mnt/tier1/project/p201382/erisa/Internship/Cascade2/verl-version/.venv/lib/python3.12/site-packages/pydantic/main.py:475: UserWarning: Pydantic serializer warnings:[32m [repeated 4x across cluster][0m
[36m(AgentLoopWorkerTQ pid=15943)[0m   PydanticSerializationUnexpectedValue(Expected `float` - serialized value may not be as expected [field_name='reward_score', input_value=tensor(-0.7949), input_type=Tensor])[32m [repeated 4x across cluster][0m
[36m(AgentLoopWorkerTQ pid=15943)[0m   return self.__pydantic_serializer__.to_python([32m [repeated 4x across cluster][0m
[36m(AgentLoopWorkerTQ pid=15944)[0m /mnt/tier1/project/p201382/erisa/Internship/Cascade2/verl-version/.venv/lib/python3.12/site-packages/pydantic/main.py:475: UserWarning: Pydantic serializer warnings:[32m [repeated 2x across cluster][0m
[36m(AgentLoopWorkerTQ pid=15944)[0m   PydanticSerializationUnexpectedValue(Expected `float` - serialized value may not be as expected [field_name='reward_score', input_value=tensor(-0.5469), input_type=Tensor])[32m [repeated 2x across cluster][0m
[36m(AgentLoopWorkerTQ pid=15944)[0m   return self.__pydantic_serializer__.to_python([32m [repeated 2x across cluster][0m
[36m(TaskRunnerV1 pid=8235)[0m Training Progress:  19%|█▉        | 34/180 [1:26:32<6:09:26, 151.83s/it]
[36m(TransferQueueController pid=9128)[0m 2026-07-08 13:50:53,619 - INFO - transfer_queue.utils.perf_utils - TQ_CONTROLLER_3eaa8a51: [Performance] Total success requests: 15318, Total req/min: 3063.59, Total avg process time: 0.0002s; 
[36m(TransferQueueController pid=9128)[0m Time range: last 5.00 minutes; 
[36m(TransferQueueController pid=9128)[0m Per-operation statistics: KV_RETRIEVE_META: req_count=5315, req/min=1063.00, avg_time=0.000498s, max_time=0.086483s, min_time=0.000212s; CLEAR_META: req_count=5, req/min=1.00, avg_time=0.011936s, max_time=0.017566s, min_time=0.005475s; SET_CUSTOM_META: req_count=5306, req/min=1061.20, avg_time=0.000016s, max_time=0.000665s, min_time=0.000009s; KV_LIST: req_count=33, req/min=6.60, avg_time=0.000878s, max_time=0.001893s, min_time=0.000186s; NOTIFY_DATA_UPDATE: req_count=4657, req/min=931.40, avg_time=0.000127s, max_time=0.008589s, min_time=0.000084s; KV_RETRIEVE_KEYS: req_count=2, req/min=0.40, avg_time=0.000762s, max_time=0.000813s, min_time=0.000710s
[36m(SimpleStorageUnit pid=9492)[0m Per-operation statistics: CLEAR_DATA: req_count=5, req/min=1.00, avg_time=0.013053s, max_time=0.016438s, min_time=0.008243s; PUT_DATA: req_count=592, req/min=118.38, avg_time=0.006983s, max_time=0.016267s, min_time=0.002738s; GET_DATA: req_count=22, req/min=4.40, avg_time=0.006811s, max_time=0.009937s, min_time=0.003004s
[36m(AgentLoopWorkerTQ pid=15938)[0m /mnt/tier1/project/p201382/erisa/Internship/Cascade2/verl-version/.venv/lib/python3.12/site-packages/pydantic/main.py:475: UserWarning: Pydantic serializer warnings:
[36m(AgentLoopWorkerTQ pid=15938)[0m   PydanticSerializationUnexpectedValue(Expected `float` - serialized value may not be as expected [field_name='reward_score', input_value=tensor(-0.8945), input_type=Tensor])
[36m(AgentLoopWorkerTQ pid=15938)[0m   return self.__pydantic_serializer__.to_python(
[36m(SimpleStorageUnit pid=9488)[0m 2026-07-08 13:50:54,008 - INFO - transfer_queue.utils.perf_utils - TQ_STORAGE_UNIT_99f20e51: [Performance] Total success requests: 642, Total req/min: 128.26, Total avg process time: 0.0072s; [32m [repeated 8x across cluster][0m
[36m(SimpleStorageUnit pid=9488)[0m Time range: last 5.01 minutes; [32m [repeated 8x across cluster][0m
[36m(SimpleStorageUnit pid=9488)[0m Per-operation statistics: CLEAR_DATA: req_count=5, req/min=1.00, avg_time=0.014314s, max_time=0.020104s, min_time=0.008516s; PUT_DATA: req_count=615, req/min=122.87, avg_time=0.007112s, max_time=0.017180s, min_time=0.002728s; GET_DATA: req_count=22, req/min=4.40, avg_time=0.007533s, max_time=0.009696s, min_time=0.005463s[32m [repeated 7x across cluster][0m
[36m(TaskRunnerV1 pid=8235)[0m Training Progress:  19%|█▉        | 35/180 [1:29:03<6:05:47, 151.36s/it]
[36m(AgentLoopWorkerTQ pid=15940)[0m /mnt/tier1/project/p201382/erisa/Internship/Cascade2/verl-version/.venv/lib/python3.12/site-packages/pydantic/main.py:475: UserWarning: Pydantic serializer warnings:
[36m(AgentLoopWorkerTQ pid=15940)[0m   PydanticSerializationUnexpectedValue(Expected `float` - serialized value may not be as expected [field_name='reward_score', input_value=tensor(-0.0098), input_type=Tensor])
[36m(AgentLoopWorkerTQ pid=15940)[0m   return self.__pydantic_serializer__.to_python(
[36m(TaskRunnerV1 pid=8235)[0m Training Progress:  20%|██        | 36/180 [1:31:26<5:57:31, 148.97s/it]
[36m(AgentLoopWorkerTQ pid=15943)[0m /mnt/tier1/project/p201382/erisa/Internship/Cascade2/verl-version/.venv/lib/python3.12/site-packages/pydantic/main.py:475: UserWarning: Pydantic serializer warnings:[32m [repeated 4x across cluster][0m
[36m(AgentLoopWorkerTQ pid=15943)[0m   PydanticSerializationUnexpectedValue(Expected `float` - serialized value may not be as expected [field_name='reward_score', input_value=tensor(-0.9688), input_type=Tensor])[32m [repeated 4x across cluster][0m
[36m(AgentLoopWorkerTQ pid=15943)[0m   return self.__pydantic_serializer__.to_python([32m [repeated 4x across cluster][0m
[36m(TransferQueueController pid=9128)[0m 2026-07-08 13:55:53,635 - INFO - transfer_queue.utils.perf_utils - TQ_CONTROLLER_3eaa8a51: [Performance] Total success requests: 18013, Total req/min: 3602.40, Total avg process time: 0.0002s; 
[36m(TransferQueueController pid=9128)[0m Time range: last 5.00 minutes; 
[36m(TransferQueueController pid=9128)[0m Per-operation statistics: KV_RETRIEVE_META: req_count=6202, req/min=1240.33, avg_time=0.000521s, max_time=0.424435s, min_time=0.000211s; NOTIFY_DATA_UPDATE: req_count=5578, req/min=1115.54, avg_time=0.000123s, max_time=0.012179s, min_time=0.000086s; SET_CUSTOM_META: req_count=6197, req/min=1239.33, avg_time=0.000016s, max_time=0.000572s, min_time=0.000009s; KV_LIST: req_count=30, req/min=6.00, avg_time=0.000936s, max_time=0.001753s, min_time=0.000241s; CLEAR_META: req_count=4, req/min=0.80, avg_time=0.011267s, max_time=0.016433s, min_time=0.005572s; KV_RETRIEVE_KEYS: req_count=2, req/min=0.40, avg_time=0.000910s, max_time=0.000918s, min_time=0.000902s
[36m(SimpleStorageUnit pid=9486)[0m Per-operation statistics: PUT_DATA: req_count=699, req/min=139.79, avg_time=0.007621s, max_time=0.018045s, min_time=0.002746s; CLEAR_DATA: req_count=4, req/min=0.80, avg_time=0.012704s, max_time=0.017729s, min_time=0.007356s; GET_DATA: req_count=22, req/min=4.40, avg_time=0.007624s, max_time=0.009786s, min_time=0.005341s
[36m(TaskRunnerV1 pid=8235)[0m Training Progress:  21%|██        | 37/180 [1:33:50<5:51:49, 147.62s/it]
[36m(SimpleStorageUnit pid=9488)[0m 2026-07-08 13:55:57,280 - INFO - transfer_queue.utils.perf_utils - TQ_STORAGE_UNIT_99f20e51: [Performance] Total success requests: 743, Total req/min: 147.00, Total avg process time: 0.0080s; [32m [repeated 8x across cluster][0m
[36m(SimpleStorageUnit pid=9488)[0m Time range: last 5.05 minutes; [32m [repeated 8x across cluster][0m
[36m(SimpleStorageUnit pid=9488)[0m Per-operation statistics: PUT_DATA: req_count=717, req/min=141.85, avg_time=0.007969s, max_time=0.018730s, min_time=0.002738s; CLEAR_DATA: req_count=4, req/min=0.79, avg_time=0.012388s, max_time=0.018729s, min_time=0.005735s; GET_DATA: req_count=22, req/min=4.35, avg_time=0.007365s, max_time=0.009334s, min_time=0.003588s[32m [repeated 7x across cluster][0m
[36m(AgentLoopWorkerTQ pid=15941)[0m /mnt/tier1/project/p201382/erisa/Internship/Cascade2/verl-version/.venv/lib/python3.12/site-packages/pydantic/main.py:475: UserWarning: Pydantic serializer warnings:
[36m(AgentLoopWorkerTQ pid=15941)[0m   PydanticSerializationUnexpectedValue(Expected `float` - serialized value may not be as expected [field_name='reward_score', input_value=tensor(-0.3281), input_type=Tensor])
[36m(AgentLoopWorkerTQ pid=15941)[0m   return self.__pydantic_serializer__.to_python(
[36m(TaskRunnerV1 pid=8235)[0m Training Progress:  21%|██        | 38/180 [1:36:21<5:51:18, 148.44s/it]
[36m(AgentLoopWorkerTQ pid=15944)[0m /mnt/tier1/project/p201382/erisa/Internship/Cascade2/verl-version/.venv/lib/python3.12/site-packages/pydantic/main.py:475: UserWarning: Pydantic serializer warnings:
[36m(AgentLoopWorkerTQ pid=15944)[0m   PydanticSerializationUnexpectedValue(Expected `float` - serialized value may not be as expected [field_name='reward_score', input_value=tensor(-0.9570), input_type=Tensor])
[36m(AgentLoopWorkerTQ pid=15944)[0m   return self.__pydantic_serializer__.to_python(
[36m(TransferQueueController pid=9128)[0m 2026-07-08 14:00:53,792 - INFO - transfer_queue.utils.perf_utils - TQ_CONTROLLER_3eaa8a51: [Performance] Total success requests: 13410, Total req/min: 2680.59, Total avg process time: 0.0002s; 
[36m(TransferQueueController pid=9128)[0m Time range: last 5.00 minutes; 
[36m(TransferQueueController pid=9128)[0m Per-operation statistics: NOTIFY_DATA_UPDATE: req_count=4107, req/min=820.97, avg_time=0.000116s, max_time=0.003693s, min_time=0.000085s; SET_CUSTOM_META: req_count=4629, req/min=925.31, avg_time=0.000015s, max_time=0.001342s, min_time=0.000009s; KV_RETRIEVE_META: req_count=4634, req/min=926.31, avg_time=0.000494s, max_time=0.085193s, min_time=0.000211s; KV_LIST: req_count=34, req/min=6.80, avg_time=0.000966s, max_time=0.001674s, min_time=0.000163s; CLEAR_META: req_count=4, req/min=0.80, avg_time=0.010780s, max_time=0.016039s, min_time=0.005654s; KV_RETRIEVE_KEYS: req_count=2, req/min=0.40, avg_time=0.000627s, max_time=0.000728s, min_time=0.000526s
[36m(SimpleStorageUnit pid=9487)[0m Per-operation statistics: PUT_DATA: req_count=537, req/min=107.14, avg_time=0.007010s, max_time=0.016936s, min_time=0.002735s; CLEAR_DATA: req_count=4, req/min=0.80, avg_time=0.012089s, max_time=0.017097s, min_time=0.006907s; GET_DATA: req_count=22, req/min=4.39, avg_time=0.006966s, max_time=0.010746s, min_time=0.003163s
[36m(SimpleStorageUnit pid=9488)[0m 2026-07-08 14:00:58,960 - INFO - transfer_queue.utils.perf_utils - TQ_STORAGE_UNIT_99f20e51: [Performance] Total success requests: 552, Total req/min: 109.78, Total avg process time: 0.0071s; [32m [repeated 5x across cluster][0m
[36m(SimpleStorageUnit pid=9488)[0m Time range: last 5.03 minutes; [32m [repeated 5x across cluster][0m
[36m(SimpleStorageUnit pid=9492)[0m Per-operation statistics: PUT_DATA: req_count=525, req/min=102.40, avg_time=0.006766s, max_time=0.016621s, min_time=0.002750s; CLEAR_DATA: req_count=4, req/min=0.78, avg_time=0.011685s, max_time=0.016613s, min_time=0.007227s; GET_DATA: req_count=22, req/min=4.29, avg_time=0.006859s, max_time=0.011672s, min_time=0.003905s[32m [repeated 5x across cluster][0m
[36m(SimpleStorageUnit pid=9490)[0m 2026-07-08 14:01:03,940 - INFO - transfer_queue.utils.perf_utils - TQ_STORAGE_UNIT_22f592ee: [Performance] Total success requests: 541, Total req/min: 105.09, Total avg process time: 0.0070s; [32m [repeated 3x across cluster][0m
[36m(SimpleStorageUnit pid=9490)[0m Time range: last 5.15 minutes; [32m [repeated 3x across cluster][0m
[36m(WorkerDict pid=10578)[0m /mnt/tier1/project/p201382/erisa/Internship/Cascade2/verl-version/.venv/lib/python3.12/site-packages/torch/_inductor/lowering.py:7836: UserWarning: 
[36m(WorkerDict pid=10578)[0m Online softmax is disabled on the fly since Inductor decides to
[36m(WorkerDict pid=10578)[0m split the reduction. Cut an issue to PyTorch if this is an
[36m(WorkerDict pid=10578)[0m important use case and you want to speed it up with online
[36m(WorkerDict pid=10578)[0m softmax.
[36m(WorkerDict pid=10578)[0m 
[36m(WorkerDict pid=10578)[0m   warnings.warn(
[36m(SimpleStorageUnit pid=9490)[0m Per-operation statistics: PUT_DATA: req_count=514, req/min=99.84, avg_time=0.006955s, max_time=0.018488s, min_time=0.002669s; CLEAR_DATA: req_count=5, req/min=0.97, avg_time=0.010249s, max_time=0.016818s, min_time=0.005984s; GET_DATA: req_count=22, req/min=4.27, avg_time=0.007116s, max_time=0.011071s, min_time=0.003655s[32m [repeated 2x across cluster][0m
[36m(WorkerDict pid=10578)[0m /mnt/tier1/project/p201382/erisa/Internship/Cascade2/verl-version/verl/verl/plugin/platform/platform_cuda.py:99: FutureWarning: torch.cuda._set_allocator_settings is deprecated. Use torch._C._accelerator_setAllocatorSettings instead.
[36m(WorkerDict pid=10578)[0m   torch.cuda.memory._set_allocator_settings(settings)
[36m(TaskRunnerV1 pid=8235)[0m Training Progress:  22%|██▏       | 39/180 [1:38:55<5:53:04, 150.24s/it]
[36m(AgentLoopWorkerTQ pid=15943)[0m /mnt/tier1/project/p201382/erisa/Internship/Cascade2/verl-version/.venv/lib/python3.12/site-packages/pydantic/main.py:475: UserWarning: Pydantic serializer warnings:
[36m(AgentLoopWorkerTQ pid=15943)[0m   PydanticSerializationUnexpectedValue(Expected `float` - serialized value may not be as expected [field_name='reward_score', input_value=tensor(-0.2520), input_type=Tensor])
[36m(AgentLoopWorkerTQ pid=15943)[0m   return self.__pydantic_serializer__.to_python(
[36m(WorkerDict pid=10580)[0m /mnt/tier1/project/p201382/erisa/Internship/Cascade2/verl-version/verl/verl/plugin/platform/platform_cuda.py:99: FutureWarning: torch.cuda._set_allocator_settings is deprecated. Use torch._C._accelerator_setAllocatorSettings instead.
[36m(WorkerDict pid=10580)[0m   torch.cuda.memory._set_allocator_settings(settings)
[36m(TransferQueueController pid=9128)[0m 2026-07-08 14:05:53,841 - INFO - transfer_queue.utils.perf_utils - TQ_CONTROLLER_3eaa8a51: [Performance] Total success requests: 16366, Total req/min: 3272.67, Total avg process time: 0.0002s; 
[36m(TransferQueueController pid=9128)[0m Time range: last 5.00 minutes; 
[36m(TransferQueueController pid=9128)[0m Per-operation statistics: KV_RETRIEVE_META: req_count=6624, req/min=1324.58, avg_time=0.000405s, max_time=0.093678s, min_time=0.000193s; NOTIFY_DATA_UPDATE: req_count=3093, req/min=618.50, avg_time=0.000139s, max_time=0.004108s, min_time=0.000088s; SET_CUSTOM_META: req_count=6619, req/min=1323.58, avg_time=0.000015s, max_time=0.000595s, min_time=0.000009s; KV_LIST: req_count=25, req/min=5.00, avg_time=0.001362s, max_time=0.003768s, min_time=0.000225s; CLEAR_META: req_count=3, req/min=0.60, avg_time=0.009472s, max_time=0.016356s, min_time=0.005786s; KV_RETRIEVE_KEYS: req_count=2, req/min=0.40, avg_time=0.000765s, max_time=0.000831s, min_time=0.000698s
[36m(WorkerDict pid=10578)[0m /mnt/tier1/project/p201382/erisa/Internship/Cascade2/verl-version/verl/verl/plugin/platform/platform_cuda.py:99: FutureWarning: torch.cuda._set_allocator_settings is deprecated. Use torch._C._accelerator_setAllocatorSettings instead.[32m [repeated 3x across cluster][0m
[36m(WorkerDict pid=10578)[0m   torch.cuda.memory._set_allocator_settings(settings)[32m [repeated 3x across cluster][0m
[36m(SimpleStorageUnit pid=9487)[0m Per-operation statistics: PUT_DATA: req_count=415, req/min=82.88, avg_time=0.006736s, max_time=0.016094s, min_time=0.002723s; CLEAR_DATA: req_count=3, req/min=0.60, avg_time=0.010021s, max_time=0.016876s, min_time=0.005382s; GET_DATA: req_count=21, req/min=4.19, avg_time=0.006268s, max_time=0.009310s, min_time=0.003885s
[36m(SimpleStorageUnit pid=9488)[0m 2026-07-08 14:05:59,052 - INFO - transfer_queue.utils.perf_utils - TQ_STORAGE_UNIT_99f20e51: [Performance] Total success requests: 559, Total req/min: 111.77, Total avg process time: 0.0070s; [32m [repeated 5x across cluster][0m
[36m(SimpleStorageUnit pid=9488)[0m Time range: last 5.00 minutes; [32m [repeated 5x across cluster][0m
[36m(SimpleStorageUnit pid=9492)[0m Per-operation statistics: PUT_DATA: req_count=515, req/min=100.37, avg_time=0.006821s, max_time=0.019164s, min_time=0.002686s; CLEAR_DATA: req_count=3, req/min=0.58, avg_time=0.009531s, max_time=0.015946s, min_time=0.005373s; GET_DATA: req_count=21, req/min=4.09, avg_time=0.006827s, max_time=0.009354s, min_time=0.005189s[32m [repeated 5x across cluster][0m
[36m(SimpleStorageUnit pid=9492)[0m 2026-07-08 14:06:09,779 - INFO - transfer_queue.utils.perf_utils - TQ_STORAGE_UNIT_daf3cb07: [Performance] Total success requests: 539, Total req/min: 105.05, Total avg process time: 0.0068s; 
[36m(SimpleStorageUnit pid=9492)[0m Time range: last 5.13 minutes; 
[36m(SimpleStorageUnit pid=9490)[0m 2026-07-08 14:06:16,124 - INFO - transfer_queue.utils.perf_utils - TQ_STORAGE_UNIT_22f592ee: [Performance] Total success requests: 547, Total req/min: 105.13, Total avg process time: 0.0071s; 
[36m(SimpleStorageUnit pid=9490)[0m Time range: last 5.20 minutes; 
[36m(SimpleStorageUnit pid=9490)[0m Per-operation statistics: GET_DATA: req_count=21, req/min=4.04, avg_time=0.006527s, max_time=0.010074s, min_time=0.003807s; PUT_DATA: req_count=524, req/min=100.71, avg_time=0.007066s, max_time=0.016482s, min_time=0.002702s; CLEAR_DATA: req_count=2, req/min=0.38, avg_time=0.013171s, max_time=0.018076s, min_time=0.008266s
[36m(SimpleStorageUnit pid=9489)[0m Per-operation statistics: CLEAR_DATA: req_count=3, req/min=0.57, avg_time=0.008722s, max_time=0.013899s, min_time=0.003780s; GET_DATA: req_count=21, req/min=4.02, avg_time=0.006458s, max_time=0.009883s, min_time=0.004107s; PUT_DATA: req_count=525, req/min=100.52, avg_time=0.006845s, max_time=0.015905s, min_time=0.002722s
[36m(TaskRunnerV1 pid=8235)[0m Training Progress:  22%|██▏       | 40/180 [1:42:11<6:22:30, 163.93s/it]
[36m(SimpleStorageUnit pid=9489)[0m 2026-07-08 14:06:16,375 - INFO - transfer_queue.utils.perf_utils - TQ_STORAGE_UNIT_0d563503: [Performance] Total success requests: 549, Total req/min: 105.12, Total avg process time: 0.0068s; 
[36m(SimpleStorageUnit pid=9489)[0m Time range: last 5.22 minutes; 
[36m(RewardLoopWorker pid=11937)[0m ERROR:2026-07-08 14:06:30,244:Unable to detect language for text <https://www.imdb.com/title/tt0097844/?ref_=nv_sr_1> due to No features in text.
[36m(TaskRunnerV1 pid=8235)[0m Training Progress:  23%|██▎       | 41/180 [1:44:40<6:09:31, 159.51s/it]
[36m(AgentLoopWorkerTQ pid=15943)[0m /mnt/tier1/project/p201382/erisa/Internship/Cascade2/verl-version/.venv/lib/python3.12/site-packages/pydantic/main.py:475: UserWarning: Pydantic serializer warnings:
[36m(AgentLoopWorkerTQ pid=15943)[0m   PydanticSerializationUnexpectedValue(Expected `float` - serialized value may not be as expected [field_name='reward_score', input_value=tensor(-0.0781), input_type=Tensor])
[36m(AgentLoopWorkerTQ pid=15943)[0m   return self.__pydantic_serializer__.to_python(
[36m(TransferQueueController pid=9128)[0m 2026-07-08 14:11:18,103 - INFO - transfer_queue.utils.perf_utils - TQ_CONTROLLER_3eaa8a51: [Performance] Total success requests: 19678, Total req/min: 3641.13, Total avg process time: 0.0002s; 
[36m(TransferQueueController pid=9128)[0m Time range: last 5.40 minutes; 
[36m(TransferQueueController pid=9128)[0m Per-operation statistics: NOTIFY_DATA_UPDATE: req_count=5361, req/min=991.97, avg_time=0.000127s, max_time=0.008324s, min_time=0.000083s; KV_RETRIEVE_META: req_count=7138, req/min=1320.78, avg_time=0.000472s, max_time=0.104736s, min_time=0.000193s; SET_CUSTOM_META: req_count=7128, req/min=1318.93, avg_time=0.000016s, max_time=0.000812s, min_time=0.000009s; KV_LIST: req_count=43, req/min=7.96, avg_time=0.001610s, max_time=0.003665s, min_time=0.000116s; CLEAR_META: req_count=6, req/min=1.11, avg_time=0.015581s, max_time=0.044756s, min_time=0.005962s; KV_RETRIEVE_KEYS: req_count=2, req/min=0.37, avg_time=0.000859s, max_time=0.000964s, min_time=0.000753s
[36m(SimpleStorageUnit pid=9489)[0m Per-operation statistics: PUT_DATA: req_count=556, req/min=110.54, avg_time=0.007726s, max_time=0.016132s, min_time=0.002764s; CLEAR_DATA: req_count=6, req/min=1.19, avg_time=0.014578s, max_time=0.021067s, min_time=0.007530s; GET_DATA: req_count=25, req/min=4.97, avg_time=0.007608s, max_time=0.010139s, min_time=0.004039s
[36m(TaskRunnerV1 pid=8235)[0m Training Progress:  23%|██▎       | 42/180 [1:47:04<5:56:01, 154.80s/it]
[36m(RewardLoopWorker pid=11943)[0m ERROR:2026-07-08 14:11:27,053:Unable to detect language for text https://www.srivastavs.ey.edu.tr/sistema/ogrenci_kas/wp-home/welcome-to-ntt-test-2.aspx due to No features in text.
[36m(SimpleStorageUnit pid=9493)[0m 2026-07-08 14:11:18,163 - INFO - transfer_queue.utils.perf_utils - TQ_STORAGE_UNIT_c67b05a2: [Performance] Total success requests: 617, Total req/min: 115.39, Total avg process time: 0.0079s; [32m [repeated 8x across cluster][0m
[36m(SimpleStorageUnit pid=9493)[0m Time range: last 5.35 minutes; [32m [repeated 8x across cluster][0m
[36m(SimpleStorageUnit pid=9493)[0m Per-operation statistics: PUT_DATA: req_count=586, req/min=109.60, avg_time=0.007846s, max_time=0.042081s, min_time=0.002700s; CLEAR_DATA: req_count=6, req/min=1.12, avg_time=0.015128s, max_time=0.024360s, min_time=0.004626s; GET_DATA: req_count=25, req/min=4.68, avg_time=0.007066s, max_time=0.010174s, min_time=0.003328s[32m [repeated 7x across cluster][0m
[36m(TaskRunnerV1 pid=8235)[0m Training Progress:  24%|██▍       | 43/180 [1:49:29<5:46:27, 151.73s/it]
[36m(AgentLoopWorkerTQ pid=15940)[0m /mnt/tier1/project/p201382/erisa/Internship/Cascade2/verl-version/.venv/lib/python3.12/site-packages/pydantic/main.py:475: UserWarning: Pydantic serializer warnings:
[36m(AgentLoopWorkerTQ pid=15940)[0m   PydanticSerializationUnexpectedValue(Expected `float` - serialized value may not be as expected [field_name='reward_score', input_value=tensor(-0.0957), input_type=Tensor])
[36m(AgentLoopWorkerTQ pid=15940)[0m   return self.__pydantic_serializer__.to_python(
[36m(TaskRunnerV1 pid=8235)[0m Training Progress:  24%|██▍       | 44/180 [1:51:50<5:36:47, 148.58s/it]
[36m(TransferQueueController pid=9128)[0m 2026-07-08 14:16:18,160 - INFO - transfer_queue.utils.perf_utils - TQ_CONTROLLER_3eaa8a51: [Performance] Total success requests: 19944, Total req/min: 3988.07, Total avg process time: 0.0002s; 
[36m(TransferQueueController pid=9128)[0m Time range: last 5.00 minutes; 
[36m(TransferQueueController pid=9128)[0m Per-operation statistics: KV_RETRIEVE_META: req_count=6891, req/min=1377.95, avg_time=0.000497s, max_time=0.439474s, min_time=0.000210s; CLEAR_META: req_count=5, req/min=1.00, avg_time=0.013210s, max_time=0.018339s, min_time=0.006913s; SET_CUSTOM_META: req_count=6883, req/min=1376.35, avg_time=0.000016s, max_time=0.000705s, min_time=0.000009s; KV_LIST: req_count=36, req/min=7.20, avg_time=0.000929s, max_time=0.001984s, min_time=0.000188s; NOTIFY_DATA_UPDATE: req_count=6127, req/min=1225.18, avg_time=0.000124s, max_time=0.011918s, min_time=0.000085s; KV_RETRIEVE_KEYS: req_count=2, req/min=0.40, avg_time=0.000682s, max_time=0.000700s, min_time=0.000664s
[36m(SimpleStorageUnit pid=9489)[0m Per-operation statistics: CLEAR_DATA: req_count=5, req/min=1.00, avg_time=0.014290s, max_time=0.020296s, min_time=0.007703s; PUT_DATA: req_count=778, req/min=155.56, avg_time=0.008062s, max_time=0.019562s, min_time=0.002729s; GET_DATA: req_count=22, req/min=4.40, avg_time=0.006563s, max_time=0.010703s, min_time=0.004052s
[36m(SimpleStorageUnit pid=9488)[0m 2026-07-08 14:16:25,242 - INFO - transfer_queue.utils.perf_utils - TQ_STORAGE_UNIT_99f20e51: [Performance] Total success requests: 806, Total req/min: 157.48, Total avg process time: 0.0085s; [32m [repeated 7x across cluster][0m
[36m(SimpleStorageUnit pid=9488)[0m Time range: last 5.12 minutes; [32m [repeated 7x across cluster][0m
[36m(SimpleStorageUnit pid=9488)[0m Per-operation statistics: CLEAR_DATA: req_count=5, req/min=0.98, avg_time=0.013971s, max_time=0.018552s, min_time=0.008078s; PUT_DATA: req_count=779, req/min=152.21, avg_time=0.008461s, max_time=0.018260s, min_time=0.002724s; GET_DATA: req_count=22, req/min=4.30, avg_time=0.007004s, max_time=0.009136s, min_time=0.004773s[32m [repeated 6x across cluster][0m
[36m(SimpleStorageUnit pid=9487)[0m 2026-07-08 14:16:31,020 - INFO - transfer_queue.utils.perf_utils - TQ_STORAGE_UNIT_966f8cc4: [Performance] Total success requests: 810, Total req/min: 155.34, Total avg process time: 0.0081s; 
[36m(SimpleStorageUnit pid=9487)[0m Time range: last 5.21 minutes; 
[36m(SimpleStorageUnit pid=9487)[0m Per-operation statistics: CLEAR_DATA: req_count=6, req/min=1.15, avg_time=0.012563s, max_time=0.021040s, min_time=0.004517s; PUT_DATA: req_count=782, req/min=149.97, avg_time=0.008150s, max_time=0.018245s, min_time=0.002711s; GET_DATA: req_count=22, req/min=4.22, avg_time=0.006757s, max_time=0.009108s, min_time=0.004306s
[36m(TaskRunnerV1 pid=8235)[0m Training Progress:  25%|██▌       | 45/180 [1:54:15<5:31:54, 147.51s/it]
[36m(AgentLoopWorkerTQ pid=15797)[0m /mnt/tier1/project/p201382/erisa/Internship/Cascade2/verl-version/.venv/lib/python3.12/site-packages/pydantic/main.py:475: UserWarning: Pydantic serializer warnings:
[36m(AgentLoopWorkerTQ pid=15797)[0m   PydanticSerializationUnexpectedValue(Expected `float` - serialized value may not be as expected [field_name='reward_score', input_value=tensor(-0.2598), input_type=Tensor])
[36m(AgentLoopWorkerTQ pid=15797)[0m   return self.__pydantic_serializer__.to_python(
[36m(TaskRunnerV1 pid=8235)[0m Training Progress:  26%|██▌       | 46/180 [1:56:42<5:29:22, 147.48s/it]
[36m(RewardLoopWorker pid=11943)[0m ERROR:2026-07-08 14:21:05,303:Unable to detect language for text <https://libreria.flvtech.com/ro/guidella/lyonich/quiajo/Ivan_de_Luzio.pdf> ******
[36m(RewardLoopWorker pid=11943)[0m 
[36m(RewardLoopWorker pid=11943)[0m ******
[36m(RewardLoopWorker pid=11943)[0m 
[36m(RewardLoopWorker pid=11943)[0m <https://link.springer.com/book/10.1007/978-3-540-45258-7> due to No features in text.
[36m(TransferQueueController pid=9128)[0m 2026-07-08 14:21:18,173 - INFO - transfer_queue.utils.perf_utils - TQ_CONTROLLER_3eaa8a51: [Performance] Total success requests: 13433, Total req/min: 2686.47, Total avg process time: 0.0002s; 
[36m(TransferQueueController pid=9128)[0m Time range: last 5.00 minutes; 
[36m(TransferQueueController pid=9128)[0m Per-operation statistics: NOTIFY_DATA_UPDATE: req_count=4118, req/min=823.56, avg_time=0.000118s, max_time=0.008585s, min_time=0.000087s; SET_CUSTOM_META: req_count=4635, req/min=926.95, avg_time=0.000015s, max_time=0.000658s, min_time=0.000009s; KV_RETRIEVE_META: req_count=4641, req/min=928.15, avg_time=0.000511s, max_time=0.097057s, min_time=0.000211s; KV_LIST: req_count=33, req/min=6.60, avg_time=0.000949s, max_time=0.001481s, min_time=0.000172s; CLEAR_META: req_count=4, req/min=0.80, avg_time=0.011138s, max_time=0.016872s, min_time=0.005212s; KV_RETRIEVE_KEYS: req_count=2, req/min=0.40, avg_time=0.000772s, max_time=0.000863s, min_time=0.000681s
[36m(SimpleStorageUnit pid=9489)[0m Per-operation statistics: PUT_DATA: req_count=518, req/min=103.57, avg_time=0.006978s, max_time=0.017157s, min_time=0.002776s; CLEAR_DATA: req_count=4, req/min=0.80, avg_time=0.012938s, max_time=0.020209s, min_time=0.008016s; GET_DATA: req_count=22, req/min=4.40, avg_time=0.007631s, max_time=0.010031s, min_time=0.004126s
[36m(AgentLoopWorkerTQ pid=15941)[0m /mnt/tier1/project/p201382/erisa/Internship/Cascade2/verl-version/.venv/lib/python3.12/site-packages/pydantic/main.py:475: UserWarning: Pydantic serializer warnings:
[36m(AgentLoopWorkerTQ pid=15941)[0m   PydanticSerializationUnexpectedValue(Expected `float` - serialized value may not be as expected [field_name='reward_score', input_value=tensor(-0.5547), input_type=Tensor])
[36m(AgentLoopWorkerTQ pid=15941)[0m   return self.__pydantic_serializer__.to_python(
[36m(SimpleStorageUnit pid=9491)[0m 2026-07-08 14:21:23,493 - INFO - transfer_queue.utils.perf_utils - TQ_STORAGE_UNIT_8be3c546: [Performance] Total success requests: 544, Total req/min: 107.04, Total avg process time: 0.0073s; [32m [repeated 6x across cluster][0m
[36m(SimpleStorageUnit pid=9491)[0m Time range: last 5.08 minutes; [32m [repeated 6x across cluster][0m
[36m(SimpleStorageUnit pid=9491)[0m Per-operation statistics: PUT_DATA: req_count=517, req/min=101.73, avg_time=0.007231s, max_time=0.018433s, min_time=0.002692s; CLEAR_DATA: req_count=5, req/min=0.98, avg_time=0.012185s, max_time=0.018463s, min_time=0.008408s; GET_DATA: req_count=22, req/min=4.33, avg_time=0.007269s, max_time=0.010522s, min_time=0.003127s[32m [repeated 5x across cluster][0m
[36m(SimpleStorageUnit pid=9487)[0m Per-operation statistics: GET_DATA: req_count=26, req/min=4.95, avg_time=0.007825s, max_time=0.011153s, min_time=0.003287s; PUT_DATA: req_count=532, req/min=101.23, avg_time=0.007074s, max_time=0.017721s, min_time=0.002719s; CLEAR_DATA: req_count=4, req/min=0.76, avg_time=0.013644s, max_time=0.021168s, min_time=0.007848s
[36m(SimpleStorageUnit pid=9487)[0m 2026-07-08 14:21:46,326 - INFO - transfer_queue.utils.perf_utils - TQ_STORAGE_UNIT_966f8cc4: [Performance] Total success requests: 562, Total req/min: 106.94, Total avg process time: 0.0072s; 
[36m(SimpleStorageUnit pid=9487)[0m Time range: last 5.26 minutes; 
[36m(SimpleStorageUnit pid=9488)[0m 2026-07-08 14:21:46,326 - INFO - transfer_queue.utils.perf_utils - TQ_STORAGE_UNIT_99f20e51: [Performance] Total success requests: 554, Total req/min: 103.52, Total avg process time: 0.0070s; 
[36m(SimpleStorageUnit pid=9488)[0m Time range: last 5.35 minutes; 
[36m(SimpleStorageUnit pid=9488)[0m Per-operation statistics: PUT_DATA: req_count=523, req/min=97.73, avg_time=0.006928s, max_time=0.019474s, min_time=0.002685s; CLEAR_DATA: req_count=5, req/min=0.93, avg_time=0.013237s, max_time=0.020258s, min_time=0.008265s; GET_DATA: req_count=26, req/min=4.86, avg_time=0.007507s, max_time=0.011578s, min_time=0.003648s
[36m(TaskRunnerV1 pid=8235)[0m Training Progress:  26%|██▌       | 47/180 [1:59:07<5:25:11, 146.70s/it]
[36m(AgentLoopWorkerTQ pid=15797)[0m /mnt/tier1/project/p201382/erisa/Internship/Cascade2/verl-version/.venv/lib/python3.12/site-packages/pydantic/main.py:475: UserWarning: Pydantic serializer warnings:
[36m(AgentLoopWorkerTQ pid=15797)[0m   PydanticSerializationUnexpectedValue(Expected `float` - serialized value may not be as expected [field_name='reward_score', input_value=tensor(-0.0605), input_type=Tensor])
[36m(AgentLoopWorkerTQ pid=15797)[0m   return self.__pydantic_serializer__.to_python(
[36m(TaskRunnerV1 pid=8235)[0m Training Progress:  27%|██▋       | 48/180 [2:01:31<5:21:06, 145.96s/it]
[36m(AgentLoopWorkerTQ pid=15940)[0m /mnt/tier1/project/p201382/erisa/Internship/Cascade2/verl-version/.venv/lib/python3.12/site-packages/pydantic/main.py:475: UserWarning: Pydantic serializer warnings:
[36m(AgentLoopWorkerTQ pid=15940)[0m   PydanticSerializationUnexpectedValue(Expected `float` - serialized value may not be as expected [field_name='reward_score', input_value=tensor(-0.0566), input_type=Tensor])
[36m(AgentLoopWorkerTQ pid=15940)[0m   return self.__pydantic_serializer__.to_python(
[36m(SimpleStorageUnit pid=9489)[0m 2026-07-08 14:26:34,959 - INFO - transfer_queue.utils.perf_utils - TQ_STORAGE_UNIT_0d563503: [Performance] Total success requests: 558, Total req/min: 105.73, Total avg process time: 0.0078s; 
[36m(SimpleStorageUnit pid=9489)[0m Time range: last 5.28 minutes; 
[36m(SimpleStorageUnit pid=9489)[0m Per-operation statistics: PUT_DATA: req_count=527, req/min=99.86, avg_time=0.007770s, max_time=0.016232s, min_time=0.002759s; CLEAR_DATA: req_count=5, req/min=0.95, avg_time=0.011508s, max_time=0.016541s, min_time=0.007735s; GET_DATA: req_count=26, req/min=4.93, avg_time=0.007304s, max_time=0.010103s, min_time=0.003434s
[36m(SimpleStorageUnit pid=9491)[0m Per-operation statistics: GET_DATA: req_count=26, req/min=5.01, avg_time=0.008081s, max_time=0.010998s, min_time=0.005368s; PUT_DATA: req_count=524, req/min=100.94, avg_time=0.007568s, max_time=0.016240s, min_time=0.002715s; CLEAR_DATA: req_count=4, req/min=0.77, avg_time=0.012488s, max_time=0.018450s, min_time=0.008014s
[36m(TransferQueueController pid=9128)[0m Per-operation statistics: NOTIFY_DATA_UPDATE: req_count=4128, req/min=781.76, avg_time=0.000123s, max_time=0.006206s, min_time=0.000086s; SET_CUSTOM_META: req_count=4653, req/min=881.18, avg_time=0.000015s, max_time=0.000632s, min_time=0.000009s; KV_RETRIEVE_META: req_count=4660, req/min=882.51, avg_time=0.000561s, max_time=0.125280s, min_time=0.000211s; KV_LIST: req_count=32, req/min=6.06, avg_time=0.001022s, max_time=0.002250s, min_time=0.000188s; CLEAR_META: req_count=5, req/min=0.95, avg_time=0.009344s, max_time=0.015837s, min_time=0.005088s; KV_RETRIEVE_KEYS: req_count=2, req/min=0.38, avg_time=0.000823s, max_time=0.000827s, min_time=0.000819s
[36m(SimpleStorageUnit pid=9487)[0m Per-operation statistics: PUT_DATA: req_count=518, req/min=81.06, avg_time=0.007792s, max_time=0.015658s, min_time=0.002735s; GET_DATA: req_count=29, req/min=4.54, avg_time=0.007641s, max_time=0.010767s, min_time=0.003513s; CLEAR_DATA: req_count=4, req/min=0.63, avg_time=0.013076s, max_time=0.019964s, min_time=0.004813s
[36m(SimpleStorageUnit pid=9487)[0m 2026-07-08 14:28:09,749 - INFO - transfer_queue.utils.perf_utils - TQ_STORAGE_UNIT_966f8cc4: [Performance] Total success requests: 551, Total req/min: 86.22, Total avg process time: 0.0078s; [32m [repeated 7x across cluster][0m
[36m(SimpleStorageUnit pid=9487)[0m Time range: last 6.39 minutes; [32m [repeated 7x across cluster][0m
[36m(SimpleStorageUnit pid=9493)[0m Per-operation statistics: PUT_DATA: req_count=524, req/min=100.03, avg_time=0.007555s, max_time=0.016004s, min_time=0.002703s; CLEAR_DATA: req_count=5, req/min=0.95, avg_time=0.012756s, max_time=0.019814s, min_time=0.007722s; GET_DATA: req_count=26, req/min=4.96, avg_time=0.008086s, max_time=0.011030s, min_time=0.004494s[32m [repeated 4x across cluster][0m
[36m(TaskRunnerV1 pid=8235)[0m Training Progress:  27%|██▋       | 49/180 [2:03:56<5:17:46, 145.55s/it]
[36m(AgentLoopWorkerTQ pid=15797)[0m /mnt/tier1/project/p201382/erisa/Internship/Cascade2/verl-version/.venv/lib/python3.12/site-packages/pydantic/main.py:475: UserWarning: Pydantic serializer warnings:
[36m(AgentLoopWorkerTQ pid=15797)[0m   PydanticSerializationUnexpectedValue(Expected `float` - serialized value may not be as expected [field_name='reward_score', input_value=tensor(-0.7207), input_type=Tensor])
[36m(AgentLoopWorkerTQ pid=15797)[0m   return self.__pydantic_serializer__.to_python(
[36m(SimpleStorageUnit pid=9488)[0m Per-operation statistics: PUT_DATA: req_count=531, req/min=83.09, avg_time=0.007701s, max_time=0.016906s, min_time=0.002698s; GET_DATA: req_count=29, req/min=4.54, avg_time=0.008092s, max_time=0.010575s, min_time=0.005577s; CLEAR_DATA: req_count=4, req/min=0.63, avg_time=0.012692s, max_time=0.016668s, min_time=0.008677s
[36m(SimpleStorageUnit pid=9488)[0m 2026-07-08 14:28:09,750 - INFO - transfer_queue.utils.perf_utils - TQ_STORAGE_UNIT_99f20e51: [Performance] Total success requests: 564, Total req/min: 88.26, Total avg process time: 0.0078s; 
[36m(SimpleStorageUnit pid=9488)[0m Time range: last 6.39 minutes; 
[36m(WorkerDict pid=10580)[0m /mnt/tier1/project/p201382/erisa/Internship/Cascade2/verl-version/verl/verl/plugin/platform/platform_cuda.py:99: FutureWarning: torch.cuda._set_allocator_settings is deprecated. Use torch._C._accelerator_setAllocatorSettings instead.
[36m(WorkerDict pid=10580)[0m   torch.cuda.memory._set_allocator_settings(settings)
[36m(AgentLoopWorkerTQ pid=15944)[0m /mnt/tier1/project/p201382/erisa/Internship/Cascade2/verl-version/.venv/lib/python3.12/site-packages/pydantic/main.py:475: UserWarning: Pydantic serializer warnings:
[36m(AgentLoopWorkerTQ pid=15944)[0m   PydanticSerializationUnexpectedValue(Expected `float` - serialized value may not be as expected [field_name='reward_score', input_value=tensor(-0.8125), input_type=Tensor])
[36m(AgentLoopWorkerTQ pid=15944)[0m   return self.__pydantic_serializer__.to_python(
[36m(AgentLoopWorkerTQ pid=15940)[0m /mnt/tier1/project/p201382/erisa/Internship/Cascade2/verl-version/.venv/lib/python3.12/site-packages/pydantic/main.py:475: UserWarning: Pydantic serializer warnings:
[36m(AgentLoopWorkerTQ pid=15940)[0m   PydanticSerializationUnexpectedValue(Expected `float` - serialized value may not be as expected [field_name='reward_score', input_value=tensor(-0.6152), input_type=Tensor])
[36m(AgentLoopWorkerTQ pid=15940)[0m   return self.__pydantic_serializer__.to_python(
[36m(WorkerDict pid=10578)[0m /mnt/tier1/project/p201382/erisa/Internship/Cascade2/verl-version/verl/verl/plugin/platform/platform_cuda.py:99: FutureWarning: torch.cuda._set_allocator_settings is deprecated. Use torch._C._accelerator_setAllocatorSettings instead.[32m [repeated 3x across cluster][0m
[36m(WorkerDict pid=10578)[0m   torch.cuda.memory._set_allocator_settings(settings)[32m [repeated 3x across cluster][0m
[36m(TaskRunnerV1 pid=8235)[0m Training Progress:  28%|██▊       | 50/180 [2:07:14<5:49:20, 161.23s/it]
[36m(RewardLoopWorker pid=11943)[0m ERROR:2026-07-08 14:31:30,101:Unable to detect language for text 6 due to No features in text.
[36m(TransferQueueController pid=9128)[0m 2026-07-08 14:31:34,999 - INFO - transfer_queue.utils.perf_utils - TQ_CONTROLLER_3eaa8a51: [Performance] Total success requests: 24811, Total req/min: 4962.19, Total avg process time: 0.0002s; 
[36m(TransferQueueController pid=9128)[0m Time range: last 5.00 minutes; 
[36m(TransferQueueController pid=9128)[0m Per-operation statistics: NOTIFY_DATA_UPDATE: req_count=4981, req/min=996.20, avg_time=0.000121s, max_time=0.005408s, min_time=0.000084s; SET_CUSTOM_META: req_count=9887, req/min=1977.40, avg_time=0.000015s, max_time=0.000808s, min_time=0.000009s; KV_RETRIEVE_KEYS: req_count=2, req/min=0.40, avg_time=0.000731s, max_time=0.000838s, min_time=0.000624s; KV_RETRIEVE_META: req_count=9897, req/min=1979.40, avg_time=0.000376s, max_time=0.088725s, min_time=0.000194s; CLEAR_META: req_count=5, req/min=1.00, avg_time=0.013117s, max_time=0.018846s, min_time=0.005944s; KV_LIST: req_count=39, req/min=7.80, avg_time=0.001969s, max_time=0.003697s, min_time=0.000167s
[36m(SimpleStorageUnit pid=9489)[0m Per-operation statistics: PUT_DATA: req_count=637, req/min=127.39, avg_time=0.007578s, max_time=0.034233s, min_time=0.002739s; GET_DATA: req_count=20, req/min=4.00, avg_time=0.007368s, max_time=0.009528s, min_time=0.003560s; CLEAR_DATA: req_count=5, req/min=1.00, avg_time=0.014384s, max_time=0.020003s, min_time=0.007011s
[36m(AgentLoopWorkerTQ pid=15797)[0m /mnt/tier1/project/p201382/erisa/Internship/Cascade2/verl-version/.venv/lib/python3.12/site-packages/pydantic/main.py:475: UserWarning: Pydantic serializer warnings:
[36m(AgentLoopWorkerTQ pid=15797)[0m   PydanticSerializationUnexpectedValue(Expected `float` - serialized value may not be as expected [field_name='reward_score', input_value=tensor(-0.5039), input_type=Tensor])
[36m(AgentLoopWorkerTQ pid=15797)[0m   return self.__pydantic_serializer__.to_python(
[36m(SimpleStorageUnit pid=9490)[0m 2026-07-08 14:31:35,400 - INFO - transfer_queue.utils.perf_utils - TQ_STORAGE_UNIT_22f592ee: [Performance] Total success requests: 659, Total req/min: 131.61, Total avg process time: 0.0085s; [32m [repeated 6x across cluster][0m
[36m(SimpleStorageUnit pid=9490)[0m Time range: last 5.01 minutes; [32m [repeated 6x across cluster][0m
[36m(SimpleStorageUnit pid=9490)[0m Per-operation statistics: PUT_DATA: req_count=634, req/min=126.61, avg_time=0.008464s, max_time=0.823888s, min_time=0.002735s; GET_DATA: req_count=20, req/min=3.99, avg_time=0.006965s, max_time=0.009698s, min_time=0.003686s; CLEAR_DATA: req_count=5, req/min=1.00, avg_time=0.014175s, max_time=0.019851s, min_time=0.007082s[32m [repeated 5x across cluster][0m
[36m(AgentLoopWorkerTQ pid=15797)[0m /mnt/tier1/project/p201382/erisa/Internship/Cascade2/verl-version/.venv/lib/python3.12/site-packages/pydantic/main.py:475: UserWarning: Pydantic serializer warnings:
[36m(AgentLoopWorkerTQ pid=15797)[0m   PydanticSerializationUnexpectedValue(Expected `float` - serialized value may not be as expected [field_name='reward_score', input_value=tensor(-0.4238), input_type=Tensor])
[36m(AgentLoopWorkerTQ pid=15797)[0m   return self.__pydantic_serializer__.to_python(
[36m(SimpleStorageUnit pid=9487)[0m Per-operation statistics: CLEAR_DATA: req_count=6, req/min=1.05, avg_time=0.013076s, max_time=0.020611s, min_time=0.006814s; PUT_DATA: req_count=811, req/min=141.77, avg_time=0.007561s, max_time=0.017372s, min_time=0.002737s; GET_DATA: req_count=24, req/min=4.20, avg_time=0.007677s, max_time=0.010031s, min_time=0.004633s
[36m(SimpleStorageUnit pid=9487)[0m 2026-07-08 14:33:52,991 - INFO - transfer_queue.utils.perf_utils - TQ_STORAGE_UNIT_966f8cc4: [Performance] Total success requests: 841, Total req/min: 147.01, Total avg process time: 0.0076s; 
[36m(SimpleStorageUnit pid=9487)[0m Time range: last 5.72 minutes; 
[36m(SimpleStorageUnit pid=9488)[0m 2026-07-08 14:33:52,992 - INFO - transfer_queue.utils.perf_utils - TQ_STORAGE_UNIT_99f20e51: [Performance] Total success requests: 834, Total req/min: 145.79, Total avg process time: 0.0076s; 
[36m(SimpleStorageUnit pid=9488)[0m Time range: last 5.72 minutes; 
[36m(TaskRunnerV1 pid=8235)[0m Training Progress:  28%|██▊       | 51/180 [2:09:39<5:36:12, 156.37s/it]
[36m(AgentLoopWorkerTQ pid=15944)[0m /mnt/tier1/project/p201382/erisa/Internship/Cascade2/verl-version/.venv/lib/python3.12/site-packages/pydantic/main.py:475: UserWarning: Pydantic serializer warnings:
[36m(AgentLoopWorkerTQ pid=15944)[0m   PydanticSerializationUnexpectedValue(Expected `float` - serialized value may not be as expected [field_name='reward_score', input_value=tensor(-0.4609), input_type=Tensor])
[36m(AgentLoopWorkerTQ pid=15944)[0m   return self.__pydantic_serializer__.to_python(
[36m(SimpleStorageUnit pid=9488)[0m Per-operation statistics: CLEAR_DATA: req_count=6, req/min=1.05, avg_time=0.012770s, max_time=0.019651s, min_time=0.006966s; PUT_DATA: req_count=804, req/min=140.54, avg_time=0.007554s, max_time=0.020992s, min_time=0.002685s; GET_DATA: req_count=24, req/min=4.20, avg_time=0.007811s, max_time=0.009768s, min_time=0.006117s
[36m(TaskRunnerV1 pid=8235)[0m Training Progress:  29%|██▉       | 52/180 [2:12:04<5:26:36, 153.10s/it]
[36m(RewardLoopWorker pid=11943)[0m ERROR:2026-07-08 14:36:21,204:Unable to detect language for text <https://zdzislawbeksinski.com/> due to No features in text.
[36m(TransferQueueController pid=9128)[0m 2026-07-08 14:36:35,769 - INFO - transfer_queue.utils.perf_utils - TQ_CONTROLLER_3eaa8a51: [Performance] Total success requests: 17719, Total req/min: 3534.72, Total avg process time: 0.0002s; 
[36m(TransferQueueController pid=9128)[0m Time range: last 5.01 minutes; 
[36m(TransferQueueController pid=9128)[0m Per-operation statistics: NOTIFY_DATA_UPDATE: req_count=5474, req/min=1092.00, avg_time=0.000122s, max_time=0.008970s, min_time=0.000083s; SET_CUSTOM_META: req_count=6101, req/min=1217.08, avg_time=0.000016s, max_time=0.003656s, min_time=0.000009s; KV_RETRIEVE_META: req_count=6105, req/min=1217.87, avg_time=0.000453s, max_time=0.100383s, min_time=0.000211s; KV_LIST: req_count=33, req/min=6.58, avg_time=0.000863s, max_time=0.001932s, min_time=0.000140s; CLEAR_META: req_count=4, req/min=0.80, avg_time=0.011293s, max_time=0.017163s, min_time=0.005929s; KV_RETRIEVE_KEYS: req_count=2, req/min=0.40, avg_time=0.000670s, max_time=0.000672s, min_time=0.000668s
[36m(SimpleStorageUnit pid=9490)[0m Per-operation statistics: PUT_DATA: req_count=692, req/min=137.85, avg_time=0.008737s, max_time=0.028384s, min_time=0.002709s; CLEAR_DATA: req_count=4, req/min=0.80, avg_time=0.013433s, max_time=0.018935s, min_time=0.007828s; GET_DATA: req_count=22, req/min=4.38, avg_time=0.007788s, max_time=0.009891s, min_time=0.005624s
[36m(SimpleStorageUnit pid=9492)[0m 2026-07-08 14:36:41,152 - INFO - transfer_queue.utils.perf_utils - TQ_STORAGE_UNIT_daf3cb07: [Performance] Total success requests: 734, Total req/min: 143.92, Total avg process time: 0.0086s; [32m [repeated 3x across cluster][0m
[36m(SimpleStorageUnit pid=9492)[0m Time range: last 5.10 minutes; [32m [repeated 3x across cluster][0m
[36m(AgentLoopWorkerTQ pid=15944)[0m /mnt/tier1/project/p201382/erisa/Internship/Cascade2/verl-version/.venv/lib/python3.12/site-packages/pydantic/main.py:475: UserWarning: Pydantic serializer warnings:
[36m(AgentLoopWorkerTQ pid=15944)[0m   PydanticSerializationUnexpectedValue(Expected `float` - serialized value may not be as expected [field_name='reward_score', input_value=tensor(-0.5000), input_type=Tensor])
[36m(AgentLoopWorkerTQ pid=15944)[0m   return self.__pydantic_serializer__.to_python(
[36m(AgentLoopWorkerTQ pid=15944)[0m /mnt/tier1/project/p201382/erisa/Internship/Cascade2/verl-version/.venv/lib/python3.12/site-packages/pydantic/main.py:475: UserWarning: Pydantic serializer warnings:
[36m(AgentLoopWorkerTQ pid=15944)[0m   PydanticSerializationUnexpectedValue(Expected `float` - serialized value may not be as expected [field_name='reward_score', input_value=tensor(-0.3926), input_type=Tensor])
[36m(AgentLoopWorkerTQ pid=15944)[0m   return self.__pydantic_serializer__.to_python(
[36m(SimpleStorageUnit pid=9492)[0m Per-operation statistics: PUT_DATA: req_count=708, req/min=138.82, avg_time=0.008614s, max_time=0.028797s, min_time=0.002700s; CLEAR_DATA: req_count=4, req/min=0.78, avg_time=0.013227s, max_time=0.018791s, min_time=0.007903s; GET_DATA: req_count=22, req/min=4.31, avg_time=0.007505s, max_time=0.009719s, min_time=0.004991s[32m [repeated 2x across cluster][0m
[36m(TaskRunnerV1 pid=8235)[0m Training Progress:  29%|██▉       | 53/180 [2:14:28<5:18:17, 150.37s/it]
[36m(SimpleStorageUnit pid=9493)[0m 2026-07-08 14:36:43,895 - INFO - transfer_queue.utils.perf_utils - TQ_STORAGE_UNIT_c67b05a2: [Performance] Total success requests: 731, Total req/min: 142.03, Total avg process time: 0.0086s; [32m [repeated 3x across cluster][0m
[36m(SimpleStorageUnit pid=9493)[0m Time range: last 5.15 minutes; [32m [repeated 3x across cluster][0m
[36m(AgentLoopWorkerTQ pid=15943)[0m /mnt/tier1/project/p201382/erisa/Internship/Cascade2/verl-version/.venv/lib/python3.12/site-packages/pydantic/main.py:475: UserWarning: Pydantic serializer warnings:
[36m(AgentLoopWorkerTQ pid=15943)[0m   PydanticSerializationUnexpectedValue(Expected `float` - serialized value may not be as expected [field_name='reward_score', input_value=tensor(-0.7520), input_type=Tensor])
[36m(AgentLoopWorkerTQ pid=15943)[0m   return self.__pydantic_serializer__.to_python(
[36m(SimpleStorageUnit pid=9493)[0m Per-operation statistics: PUT_DATA: req_count=704, req/min=136.78, avg_time=0.008556s, max_time=0.030501s, min_time=0.002724s; CLEAR_DATA: req_count=5, req/min=0.97, avg_time=0.012211s, max_time=0.018053s, min_time=0.007758s; GET_DATA: req_count=22, req/min=4.27, avg_time=0.008059s, max_time=0.009579s, min_time=0.006926s[32m [repeated 3x across cluster][0m
[36m(SimpleStorageUnit pid=9487)[0m Per-operation statistics: CLEAR_DATA: req_count=5, req/min=1.00, avg_time=0.015006s, max_time=0.020236s, min_time=0.008309s; PUT_DATA: req_count=713, req/min=142.59, avg_time=0.008673s, max_time=0.029696s, min_time=0.002721s; GET_DATA: req_count=22, req/min=4.40, avg_time=0.007541s, max_time=0.010089s, min_time=0.003587s
[36m(SimpleStorageUnit pid=9487)[0m 2026-07-08 14:38:53,004 - INFO - transfer_queue.utils.perf_utils - TQ_STORAGE_UNIT_966f8cc4: [Performance] Total success requests: 740, Total req/min: 147.99, Total avg process time: 0.0087s; 
[36m(SimpleStorageUnit pid=9487)[0m Time range: last 5.00 minutes; 
[36m(SimpleStorageUnit pid=9488)[0m 2026-07-08 14:38:52,992 - INFO - transfer_queue.utils.perf_utils - TQ_STORAGE_UNIT_99f20e51: [Performance] Total success requests: 748, Total req/min: 149.60, Total avg process time: 0.0082s; 
[36m(SimpleStorageUnit pid=9488)[0m Time range: last 5.00 minutes; 
[36m(TaskRunnerV1 pid=8235)[0m Training Progress:  30%|███       | 54/180 [2:16:56<5:13:55, 149.48s/it]
[36m(SimpleStorageUnit pid=9488)[0m Per-operation statistics: CLEAR_DATA: req_count=5, req/min=1.00, avg_time=0.013694s, max_time=0.017555s, min_time=0.008294s; PUT_DATA: req_count=721, req/min=144.20, avg_time=0.008188s, max_time=0.031034s, min_time=0.002718s; GET_DATA: req_count=22, req/min=4.40, avg_time=0.007747s, max_time=0.010287s, min_time=0.004943s
[36m(TransferQueueController pid=9128)[0m 2026-07-08 14:41:36,957 - INFO - transfer_queue.utils.perf_utils - TQ_CONTROLLER_3eaa8a51: [Performance] Total success requests: 13463, Total req/min: 2681.98, Total avg process time: 0.0002s; 
[36m(TransferQueueController pid=9128)[0m Time range: last 5.02 minutes; 
[36m(TransferQueueController pid=9128)[0m Per-operation statistics: KV_RETRIEVE_META: req_count=4653, req/min=926.93, avg_time=0.000513s, max_time=0.102542s, min_time=0.000212s; NOTIFY_DATA_UPDATE: req_count=4124, req/min=821.55, avg_time=0.000125s, max_time=0.014707s, min_time=0.000087s; SET_CUSTOM_META: req_count=4647, req/min=925.73, avg_time=0.000016s, max_time=0.000692s, min_time=0.000009s; KV_LIST: req_count=33, req/min=6.57, avg_time=0.001004s, max_time=0.002296s, min_time=0.000177s; CLEAR_META: req_count=4, req/min=0.80, avg_time=0.011870s, max_time=0.020055s, min_time=0.005739s; KV_RETRIEVE_KEYS: req_count=2, req/min=0.40, avg_time=0.000771s, max_time=0.000884s, min_time=0.000658s
[36m(SimpleStorageUnit pid=9489)[0m Per-operation statistics: PUT_DATA: req_count=516, req/min=103.17, avg_time=0.008454s, max_time=0.017693s, min_time=0.002756s; CLEAR_DATA: req_count=5, req/min=1.00, avg_time=0.012277s, max_time=0.020995s, min_time=0.007005s; GET_DATA: req_count=22, req/min=4.40, avg_time=0.007941s, max_time=0.010542s, min_time=0.003836s
[36m(SimpleStorageUnit pid=9492)[0m 2026-07-08 14:41:59,175 - INFO - transfer_queue.utils.perf_utils - TQ_STORAGE_UNIT_daf3cb07: [Performance] Total success requests: 546, Total req/min: 103.01, Total avg process time: 0.0083s; [32m [repeated 3x across cluster][0m
[36m(SimpleStorageUnit pid=9492)[0m Time range: last 5.30 minutes; [32m [repeated 3x across cluster][0m
[36m(SimpleStorageUnit pid=9492)[0m Per-operation statistics: PUT_DATA: req_count=515, req/min=97.16, avg_time=0.008246s, max_time=0.017418s, min_time=0.002736s; CLEAR_DATA: req_count=5, req/min=0.94, avg_time=0.012468s, max_time=0.019819s, min_time=0.007320s; GET_DATA: req_count=26, req/min=4.91, avg_time=0.007896s, max_time=0.010703s, min_time=0.004449s[32m [repeated 2x across cluster][0m
[36m(SimpleStorageUnit pid=9491)[0m Per-operation statistics: CLEAR_DATA: req_count=5, req/min=0.95, avg_time=0.012453s, max_time=0.018768s, min_time=0.007594s; GET_DATA: req_count=26, req/min=4.94, avg_time=0.007470s, max_time=0.009937s, min_time=0.003111s; PUT_DATA: req_count=521, req/min=98.89, avg_time=0.008413s, max_time=0.016862s, min_time=0.002744s
[36m(SimpleStorageUnit pid=9493)[0m Per-operation statistics: GET_DATA: req_count=26, req/min=4.95, avg_time=0.007552s, max_time=0.010601s, min_time=0.002963s; PUT_DATA: req_count=526, req/min=100.10, avg_time=0.007892s, max_time=0.017289s, min_time=0.002716s; CLEAR_DATA: req_count=4, req/min=0.76, avg_time=0.013308s, max_time=0.019724s, min_time=0.007026s
[36m(TaskRunnerV1 pid=8235)[0m Training Progress:  31%|███       | 55/180 [2:19:22<5:09:07, 148.38s/it]
[36m(SimpleStorageUnit pid=9493)[0m 2026-07-08 14:41:59,175 - INFO - transfer_queue.utils.perf_utils - TQ_STORAGE_UNIT_c67b05a2: [Performance] Total success requests: 556, Total req/min: 105.81, Total avg process time: 0.0079s; [32m [repeated 3x across cluster][0m
[36m(SimpleStorageUnit pid=9493)[0m Time range: last 5.25 minutes; [32m [repeated 3x across cluster][0m
[36m(SimpleStorageUnit pid=9486)[0m Per-operation statistics: PUT_DATA: req_count=539, req/min=102.25, avg_time=0.008518s, max_time=0.017906s, min_time=0.002774s; CLEAR_DATA: req_count=5, req/min=0.95, avg_time=0.013046s, max_time=0.020543s, min_time=0.007644s; GET_DATA: req_count=26, req/min=4.93, avg_time=0.007816s, max_time=0.011444s, min_time=0.003344s
[36m(SimpleStorageUnit pid=9487)[0m Per-operation statistics: PUT_DATA: req_count=596, req/min=117.27, avg_time=0.008289s, max_time=0.019084s, min_time=0.002712s; CLEAR_DATA: req_count=4, req/min=0.79, avg_time=0.012224s, max_time=0.017044s, min_time=0.007366s; GET_DATA: req_count=22, req/min=4.33, avg_time=0.006808s, max_time=0.010552s, min_time=0.003336s
[36m(SimpleStorageUnit pid=9487)[0m 2026-07-08 14:43:57,936 - INFO - transfer_queue.utils.perf_utils - TQ_STORAGE_UNIT_966f8cc4: [Performance] Total success requests: 622, Total req/min: 122.39, Total avg process time: 0.0083s; 
[36m(SimpleStorageUnit pid=9487)[0m Time range: last 5.08 minutes; 
[36m(AgentLoopWorkerTQ pid=15941)[0m /mnt/tier1/project/p201382/erisa/Internship/Cascade2/verl-version/.venv/lib/python3.12/site-packages/pydantic/main.py:475: UserWarning: Pydantic serializer warnings:
[36m(AgentLoopWorkerTQ pid=15941)[0m   PydanticSerializationUnexpectedValue(Expected `float` - serialized value may not be as expected [field_name='reward_score', input_value=tensor(-0.0215), input_type=Tensor])
[36m(AgentLoopWorkerTQ pid=15941)[0m   return self.__pydantic_serializer__.to_python(
[36m(SimpleStorageUnit pid=9488)[0m 2026-07-08 14:44:06,762 - INFO - transfer_queue.utils.perf_utils - TQ_STORAGE_UNIT_99f20e51: [Performance] Total success requests: 604, Total req/min: 115.50, Total avg process time: 0.0082s; 
[36m(SimpleStorageUnit pid=9488)[0m Time range: last 5.23 minutes; 
[36m(SimpleStorageUnit pid=9488)[0m Per-operation statistics: PUT_DATA: req_count=577, req/min=110.34, avg_time=0.008252s, max_time=0.017921s, min_time=0.002704s; CLEAR_DATA: req_count=5, req/min=0.96, avg_time=0.011582s, max_time=0.018647s, min_time=0.006731s; GET_DATA: req_count=22, req/min=4.21, avg_time=0.006877s, max_time=0.009723s, min_time=0.004173s
[36m(TaskRunnerV1 pid=8235)[0m Training Progress:  31%|███       | 56/180 [2:21:54<5:09:17, 149.65s/it]
[36m(AgentLoopWorkerTQ pid=15941)[0m /mnt/tier1/project/p201382/erisa/Internship/Cascade2/verl-version/.venv/lib/python3.12/site-packages/pydantic/main.py:475: UserWarning: Pydantic serializer warnings:
[36m(AgentLoopWorkerTQ pid=15941)[0m   PydanticSerializationUnexpectedValue(Expected `float` - serialized value may not be as expected [field_name='reward_score', input_value=tensor(-0.4297), input_type=Tensor])
[36m(AgentLoopWorkerTQ pid=15941)[0m   return self.__pydantic_serializer__.to_python(
[36m(SimpleStorageUnit pid=9489)[0m 2026-07-08 14:46:54,579 - INFO - transfer_queue.utils.perf_utils - TQ_STORAGE_UNIT_0d563503: [Performance] Total success requests: 557, Total req/min: 105.23, Total avg process time: 0.0076s; 
[36m(SimpleStorageUnit pid=9489)[0m Time range: last 5.29 minutes; 
[36m(SimpleStorageUnit pid=9489)[0m Per-operation statistics: GET_DATA: req_count=26, req/min=4.91, avg_time=0.006929s, max_time=0.010217s, min_time=0.005015s; PUT_DATA: req_count=527, req/min=99.56, avg_time=0.007599s, max_time=0.018872s, min_time=0.002719s; CLEAR_DATA: req_count=4, req/min=0.76, avg_time=0.013088s, max_time=0.019544s, min_time=0.006916s
[36m(TransferQueueController pid=9128)[0m Per-operation statistics: KV_RETRIEVE_META: req_count=4630, req/min=874.56, avg_time=0.000522s, max_time=0.101243s, min_time=0.000213s; CLEAR_META: req_count=5, req/min=0.94, avg_time=0.009390s, max_time=0.016607s, min_time=0.004563s; NOTIFY_DATA_UPDATE: req_count=4109, req/min=776.15, avg_time=0.000120s, max_time=0.007852s, min_time=0.000086s; SET_CUSTOM_META: req_count=4622, req/min=873.05, avg_time=0.000015s, max_time=0.000552s, min_time=0.000009s; KV_RETRIEVE_KEYS: req_count=2, req/min=0.38, avg_time=0.000777s, max_time=0.000880s, min_time=0.000675s; KV_LIST: req_count=29, req/min=5.48, avg_time=0.000976s, max_time=0.002284s, min_time=0.000193s
[36m(SimpleStorageUnit pid=9492)[0m Per-operation statistics: PUT_DATA: req_count=530, req/min=105.94, avg_time=0.007454s, max_time=0.018620s, min_time=0.002734s; GET_DATA: req_count=25, req/min=5.00, avg_time=0.006755s, max_time=0.012419s, min_time=0.003913s; CLEAR_DATA: req_count=4, req/min=0.80, avg_time=0.012246s, max_time=0.019093s, min_time=0.005918s
[36m(TaskRunnerV1 pid=8235)[0m Training Progress:  32%|███▏      | 57/180 [2:24:13<5:00:14, 146.46s/it]
[36m(SimpleStorageUnit pid=9493)[0m 2026-07-08 14:46:59,327 - INFO - transfer_queue.utils.perf_utils - TQ_STORAGE_UNIT_c67b05a2: [Performance] Total success requests: 549, Total req/min: 109.74, Total avg process time: 0.0075s; [32m [repeated 6x across cluster][0m
[36m(SimpleStorageUnit pid=9493)[0m Time range: last 5.00 minutes; [32m [repeated 6x across cluster][0m
[36m(SimpleStorageUnit pid=9490)[0m Per-operation statistics: GET_DATA: req_count=26, req/min=4.91, avg_time=0.006413s, max_time=0.011515s, min_time=0.003461s; PUT_DATA: req_count=515, req/min=97.30, avg_time=0.007618s, max_time=0.018926s, min_time=0.002730s; CLEAR_DATA: req_count=4, req/min=0.76, avg_time=0.012371s, max_time=0.019499s, min_time=0.006216s
[36m(SimpleStorageUnit pid=9493)[0m Per-operation statistics: PUT_DATA: req_count=520, req/min=103.95, avg_time=0.007507s, max_time=0.016084s, min_time=0.002806s; GET_DATA: req_count=25, req/min=5.00, avg_time=0.006607s, max_time=0.010851s, min_time=0.003515s; CLEAR_DATA: req_count=4, req/min=0.80, avg_time=0.012287s, max_time=0.017343s, min_time=0.007274s[32m [repeated 3x across cluster][0m
[36m(AgentLoopWorkerTQ pid=15937)[0m /mnt/tier1/project/p201382/erisa/Internship/Cascade2/verl-version/.venv/lib/python3.12/site-packages/pydantic/main.py:475: UserWarning: Pydantic serializer warnings:
[36m(AgentLoopWorkerTQ pid=15937)[0m   PydanticSerializationUnexpectedValue(Expected `float` - serialized value may not be as expected [field_name='reward_score', input_value=tensor(-0.9512), input_type=Tensor])
[36m(AgentLoopWorkerTQ pid=15937)[0m   return self.__pydantic_serializer__.to_python(
[36m(SimpleStorageUnit pid=9487)[0m 2026-07-08 14:49:15,702 - INFO - transfer_queue.utils.perf_utils - TQ_STORAGE_UNIT_966f8cc4: [Performance] Total success requests: 545, Total req/min: 102.91, Total avg process time: 0.0078s; 
[36m(SimpleStorageUnit pid=9487)[0m Time range: last 5.30 minutes; 
[36m(SimpleStorageUnit pid=9487)[0m Per-operation statistics: PUT_DATA: req_count=514, req/min=97.05, avg_time=0.007812s, max_time=0.015313s, min_time=0.002748s; CLEAR_DATA: req_count=5, req/min=0.94, avg_time=0.010295s, max_time=0.016446s, min_time=0.005697s; GET_DATA: req_count=26, req/min=4.91, avg_time=0.006736s, max_time=0.009368s, min_time=0.003549s
[36m(SimpleStorageUnit pid=9488)[0m Per-operation statistics: GET_DATA: req_count=26, req/min=5.05, avg_time=0.006704s, max_time=0.009075s, min_time=0.004105s; PUT_DATA: req_count=536, req/min=104.10, avg_time=0.007822s, max_time=0.019064s, min_time=0.002676s; CLEAR_DATA: req_count=4, req/min=0.78, avg_time=0.012073s, max_time=0.016895s, min_time=0.006953s
[36m(TaskRunnerV1 pid=8235)[0m Training Progress:  32%|███▏      | 58/180 [2:26:35<4:55:00, 145.08s/it]
[36m(SimpleStorageUnit pid=9488)[0m 2026-07-08 14:49:15,701 - INFO - transfer_queue.utils.perf_utils - TQ_STORAGE_UNIT_99f20e51: [Performance] Total success requests: 566, Total req/min: 109.92, Total avg process time: 0.0078s; 
[36m(SimpleStorageUnit pid=9488)[0m Time range: last 5.15 minutes; 
[36m(AgentLoopWorkerTQ pid=15797)[0m /mnt/tier1/project/p201382/erisa/Internship/Cascade2/verl-version/.venv/lib/python3.12/site-packages/pydantic/main.py:475: UserWarning: Pydantic serializer warnings:
[36m(AgentLoopWorkerTQ pid=15797)[0m   PydanticSerializationUnexpectedValue(Expected `float` - serialized value may not be as expected [field_name='reward_score', input_value=tensor(-0.8203), input_type=Tensor])
[36m(AgentLoopWorkerTQ pid=15797)[0m   return self.__pydantic_serializer__.to_python(
[36m(TransferQueueController pid=9128)[0m 2026-07-08 14:53:17,682 - INFO - transfer_queue.utils.perf_utils - TQ_CONTROLLER_3eaa8a51: [Performance] Total success requests: 13410, Total req/min: 2100.35, Total avg process time: 0.0003s; 
[36m(TransferQueueController pid=9128)[0m Time range: last 6.38 minutes; 
[36m(TransferQueueController pid=9128)[0m Per-operation statistics: NOTIFY_DATA_UPDATE: req_count=4113, req/min=644.20, avg_time=0.000124s, max_time=0.005057s, min_time=0.000087s; SET_CUSTOM_META: req_count=4628, req/min=724.86, avg_time=0.000016s, max_time=0.000641s, min_time=0.000009s; KV_RETRIEVE_KEYS: req_count=3, req/min=0.47, avg_time=0.000773s, max_time=0.000780s, min_time=0.000763s; KV_RETRIEVE_META: req_count=4634, req/min=725.80, avg_time=0.000652s, max_time=0.153008s, min_time=0.000212s; CLEAR_META: req_count=4, req/min=0.63, avg_time=0.009631s, max_time=0.014025s, min_time=0.005483s; KV_LIST: req_count=28, req/min=4.39, avg_time=0.001009s, max_time=0.001874s, min_time=0.000208s
[36m(AgentLoopWorkerTQ pid=15943)[0m /mnt/tier1/project/p201382/erisa/Internship/Cascade2/verl-version/.venv/lib/python3.12/site-packages/pydantic/main.py:475: UserWarning: Pydantic serializer warnings:
[36m(AgentLoopWorkerTQ pid=15943)[0m   PydanticSerializationUnexpectedValue(Expected `float` - serialized value may not be as expected [field_name='reward_score', input_value=tensor(-0.2305), input_type=Tensor])
[36m(AgentLoopWorkerTQ pid=15943)[0m   return self.__pydantic_serializer__.to_python(
[36m(SimpleStorageUnit pid=9489)[0m Per-operation statistics: PUT_DATA: req_count=524, req/min=82.05, avg_time=0.007828s, max_time=0.018011s, min_time=0.002703s; GET_DATA: req_count=29, req/min=4.54, avg_time=0.007264s, max_time=0.009611s, min_time=0.004619s; CLEAR_DATA: req_count=4, req/min=0.63, avg_time=0.013000s, max_time=0.019472s, min_time=0.007921s
[36m(SimpleStorageUnit pid=9492)[0m Per-operation statistics: GET_DATA: req_count=26, req/min=4.12, avg_time=0.007145s, max_time=0.011183s, min_time=0.003513s; CLEAR_DATA: req_count=4, req/min=0.63, avg_time=0.014279s, max_time=0.020168s, min_time=0.008274s; PUT_DATA: req_count=541, req/min=85.78, avg_time=0.007817s, max_time=0.016867s, min_time=0.002933s
[36m(TaskRunnerV1 pid=8235)[0m Training Progress:  33%|███▎      | 59/180 [2:29:04<4:54:41, 146.13s/it]
[36m(WorkerDict pid=10580)[0m /mnt/tier1/project/p201382/erisa/Internship/Cascade2/verl-version/verl/verl/plugin/platform/platform_cuda.py:99: FutureWarning: torch.cuda._set_allocator_settings is deprecated. Use torch._C._accelerator_setAllocatorSettings instead.
[36m(WorkerDict pid=10580)[0m   torch.cuda.memory._set_allocator_settings(settings)
[36m(SimpleStorageUnit pid=9493)[0m 2026-07-08 14:53:17,748 - INFO - transfer_queue.utils.perf_utils - TQ_STORAGE_UNIT_c67b05a2: [Performance] Total success requests: 561, Total req/min: 88.95, Total avg process time: 0.0079s; [32m [repeated 6x across cluster][0m
[36m(SimpleStorageUnit pid=9493)[0m Time range: last 6.31 minutes; [32m [repeated 6x across cluster][0m
[36m(SimpleStorageUnit pid=9490)[0m Per-operation statistics: PUT_DATA: req_count=515, req/min=80.64, avg_time=0.007911s, max_time=0.018798s, min_time=0.002724s; GET_DATA: req_count=29, req/min=4.54, avg_time=0.007081s, max_time=0.010304s, min_time=0.003461s; CLEAR_DATA: req_count=4, req/min=0.63, avg_time=0.013424s, max_time=0.019422s, min_time=0.007989s
[36m(SimpleStorageUnit pid=9493)[0m Per-operation statistics: GET_DATA: req_count=26, req/min=4.12, avg_time=0.006792s, max_time=0.009734s, min_time=0.003549s; CLEAR_DATA: req_count=4, req/min=0.63, avg_time=0.014643s, max_time=0.021524s, min_time=0.008460s; PUT_DATA: req_count=531, req/min=84.19, avg_time=0.007893s, max_time=0.017052s, min_time=0.002706s[32m [repeated 3x across cluster][0m
[36m(SimpleStorageUnit pid=9487)[0m Per-operation statistics: PUT_DATA: req_count=557, req/min=83.56, avg_time=0.008049s, max_time=0.017631s, min_time=0.002749s; GET_DATA: req_count=28, req/min=4.20, avg_time=0.007195s, max_time=0.009949s, min_time=0.003697s; CLEAR_DATA: req_count=4, req/min=0.60, avg_time=0.014169s, max_time=0.021581s, min_time=0.008303s
[36m(WorkerDict pid=10578)[0m /mnt/tier1/project/p201382/erisa/Internship/Cascade2/verl-version/verl/verl/plugin/platform/platform_cuda.py:99: FutureWarning: torch.cuda._set_allocator_settings is deprecated. Use torch._C._accelerator_setAllocatorSettings instead.[32m [repeated 3x across cluster][0m
[36m(WorkerDict pid=10578)[0m   torch.cuda.memory._set_allocator_settings(settings)[32m [repeated 3x across cluster][0m
[36m(SimpleStorageUnit pid=9487)[0m 2026-07-08 14:55:55,648 - INFO - transfer_queue.utils.perf_utils - TQ_STORAGE_UNIT_966f8cc4: [Performance] Total success requests: 589, Total req/min: 88.36, Total avg process time: 0.0081s; 
[36m(SimpleStorageUnit pid=9487)[0m Time range: last 6.67 minutes; 
[36m(SimpleStorageUnit pid=9488)[0m 2026-07-08 14:55:55,646 - INFO - transfer_queue.utils.perf_utils - TQ_STORAGE_UNIT_99f20e51: [Performance] Total success requests: 568, Total req/min: 85.21, Total avg process time: 0.0078s; 
[36m(SimpleStorageUnit pid=9488)[0m Time range: last 6.67 minutes; 
[36m(AgentLoopWorkerTQ pid=15797)[0m /mnt/tier1/project/p201382/erisa/Internship/Cascade2/verl-version/.venv/lib/python3.12/site-packages/pydantic/main.py:475: UserWarning: Pydantic serializer warnings:
[36m(AgentLoopWorkerTQ pid=15797)[0m   PydanticSerializationUnexpectedValue(Expected `float` - serialized value may not be as expected [field_name='reward_score', input_value=tensor(-0.7891), input_type=Tensor])
[36m(AgentLoopWorkerTQ pid=15797)[0m   return self.__pydantic_serializer__.to_python(
[36m(SimpleStorageUnit pid=9488)[0m Per-operation statistics: PUT_DATA: req_count=536, req/min=80.41, avg_time=0.007758s, max_time=0.018616s, min_time=0.002703s; GET_DATA: req_count=28, req/min=4.20, avg_time=0.006953s, max_time=0.010388s, min_time=0.003517s; CLEAR_DATA: req_count=4, req/min=0.60, avg_time=0.013777s, max_time=0.018480s, min_time=0.008957s
[36m(TaskRunnerV1 pid=8235)[0m Training Progress:  33%|███▎      | 60/180 [2:32:22<5:23:22, 161.68s/it]
[36m(TransferQueueController pid=9128)[0m 2026-07-08 14:59:02,166 - INFO - transfer_queue.utils.perf_utils - TQ_CONTROLLER_3eaa8a51: [Performance] Total success requests: 29211, Total req/min: 5087.81, Total avg process time: 0.0002s; 
[36m(TransferQueueController pid=9128)[0m Time range: last 5.74 minutes; 
[36m(TransferQueueController pid=9128)[0m Per-operation statistics: KV_RETRIEVE_META: req_count=11401, req/min=1985.76, avg_time=0.000400s, max_time=0.389372s, min_time=0.000194s; CLEAR_META: req_count=6, req/min=1.05, avg_time=0.013416s, max_time=0.018749s, min_time=0.005708s; SET_CUSTOM_META: req_count=11391, req/min=1984.02, avg_time=0.000015s, max_time=0.001052s, min_time=0.000009s; KV_LIST: req_count=47, req/min=8.19, avg_time=0.001817s, max_time=0.004904s, min_time=0.000170s; NOTIFY_DATA_UPDATE: req_count=6364, req/min=1108.45, avg_time=0.000127s, max_time=0.009848s, min_time=0.000085s; KV_RETRIEVE_KEYS: req_count=2, req/min=0.35, avg_time=0.000748s, max_time=0.000856s, min_time=0.000640s
[36m(SimpleStorageUnit pid=9489)[0m Per-operation statistics: CLEAR_DATA: req_count=6, req/min=1.05, avg_time=0.012441s, max_time=0.017170s, min_time=0.007933s; PUT_DATA: req_count=809, req/min=140.90, avg_time=0.007553s, max_time=0.017582s, min_time=0.002705s; GET_DATA: req_count=24, req/min=4.18, avg_time=0.007423s, max_time=0.010699s, min_time=0.003456s
[36m(TaskRunnerV1 pid=8235)[0m Training Progress:  34%|███▍      | 61/180 [2:34:48<5:11:39, 157.14s/it]
[36m(SimpleStorageUnit pid=9487)[0m Per-operation statistics: PUT_DATA: req_count=830, req/min=148.89, avg_time=0.007386s, max_time=0.017472s, min_time=0.002738s; CLEAR_DATA: req_count=6, req/min=1.08, avg_time=0.012185s, max_time=0.017456s, min_time=0.006347s; GET_DATA: req_count=25, req/min=4.48, avg_time=0.006944s, max_time=0.008999s, min_time=0.003981s
[36m(SimpleStorageUnit pid=9487)[0m 2026-07-08 15:01:30,116 - INFO - transfer_queue.utils.perf_utils - TQ_STORAGE_UNIT_966f8cc4: [Performance] Total success requests: 861, Total req/min: 154.45, Total avg process time: 0.0074s; [32m [repeated 7x across cluster][0m
[36m(SimpleStorageUnit pid=9487)[0m Time range: last 5.57 minutes; [32m [repeated 7x across cluster][0m
[36m(SimpleStorageUnit pid=9493)[0m Per-operation statistics: CLEAR_DATA: req_count=6, req/min=1.05, avg_time=0.012512s, max_time=0.017955s, min_time=0.006956s; PUT_DATA: req_count=803, req/min=139.86, avg_time=0.007979s, max_time=0.018630s, min_time=0.002697s; GET_DATA: req_count=24, req/min=4.18, avg_time=0.006842s, max_time=0.009286s, min_time=0.003887s[32m [repeated 5x across cluster][0m
[36m(TaskRunnerV1 pid=8235)[0m Training Progress:  34%|███▍      | 62/180 [2:37:16<5:03:39, 154.40s/it]
[36m(RewardLoopWorker pid=11940)[0m ERROR:2026-07-08 15:01:32,736:Unable to detect language for text 妫 due to No features in text.
[36m(RewardLoopWorker pid=11944)[0m ERROR:2026-07-08 15:01:34,249:Unable to detect language for text http://www.leica-camera.com/he/aserkorder-1000-x-leica-usw-u-a.desktop due to No features in text.
[36m(SimpleStorageUnit pid=9488)[0m Per-operation statistics: PUT_DATA: req_count=785, req/min=140.82, avg_time=0.007553s, max_time=0.017701s, min_time=0.002709s; CLEAR_DATA: req_count=6, req/min=1.08, avg_time=0.011652s, max_time=0.017121s, min_time=0.007004s; GET_DATA: req_count=25, req/min=4.48, avg_time=0.007306s, max_time=0.011866s, min_time=0.004659s
[36m(SimpleStorageUnit pid=9488)[0m 2026-07-08 15:01:30,116 - INFO - transfer_queue.utils.perf_utils - TQ_STORAGE_UNIT_99f20e51: [Performance] Total success requests: 816, Total req/min: 146.38, Total avg process time: 0.0076s; 
[36m(SimpleStorageUnit pid=9488)[0m Time range: last 5.57 minutes; 
[36m(AgentLoopWorkerTQ pid=15938)[0m /mnt/tier1/project/p201382/erisa/Internship/Cascade2/verl-version/.venv/lib/python3.12/site-packages/pydantic/main.py:475: UserWarning: Pydantic serializer warnings:
[36m(AgentLoopWorkerTQ pid=15938)[0m   PydanticSerializationUnexpectedValue(Expected `float` - serialized value may not be as expected [field_name='reward_score', input_value=tensor(-0.1191), input_type=Tensor])
[36m(AgentLoopWorkerTQ pid=15938)[0m   return self.__pydantic_serializer__.to_python(
[36m(RewardLoopWorker pid=11937)[0m ERROR:2026-07-08 15:01:38,408:Unable to detect language for text [1] [2] [3] [4] [5] [6] [7] [8] [9] [10] [11] [12] [13] [14] [15] [16] [17] [18] [19] [20] [21] [22] [23] [24] [25] [26] [27] [28] [29] [30] due to No features in text.
[36m(TaskRunnerV1 pid=8235)[0m Training Progress:  35%|███▌      | 63/180 [2:39:43<4:56:40, 152.14s/it]
[36m(AgentLoopWorkerTQ pid=15941)[0m /mnt/tier1/project/p201382/erisa/Internship/Cascade2/verl-version/.venv/lib/python3.12/site-packages/pydantic/main.py:475: UserWarning: Pydantic serializer warnings:
[36m(AgentLoopWorkerTQ pid=15941)[0m   PydanticSerializationUnexpectedValue(Expected `float` - serialized value may not be as expected [field_name='reward_score', input_value=tensor(-0.8730), input_type=Tensor])
[36m(AgentLoopWorkerTQ pid=15941)[0m   return self.__pydantic_serializer__.to_python(
[36m(TransferQueueController pid=9128)[0m 2026-07-08 15:04:02,166 - INFO - transfer_queue.utils.perf_utils - TQ_CONTROLLER_3eaa8a51: [Performance] Total success requests: 14981, Total req/min: 2996.19, Total avg process time: 0.0002s; 
[36m(TransferQueueController pid=9128)[0m Time range: last 5.00 minutes; 
[36m(TransferQueueController pid=9128)[0m Per-operation statistics: KV_RETRIEVE_META: req_count=5202, req/min=1040.40, avg_time=0.000508s, max_time=0.109814s, min_time=0.000211s; CLEAR_META: req_count=5, req/min=1.00, avg_time=0.014587s, max_time=0.021690s, min_time=0.005483s; SET_CUSTOM_META: req_count=5194, req/min=1038.80, avg_time=0.000016s, max_time=0.000757s, min_time=0.000009s; KV_LIST: req_count=32, req/min=6.40, avg_time=0.000955s, max_time=0.002158s, min_time=0.000154s; NOTIFY_DATA_UPDATE: req_count=4546, req/min=909.20, avg_time=0.000124s, max_time=0.008061s, min_time=0.000087s; KV_RETRIEVE_KEYS: req_count=2, req/min=0.40, avg_time=0.000739s, max_time=0.000858s, min_time=0.000620s
[36m(SimpleStorageUnit pid=9490)[0m Per-operation statistics: CLEAR_DATA: req_count=5, req/min=1.00, avg_time=0.013645s, max_time=0.019539s, min_time=0.006467s; PUT_DATA: req_count=556, req/min=111.19, avg_time=0.007869s, max_time=0.017255s, min_time=0.002765s; GET_DATA: req_count=22, req/min=4.40, avg_time=0.006960s, max_time=0.009903s, min_time=0.003380s
[36m(AgentLoopWorkerTQ pid=15938)[0m /mnt/tier1/project/p201382/erisa/Internship/Cascade2/verl-version/.venv/lib/python3.12/site-packages/pydantic/main.py:475: UserWarning: Pydantic serializer warnings:
[36m(AgentLoopWorkerTQ pid=15938)[0m   PydanticSerializationUnexpectedValue(Expected `float` - serialized value may not be as expected [field_name='reward_score', input_value=tensor(-0.7754), input_type=Tensor])
[36m(AgentLoopWorkerTQ pid=15938)[0m   return self.__pydantic_serializer__.to_python(
[36m(SimpleStorageUnit pid=9489)[0m 2026-07-08 15:04:02,288 - INFO - transfer_queue.utils.perf_utils - TQ_STORAGE_UNIT_0d563503: [Performance] Total success requests: 618, Total req/min: 123.58, Total avg process time: 0.0078s; [32m [repeated 6x across cluster][0m
[36m(SimpleStorageUnit pid=9489)[0m Time range: last 5.00 minutes; [32m [repeated 6x across cluster][0m
[36m(SimpleStorageUnit pid=9489)[0m Per-operation statistics: CLEAR_DATA: req_count=5, req/min=1.00, avg_time=0.013428s, max_time=0.019471s, min_time=0.006516s; PUT_DATA: req_count=591, req/min=118.18, avg_time=0.007758s, max_time=0.019955s, min_time=0.002712s; GET_DATA: req_count=22, req/min=4.40, avg_time=0.007255s, max_time=0.011110s, min_time=0.004396s[32m [repeated 5x across cluster][0m
[36m(TaskRunnerV1 pid=8235)[0m Training Progress:  36%|███▌      | 64/180 [2:42:07<4:49:27, 149.72s/it]
[36m(SimpleStorageUnit pid=9487)[0m 2026-07-08 15:06:30,226 - INFO - transfer_queue.utils.perf_utils - TQ_STORAGE_UNIT_966f8cc4: [Performance] Total success requests: 628, Total req/min: 125.55, Total avg process time: 0.0079s; 
[36m(SimpleStorageUnit pid=9487)[0m Time range: last 5.00 minutes; 
[36m(SimpleStorageUnit pid=9487)[0m Per-operation statistics: CLEAR_DATA: req_count=5, req/min=1.00, avg_time=0.013950s, max_time=0.019931s, min_time=0.006734s; PUT_DATA: req_count=601, req/min=120.16, avg_time=0.007879s, max_time=0.025272s, min_time=0.002746s; GET_DATA: req_count=22, req/min=4.40, avg_time=0.007253s, max_time=0.010080s, min_time=0.003220s
[36m(AgentLoopWorkerTQ pid=15943)[0m /mnt/tier1/project/p201382/erisa/Internship/Cascade2/verl-version/.venv/lib/python3.12/site-packages/pydantic/main.py:475: UserWarning: Pydantic serializer warnings:
[36m(AgentLoopWorkerTQ pid=15943)[0m   PydanticSerializationUnexpectedValue(Expected `float` - serialized value may not be as expected [field_name='reward_score', input_value=tensor(0.5195), input_type=Tensor])
[36m(AgentLoopWorkerTQ pid=15943)[0m   return self.__pydantic_serializer__.to_python(
[36m(SimpleStorageUnit pid=9488)[0m 2026-07-08 15:06:30,161 - INFO - transfer_queue.utils.perf_utils - TQ_STORAGE_UNIT_99f20e51: [Performance] Total success requests: 662, Total req/min: 132.38, Total avg process time: 0.0078s; 
[36m(SimpleStorageUnit pid=9488)[0m Time range: last 5.00 minutes; 
[36m(SimpleStorageUnit pid=9488)[0m Per-operation statistics: CLEAR_DATA: req_count=5, req/min=1.00, avg_time=0.013864s, max_time=0.019133s, min_time=0.007285s; PUT_DATA: req_count=635, req/min=126.98, avg_time=0.007814s, max_time=0.018189s, min_time=0.002712s; GET_DATA: req_count=22, req/min=4.40, avg_time=0.007069s, max_time=0.008763s, min_time=0.003939s
[36m(TaskRunnerV1 pid=8235)[0m Training Progress:  36%|███▌      | 65/180 [2:44:27<4:41:29, 146.87s/it]
[36m(TransferQueueController pid=9128)[0m 2026-07-08 15:09:02,426 - INFO - transfer_queue.utils.perf_utils - TQ_CONTROLLER_3eaa8a51: [Performance] Total success requests: 18400, Total req/min: 3676.82, Total avg process time: 0.0002s; 
[36m(TransferQueueController pid=9128)[0m Time range: last 5.00 minutes; 
[36m(TransferQueueController pid=9128)[0m Per-operation statistics: KV_RETRIEVE_META: req_count=6332, req/min=1265.30, avg_time=0.000471s, max_time=0.102042s, min_time=0.000210s; NOTIFY_DATA_UPDATE: req_count=5701, req/min=1139.21, avg_time=0.000130s, max_time=0.014279s, min_time=0.000087s; SET_CUSTOM_META: req_count=6327, req/min=1264.31, avg_time=0.000016s, max_time=0.000635s, min_time=0.000009s; KV_LIST: req_count=34, req/min=6.79, avg_time=0.000995s, max_time=0.001938s, min_time=0.000257s; CLEAR_META: req_count=4, req/min=0.80, avg_time=0.011483s, max_time=0.018070s, min_time=0.006387s; KV_RETRIEVE_KEYS: req_count=2, req/min=0.40, avg_time=0.000875s, max_time=0.000898s, min_time=0.000852s
[36m(SimpleStorageUnit pid=9493)[0m Per-operation statistics: PUT_DATA: req_count=729, req/min=144.18, avg_time=0.008409s, max_time=0.018441s, min_time=0.002694s; CLEAR_DATA: req_count=4, req/min=0.79, avg_time=0.012653s, max_time=0.019204s, min_time=0.007554s; GET_DATA: req_count=22, req/min=4.35, avg_time=0.007883s, max_time=0.010866s, min_time=0.005309s
[36m(SimpleStorageUnit pid=9491)[0m 2026-07-08 15:09:10,880 - INFO - transfer_queue.utils.perf_utils - TQ_STORAGE_UNIT_8be3c546: [Performance] Total success requests: 729, Total req/min: 141.73, Total avg process time: 0.0082s; [32m [repeated 5x across cluster][0m
[36m(SimpleStorageUnit pid=9491)[0m Time range: last 5.14 minutes; [32m [repeated 5x across cluster][0m
[36m(SimpleStorageUnit pid=9491)[0m Per-operation statistics: PUT_DATA: req_count=703, req/min=136.68, avg_time=0.008241s, max_time=0.021435s, min_time=0.002677s; CLEAR_DATA: req_count=4, req/min=0.78, avg_time=0.012887s, max_time=0.019379s, min_time=0.007328s; GET_DATA: req_count=22, req/min=4.28, avg_time=0.007259s, max_time=0.009327s, min_time=0.003476s[32m [repeated 4x across cluster][0m
[36m(TaskRunnerV1 pid=8235)[0m Training Progress:  37%|███▋      | 66/180 [2:46:58<4:41:14, 148.02s/it]
[36m(SimpleStorageUnit pid=9490)[0m 2026-07-08 15:09:12,553 - INFO - transfer_queue.utils.perf_utils - TQ_STORAGE_UNIT_22f592ee: [Performance] Total success requests: 753, Total req/min: 145.60, Total avg process time: 0.0085s; 
[36m(SimpleStorageUnit pid=9490)[0m Time range: last 5.17 minutes; 
[36m(SimpleStorageUnit pid=9490)[0m Per-operation statistics: PUT_DATA: req_count=726, req/min=140.38, avg_time=0.008508s, max_time=0.023948s, min_time=0.002740s; CLEAR_DATA: req_count=5, req/min=0.97, avg_time=0.011640s, max_time=0.018140s, min_time=0.006289s; GET_DATA: req_count=22, req/min=4.25, avg_time=0.007156s, max_time=0.009115s, min_time=0.003654s
[36m(SimpleStorageUnit pid=9487)[0m 2026-07-08 15:11:33,291 - INFO - transfer_queue.utils.perf_utils - TQ_STORAGE_UNIT_966f8cc4: [Performance] Total success requests: 718, Total req/min: 142.15, Total avg process time: 0.0091s; 
[36m(SimpleStorageUnit pid=9487)[0m Time range: last 5.05 minutes; 
[36m(SimpleStorageUnit pid=9487)[0m Per-operation statistics: PUT_DATA: req_count=692, req/min=137.00, avg_time=0.009092s, max_time=0.017725s, min_time=0.002761s; CLEAR_DATA: req_count=4, req/min=0.79, avg_time=0.012609s, max_time=0.018774s, min_time=0.006655s; GET_DATA: req_count=22, req/min=4.36, avg_time=0.007517s, max_time=0.010367s, min_time=0.004531s
[36m(TaskRunnerV1 pid=8235)[0m Training Progress:  37%|███▋      | 67/180 [2:49:25<4:38:02, 147.63s/it]
[36m(SimpleStorageUnit pid=9488)[0m 2026-07-08 15:11:36,564 - INFO - transfer_queue.utils.perf_utils - TQ_STORAGE_UNIT_99f20e51: [Performance] Total success requests: 696, Total req/min: 136.29, Total avg process time: 0.0088s; 
[36m(SimpleStorageUnit pid=9488)[0m Time range: last 5.11 minutes; 
[36m(SimpleStorageUnit pid=9488)[0m Per-operation statistics: PUT_DATA: req_count=670, req/min=131.20, avg_time=0.008819s, max_time=0.018463s, min_time=0.002726s; CLEAR_DATA: req_count=4, req/min=0.78, avg_time=0.013368s, max_time=0.020250s, min_time=0.007511s; GET_DATA: req_count=22, req/min=4.31, avg_time=0.006708s, max_time=0.009680s, min_time=0.004016s
[36m(AgentLoopWorkerTQ pid=15938)[0m /mnt/tier1/project/p201382/erisa/Internship/Cascade2/verl-version/.venv/lib/python3.12/site-packages/pydantic/main.py:475: UserWarning: Pydantic serializer warnings:
[36m(AgentLoopWorkerTQ pid=15938)[0m   PydanticSerializationUnexpectedValue(Expected `float` - serialized value may not be as expected [field_name='reward_score', input_value=tensor(-0.0547), input_type=Tensor])
[36m(AgentLoopWorkerTQ pid=15938)[0m   return self.__pydantic_serializer__.to_python(
[36m(TransferQueueController pid=9128)[0m 2026-07-08 15:14:02,500 - INFO - transfer_queue.utils.perf_utils - TQ_CONTROLLER_3eaa8a51: [Performance] Total success requests: 13433, Total req/min: 2685.93, Total avg process time: 0.0002s; 
[36m(TransferQueueController pid=9128)[0m Time range: last 5.00 minutes; 
[36m(TransferQueueController pid=9128)[0m Per-operation statistics: KV_LIST: req_count=32, req/min=6.40, avg_time=0.001036s, max_time=0.001646s, min_time=0.000247s; KV_RETRIEVE_META: req_count=4642, req/min=928.17, avg_time=0.000520s, max_time=0.087410s, min_time=0.000211s; NOTIFY_DATA_UPDATE: req_count=4117, req/min=823.19, avg_time=0.000126s, max_time=0.009246s, min_time=0.000087s; SET_CUSTOM_META: req_count=4636, req/min=926.97, avg_time=0.000016s, max_time=0.000775s, min_time=0.000009s; CLEAR_META: req_count=4, req/min=0.80, avg_time=0.012812s, max_time=0.019362s, min_time=0.006500s; KV_RETRIEVE_KEYS: req_count=2, req/min=0.40, avg_time=0.000823s, max_time=0.000897s, min_time=0.000749s
[36m(SimpleStorageUnit pid=9489)[0m Per-operation statistics: PUT_DATA: req_count=527, req/min=98.73, avg_time=0.008951s, max_time=0.021786s, min_time=0.002732s; CLEAR_DATA: req_count=5, req/min=0.94, avg_time=0.012590s, max_time=0.020609s, min_time=0.007944s; GET_DATA: req_count=26, req/min=4.87, avg_time=0.007364s, max_time=0.010492s, min_time=0.005366s
[36m(SimpleStorageUnit pid=9489)[0m 2026-07-08 15:14:26,285 - INFO - transfer_queue.utils.perf_utils - TQ_STORAGE_UNIT_0d563503: [Performance] Total success requests: 558, Total req/min: 104.54, Total avg process time: 0.0089s; 
[36m(SimpleStorageUnit pid=9489)[0m Time range: last 5.34 minutes; 
[36m(SimpleStorageUnit pid=9490)[0m 2026-07-08 15:14:26,285 - INFO - transfer_queue.utils.perf_utils - TQ_STORAGE_UNIT_22f592ee: [Performance] Total success requests: 531, Total req/min: 101.55, Total avg process time: 0.0086s; 
[36m(SimpleStorageUnit pid=9490)[0m Time range: last 5.23 minutes; 
[36m(SimpleStorageUnit pid=9490)[0m Per-operation statistics: GET_DATA: req_count=26, req/min=4.97, avg_time=0.007213s, max_time=0.010297s, min_time=0.004349s; PUT_DATA: req_count=501, req/min=95.81, avg_time=0.008596s, max_time=0.018481s, min_time=0.002721s; CLEAR_DATA: req_count=4, req/min=0.76, avg_time=0.013829s, max_time=0.020334s, min_time=0.007851s
[36m(SimpleStorageUnit pid=9491)[0m Per-operation statistics: CLEAR_DATA: req_count=5, req/min=0.95, avg_time=0.012765s, max_time=0.019791s, min_time=0.007733s; GET_DATA: req_count=26, req/min=4.95, avg_time=0.007475s, max_time=0.018454s, min_time=0.004018s; PUT_DATA: req_count=547, req/min=104.06, avg_time=0.008463s, max_time=0.019417s, min_time=0.002717s
[36m(TaskRunnerV1 pid=8235)[0m Training Progress:  38%|███▊      | 68/180 [2:51:48<4:33:25, 146.48s/it]
[36m(SimpleStorageUnit pid=9493)[0m Per-operation statistics: PUT_DATA: req_count=529, req/min=98.98, avg_time=0.008670s, max_time=0.019174s, min_time=0.002702s; CLEAR_DATA: req_count=5, req/min=0.94, avg_time=0.012419s, max_time=0.018552s, min_time=0.008178s; GET_DATA: req_count=26, req/min=4.86, avg_time=0.007063s, max_time=0.010304s, min_time=0.003813s[32m [repeated 3x across cluster][0m
[36m(SimpleStorageUnit pid=9493)[0m 2026-07-08 15:14:26,285 - INFO - transfer_queue.utils.perf_utils - TQ_STORAGE_UNIT_c67b05a2: [Performance] Total success requests: 560, Total req/min: 104.78, Total avg process time: 0.0086s; [32m [repeated 4x across cluster][0m
[36m(SimpleStorageUnit pid=9493)[0m Time range: last 5.34 minutes; [32m [repeated 4x across cluster][0m
[36m(AgentLoopWorkerTQ pid=15940)[0m /mnt/tier1/project/p201382/erisa/Internship/Cascade2/verl-version/.venv/lib/python3.12/site-packages/pydantic/main.py:475: UserWarning: Pydantic serializer warnings:
[36m(AgentLoopWorkerTQ pid=15940)[0m   PydanticSerializationUnexpectedValue(Expected `float` - serialized value may not be as expected [field_name='reward_score', input_value=tensor(-0.6094), input_type=Tensor])
[36m(AgentLoopWorkerTQ pid=15940)[0m   return self.__pydantic_serializer__.to_python(
[36m(SimpleStorageUnit pid=9487)[0m 2026-07-08 15:16:50,783 - INFO - transfer_queue.utils.perf_utils - TQ_STORAGE_UNIT_966f8cc4: [Performance] Total success requests: 579, Total req/min: 109.42, Total avg process time: 0.0086s; 
[36m(SimpleStorageUnit pid=9487)[0m Time range: last 5.29 minutes; 
[36m(SimpleStorageUnit pid=9487)[0m Per-operation statistics: CLEAR_DATA: req_count=5, req/min=0.94, avg_time=0.012140s, max_time=0.020753s, min_time=0.005408s; GET_DATA: req_count=26, req/min=4.91, avg_time=0.007413s, max_time=0.011088s, min_time=0.003540s; PUT_DATA: req_count=548, req/min=103.56, avg_time=0.008638s, max_time=0.019035s, min_time=0.002733s
[36m(SimpleStorageUnit pid=9488)[0m Per-operation statistics: PUT_DATA: req_count=523, req/min=99.87, avg_time=0.008482s, max_time=0.019671s, min_time=0.002700s; CLEAR_DATA: req_count=5, req/min=0.95, avg_time=0.012248s, max_time=0.018231s, min_time=0.008156s; GET_DATA: req_count=26, req/min=4.96, avg_time=0.007827s, max_time=0.018645s, min_time=0.003672s
[36m(TaskRunnerV1 pid=8235)[0m Training Progress:  38%|███▊      | 69/180 [2:54:15<4:30:57, 146.46s/it]
[36m(SimpleStorageUnit pid=9488)[0m 2026-07-08 15:16:50,783 - INFO - transfer_queue.utils.perf_utils - TQ_STORAGE_UNIT_99f20e51: [Performance] Total success requests: 554, Total req/min: 105.79, Total avg process time: 0.0085s; 
[36m(SimpleStorageUnit pid=9488)[0m Time range: last 5.24 minutes; 
[36m(AgentLoopWorkerTQ pid=15943)[0m /mnt/tier1/project/p201382/erisa/Internship/Cascade2/verl-version/.venv/lib/python3.12/site-packages/pydantic/main.py:475: UserWarning: Pydantic serializer warnings:
[36m(AgentLoopWorkerTQ pid=15943)[0m   PydanticSerializationUnexpectedValue(Expected `float` - serialized value may not be as expected [field_name='reward_score', input_value=tensor(-0.0742), input_type=Tensor])
[36m(AgentLoopWorkerTQ pid=15943)[0m   return self.__pydantic_serializer__.to_python(
[36m(TransferQueueController pid=9128)[0m 2026-07-08 15:19:19,135 - INFO - transfer_queue.utils.perf_utils - TQ_CONTROLLER_3eaa8a51: [Performance] Total success requests: 13432, Total req/min: 2545.26, Total avg process time: 0.0003s; 
[36m(TransferQueueController pid=9128)[0m Time range: last 5.28 minutes; 
[36m(TransferQueueController pid=9128)[0m Per-operation statistics: KV_RETRIEVE_META: req_count=4644, req/min=880.00, avg_time=0.000651s, max_time=0.537712s, min_time=0.000212s; NOTIFY_DATA_UPDATE: req_count=4117, req/min=780.14, avg_time=0.000133s, max_time=0.012357s, min_time=0.000085s; SET_CUSTOM_META: req_count=4636, req/min=878.49, avg_time=0.000016s, max_time=0.000811s, min_time=0.000009s; KV_LIST: req_count=28, req/min=5.31, avg_time=0.001036s, max_time=0.001913s, min_time=0.000200s; CLEAR_META: req_count=5, req/min=0.95, avg_time=0.011371s, max_time=0.019629s, min_time=0.004097s; KV_RETRIEVE_KEYS: req_count=2, req/min=0.38, avg_time=0.000753s, max_time=0.000797s, min_time=0.000708s
[36m(WorkerDict pid=10580)[0m /mnt/tier1/project/p201382/erisa/Internship/Cascade2/verl-version/verl/verl/plugin/platform/platform_cuda.py:99: FutureWarning: torch.cuda._set_allocator_settings is deprecated. Use torch._C._accelerator_setAllocatorSettings instead.
[36m(WorkerDict pid=10580)[0m   torch.cuda.memory._set_allocator_settings(settings)
[36m(SimpleStorageUnit pid=9489)[0m 2026-07-08 15:21:03,835 - INFO - transfer_queue.utils.perf_utils - TQ_STORAGE_UNIT_0d563503: [Performance] Total success requests: 567, Total req/min: 85.57, Total avg process time: 0.0085s; 
[36m(SimpleStorageUnit pid=9489)[0m Time range: last 6.63 minutes; 
[36m(SimpleStorageUnit pid=9489)[0m Per-operation statistics: PUT_DATA: req_count=535, req/min=80.74, avg_time=0.008520s, max_time=0.019162s, min_time=0.002787s; GET_DATA: req_count=28, req/min=4.23, avg_time=0.007610s, max_time=0.011420s, min_time=0.003850s; CLEAR_DATA: req_count=4, req/min=0.60, avg_time=0.013711s, max_time=0.022743s, min_time=0.006478s
[36m(WorkerDict pid=10578)[0m /mnt/tier1/project/p201382/erisa/Internship/Cascade2/verl-version/verl/verl/plugin/platform/platform_cuda.py:99: FutureWarning: torch.cuda._set_allocator_settings is deprecated. Use torch._C._accelerator_setAllocatorSettings instead.[32m [repeated 3x across cluster][0m
[36m(WorkerDict pid=10578)[0m   torch.cuda.memory._set_allocator_settings(settings)[32m [repeated 3x across cluster][0m
[36m(AgentLoopWorkerTQ pid=15797)[0m /mnt/tier1/project/p201382/erisa/Internship/Cascade2/verl-version/.venv/lib/python3.12/site-packages/pydantic/main.py:475: UserWarning: Pydantic serializer warnings:
[36m(AgentLoopWorkerTQ pid=15797)[0m   PydanticSerializationUnexpectedValue(Expected `float` - serialized value may not be as expected [field_name='reward_score', input_value=tensor(-0.9238), input_type=Tensor])
[36m(AgentLoopWorkerTQ pid=15797)[0m   return self.__pydantic_serializer__.to_python(
[36m(SimpleStorageUnit pid=9493)[0m 2026-07-08 15:21:03,917 - INFO - transfer_queue.utils.perf_utils - TQ_STORAGE_UNIT_c67b05a2: [Performance] Total success requests: 550, Total req/min: 82.99, Total avg process time: 0.0084s; [32m [repeated 5x across cluster][0m
[36m(SimpleStorageUnit pid=9493)[0m Time range: last 6.63 minutes; [32m [repeated 5x across cluster][0m
[36m(SimpleStorageUnit pid=9493)[0m Per-operation statistics: PUT_DATA: req_count=518, req/min=78.16, avg_time=0.008498s, max_time=0.019236s, min_time=0.002699s; GET_DATA: req_count=28, req/min=4.23, avg_time=0.006778s, max_time=0.011502s, min_time=0.003480s; CLEAR_DATA: req_count=4, req/min=0.60, avg_time=0.013911s, max_time=0.022148s, min_time=0.007391s[32m [repeated 5x across cluster][0m
[36m(TaskRunnerV1 pid=8235)[0m Training Progress:  39%|███▉      | 70/180 [2:57:31<4:56:00, 161.46s/it]
[36m(SimpleStorageUnit pid=9487)[0m 2026-07-08 15:21:50,786 - INFO - transfer_queue.utils.perf_utils - TQ_STORAGE_UNIT_966f8cc4: [Performance] Total success requests: 639, Total req/min: 127.80, Total avg process time: 0.0074s; 
[36m(SimpleStorageUnit pid=9487)[0m Time range: last 5.00 minutes; 
[36m(SimpleStorageUnit pid=9487)[0m Per-operation statistics: PUT_DATA: req_count=614, req/min=122.80, avg_time=0.007344s, max_time=0.019326s, min_time=0.002730s; GET_DATA: req_count=20, req/min=4.00, avg_time=0.007244s, max_time=0.009872s, min_time=0.004226s; CLEAR_DATA: req_count=5, req/min=1.00, avg_time=0.013681s, max_time=0.018119s, min_time=0.008248s
[36m(AgentLoopWorkerTQ pid=15943)[0m /mnt/tier1/project/p201382/erisa/Internship/Cascade2/verl-version/.venv/lib/python3.12/site-packages/pydantic/main.py:475: UserWarning: Pydantic serializer warnings:
[36m(AgentLoopWorkerTQ pid=15943)[0m   PydanticSerializationUnexpectedValue(Expected `float` - serialized value may not be as expected [field_name='reward_score', input_value=tensor(-0.1992), input_type=Tensor])
[36m(AgentLoopWorkerTQ pid=15943)[0m   return self.__pydantic_serializer__.to_python(
[36m(SimpleStorageUnit pid=9488)[0m 2026-07-08 15:21:50,973 - INFO - transfer_queue.utils.perf_utils - TQ_STORAGE_UNIT_99f20e51: [Performance] Total success requests: 644, Total req/min: 128.72, Total avg process time: 0.0072s; 
[36m(SimpleStorageUnit pid=9488)[0m Time range: last 5.00 minutes; 
[36m(SimpleStorageUnit pid=9488)[0m Per-operation statistics: PUT_DATA: req_count=619, req/min=123.72, avg_time=0.007138s, max_time=0.019428s, min_time=0.002705s; GET_DATA: req_count=20, req/min=4.00, avg_time=0.007044s, max_time=0.009453s, min_time=0.003751s; CLEAR_DATA: req_count=5, req/min=1.00, avg_time=0.013949s, max_time=0.018721s, min_time=0.007562s
[36m(TaskRunnerV1 pid=8235)[0m Training Progress:  39%|███▉      | 71/180 [2:59:55<4:43:26, 156.02s/it]
[36m(AgentLoopWorkerTQ pid=15941)[0m /mnt/tier1/project/p201382/erisa/Internship/Cascade2/verl-version/.venv/lib/python3.12/site-packages/pydantic/main.py:475: UserWarning: Pydantic serializer warnings:
[36m(AgentLoopWorkerTQ pid=15941)[0m   PydanticSerializationUnexpectedValue(Expected `float` - serialized value may not be as expected [field_name='reward_score', input_value=tensor(-0.5176), input_type=Tensor])
[36m(AgentLoopWorkerTQ pid=15941)[0m   return self.__pydantic_serializer__.to_python(
[36m(RewardLoopWorker pid=11940)[0m ERROR:2026-07-08 15:24:10,709:Unable to detect language for text 🧬 due to No features in text.
[36m(RewardLoopWorker pid=11944)[0m ERROR:2026-07-08 15:24:10,779:Unable to detect language for text  %(^&) due to No features in text.
[36m(RewardLoopWorker pid=11944)[0m ERROR:2026-07-08 15:24:10,806:Unable to detect language for text ✊️❤️ due to No features in text.
[36m(RewardLoopWorker pid=11937)[0m ERROR:2026-07-08 15:24:10,782:Unable to detect language for text 👍😄😔 due to No features in text.
[36m(RewardLoopWorker pid=11938)[0m ERROR:2026-07-08 15:24:10,886:Unable to detect language for text ㅎ(^ ^) due to No features in text.
[36m(TransferQueueController pid=9128)[0m 2026-07-08 15:24:19,137 - INFO - transfer_queue.utils.perf_utils - TQ_CONTROLLER_3eaa8a51: [Performance] Total success requests: 27053, Total req/min: 5410.60, Total avg process time: 0.0002s; 
[36m(TransferQueueController pid=9128)[0m Time range: last 5.00 minutes; 
[36m(TransferQueueController pid=9128)[0m Per-operation statistics: NOTIFY_DATA_UPDATE: req_count=5596, req/min=1119.20, avg_time=0.000131s, max_time=0.009379s, min_time=0.000086s; SET_CUSTOM_META: req_count=10389, req/min=2077.80, avg_time=0.000015s, max_time=0.000831s, min_time=0.000009s; KV_RETRIEVE_KEYS: req_count=2, req/min=0.40, avg_time=0.000841s, max_time=0.001093s, min_time=0.000589s; KV_RETRIEVE_META: req_count=11023, req/min=2204.60, avg_time=0.000396s, max_time=0.267043s, min_time=0.000193s; KV_LIST: req_count=38, req/min=7.60, avg_time=0.002108s, max_time=0.004588s, min_time=0.000244s; CLEAR_META: req_count=5, req/min=1.00, avg_time=0.014669s, max_time=0.019929s, min_time=0.005933s
[36m(AgentLoopWorkerTQ pid=15944)[0m /mnt/tier1/project/p201382/erisa/Internship/Cascade2/verl-version/.venv/lib/python3.12/site-packages/pydantic/main.py:475: UserWarning: Pydantic serializer warnings:
[36m(AgentLoopWorkerTQ pid=15944)[0m   PydanticSerializationUnexpectedValue(Expected `float` - serialized value may not be as expected [field_name='reward_score', input_value=tensor(-0.7520), input_type=Tensor])
[36m(AgentLoopWorkerTQ pid=15944)[0m   return self.__pydantic_serializer__.to_python(
[36m(SimpleStorageUnit pid=9489)[0m 2026-07-08 15:26:27,600 - INFO - transfer_queue.utils.perf_utils - TQ_STORAGE_UNIT_0d563503: [Performance] Total success requests: 848, Total req/min: 157.15, Total avg process time: 0.0078s; 
[36m(SimpleStorageUnit pid=9489)[0m Time range: last 5.40 minutes; 
[36m(SimpleStorageUnit pid=9489)[0m Per-operation statistics: PUT_DATA: req_count=817, req/min=151.41, avg_time=0.007712s, max_time=0.018284s, min_time=0.002756s; CLEAR_DATA: req_count=6, req/min=1.11, avg_time=0.012227s, max_time=0.017119s, min_time=0.007009s; GET_DATA: req_count=25, req/min=4.63, avg_time=0.008601s, max_time=0.014483s, min_time=0.003805s
[36m(TaskRunnerV1 pid=8235)[0m Training Progress:  40%|████      | 72/180 [3:02:14<4:31:40, 150.93s/it]
[36m(AgentLoopWorkerTQ pid=15940)[0m /mnt/tier1/project/p201382/erisa/Internship/Cascade2/verl-version/.venv/lib/python3.12/site-packages/pydantic/main.py:475: UserWarning: Pydantic serializer warnings:
[36m(AgentLoopWorkerTQ pid=15940)[0m   PydanticSerializationUnexpectedValue(Expected `float` - serialized value may not be as expected [field_name='reward_score', input_value=tensor(-0.0977), input_type=Tensor])
[36m(AgentLoopWorkerTQ pid=15940)[0m   return self.__pydantic_serializer__.to_python(
[36m(SimpleStorageUnit pid=9493)[0m 2026-07-08 15:26:27,596 - INFO - transfer_queue.utils.perf_utils - TQ_STORAGE_UNIT_c67b05a2: [Performance] Total success requests: 824, Total req/min: 152.74, Total avg process time: 0.0074s; [32m [repeated 5x across cluster][0m
[36m(SimpleStorageUnit pid=9493)[0m Time range: last 5.39 minutes; [32m [repeated 5x across cluster][0m
[36m(SimpleStorageUnit pid=9493)[0m Per-operation statistics: PUT_DATA: req_count=793, req/min=147.00, avg_time=0.007364s, max_time=0.017239s, min_time=0.002675s; CLEAR_DATA: req_count=6, req/min=1.11, avg_time=0.013307s, max_time=0.018961s, min_time=0.008056s; GET_DATA: req_count=25, req/min=4.63, avg_time=0.007406s, max_time=0.016625s, min_time=0.003601s[32m [repeated 5x across cluster][0m
[36m(TaskRunnerV1 pid=8235)[0m Training Progress:  41%|████      | 73/180 [3:04:41<4:27:08, 149.80s/it]
[36m(AgentLoopWorkerTQ pid=15939)[0m /mnt/tier1/project/p201382/erisa/Internship/Cascade2/verl-version/.venv/lib/python3.12/site-packages/pydantic/main.py:475: UserWarning: Pydantic serializer warnings:
[36m(AgentLoopWorkerTQ pid=15939)[0m   PydanticSerializationUnexpectedValue(Expected `float` - serialized value may not be as expected [field_name='reward_score', input_value=tensor(-0.8105), input_type=Tensor])
[36m(AgentLoopWorkerTQ pid=15939)[0m   return self.__pydantic_serializer__.to_python(
[36m(SimpleStorageUnit pid=9488)[0m 2026-07-08 15:26:53,837 - INFO - transfer_queue.utils.perf_utils - TQ_STORAGE_UNIT_99f20e51: [Performance] Total success requests: 730, Total req/min: 144.62, Total avg process time: 0.0086s; [32m [repeated 2x across cluster][0m
[36m(SimpleStorageUnit pid=9488)[0m Time range: last 5.05 minutes; [32m [repeated 2x across cluster][0m
[36m(SimpleStorageUnit pid=9488)[0m Per-operation statistics: PUT_DATA: req_count=704, req/min=139.47, avg_time=0.008540s, max_time=0.017560s, min_time=0.002744s; CLEAR_DATA: req_count=4, req/min=0.79, avg_time=0.014993s, max_time=0.020720s, min_time=0.009401s; GET_DATA: req_count=22, req/min=4.36, avg_time=0.008548s, max_time=0.014243s, min_time=0.003615s[32m [repeated 2x across cluster][0m
[36m(TransferQueueController pid=9128)[0m Per-operation statistics: NOTIFY_DATA_UPDATE: req_count=4872, req/min=974.22, avg_time=0.000122s, max_time=0.005440s, min_time=0.000088s; KV_RETRIEVE_META: req_count=4999, req/min=999.61, avg_time=0.000596s, max_time=0.586526s, min_time=0.000211s; SET_CUSTOM_META: req_count=5618, req/min=1123.39, avg_time=0.000016s, max_time=0.000740s, min_time=0.000009s; KV_LIST: req_count=34, req/min=6.80, avg_time=0.001022s, max_time=0.001477s, min_time=0.000207s; CLEAR_META: req_count=4, req/min=0.80, avg_time=0.010912s, max_time=0.016069s, min_time=0.005102s; KV_RETRIEVE_KEYS: req_count=2, req/min=0.40, avg_time=0.000719s, max_time=0.000807s, min_time=0.000631s
[36m(TransferQueueController pid=9128)[0m 2026-07-08 15:29:19,193 - INFO - transfer_queue.utils.perf_utils - TQ_CONTROLLER_3eaa8a51: [Performance] Total success requests: 15529, Total req/min: 3105.21, Total avg process time: 0.0002s; 
[36m(TransferQueueController pid=9128)[0m Time range: last 5.00 minutes; 
[36m(TaskRunnerV1 pid=8235)[0m Training Progress:  41%|████      | 74/180 [3:07:02<4:20:04, 147.21s/it]
[36m(RewardLoopWorker pid=11944)[0m ERROR:2026-07-08 15:31:22,527:Unable to detect language for text https://cave-of-longing.sites.xwp/?page_id=7 due to No features in text.
[36m(SimpleStorageUnit pid=9492)[0m 2026-07-08 15:31:27,637 - INFO - transfer_queue.utils.perf_utils - TQ_STORAGE_UNIT_daf3cb07: [Performance] Total success requests: 792, Total req/min: 158.38, Total avg process time: 0.0082s; 
[36m(SimpleStorageUnit pid=9492)[0m Time range: last 5.00 minutes; 
[36m(SimpleStorageUnit pid=9492)[0m Per-operation statistics: CLEAR_DATA: req_count=5, req/min=1.00, avg_time=0.014701s, max_time=0.020077s, min_time=0.007274s; PUT_DATA: req_count=765, req/min=152.98, avg_time=0.008145s, max_time=0.017586s, min_time=0.002704s; GET_DATA: req_count=22, req/min=4.40, avg_time=0.007070s, max_time=0.009636s, min_time=0.003441s
[36m(SimpleStorageUnit pid=9487)[0m Per-operation statistics: PUT_DATA: req_count=550, req/min=105.66, avg_time=0.008151s, max_time=0.017221s, min_time=0.002742s; CLEAR_DATA: req_count=5, req/min=0.96, avg_time=0.011608s, max_time=0.017747s, min_time=0.007084s; GET_DATA: req_count=26, req/min=4.99, avg_time=0.007199s, max_time=0.009760s, min_time=0.003852s
[36m(SimpleStorageUnit pid=9487)[0m 2026-07-08 15:32:04,838 - INFO - transfer_queue.utils.perf_utils - TQ_STORAGE_UNIT_966f8cc4: [Performance] Total success requests: 581, Total req/min: 111.62, Total avg process time: 0.0081s; [32m [repeated 6x across cluster][0m
[36m(SimpleStorageUnit pid=9487)[0m Time range: last 5.21 minutes; [32m [repeated 6x across cluster][0m
[36m(SimpleStorageUnit pid=9493)[0m Per-operation statistics: CLEAR_DATA: req_count=5, req/min=1.00, avg_time=0.014294s, max_time=0.018729s, min_time=0.008036s; PUT_DATA: req_count=762, req/min=152.14, avg_time=0.008439s, max_time=0.019242s, min_time=0.002728s; GET_DATA: req_count=22, req/min=4.39, avg_time=0.006787s, max_time=0.009304s, min_time=0.003530s[32m [repeated 5x across cluster][0m
[36m(SimpleStorageUnit pid=9488)[0m Per-operation statistics: CLEAR_DATA: req_count=5, req/min=0.96, avg_time=0.011979s, max_time=0.017875s, min_time=0.006929s; GET_DATA: req_count=26, req/min=5.02, avg_time=0.007064s, max_time=0.009892s, min_time=0.003582s; PUT_DATA: req_count=520, req/min=100.32, avg_time=0.007918s, max_time=0.019466s, min_time=0.002696s
[36m(TaskRunnerV1 pid=8235)[0m Training Progress:  42%|████▏     | 75/180 [3:09:24<4:14:53, 145.65s/it]
[36m(SimpleStorageUnit pid=9488)[0m 2026-07-08 15:32:04,838 - INFO - transfer_queue.utils.perf_utils - TQ_STORAGE_UNIT_99f20e51: [Performance] Total success requests: 551, Total req/min: 106.30, Total avg process time: 0.0079s; 
[36m(SimpleStorageUnit pid=9488)[0m Time range: last 5.18 minutes; 
[36m(AgentLoopWorkerTQ pid=15797)[0m /mnt/tier1/project/p201382/erisa/Internship/Cascade2/verl-version/.venv/lib/python3.12/site-packages/pydantic/main.py:475: UserWarning: Pydantic serializer warnings:
[36m(AgentLoopWorkerTQ pid=15797)[0m   PydanticSerializationUnexpectedValue(Expected `float` - serialized value may not be as expected [field_name='reward_score', input_value=tensor(-0.0234), input_type=Tensor])
[36m(AgentLoopWorkerTQ pid=15797)[0m   return self.__pydantic_serializer__.to_python(
[36m(TransferQueueController pid=9128)[0m 2026-07-08 15:34:26,810 - INFO - transfer_queue.utils.perf_utils - TQ_CONTROLLER_3eaa8a51: [Performance] Total success requests: 13411, Total req/min: 2615.78, Total avg process time: 0.0002s; 
[36m(TransferQueueController pid=9128)[0m Time range: last 5.13 minutes; 
[36m(TransferQueueController pid=9128)[0m Per-operation statistics: KV_RETRIEVE_META: req_count=4635, req/min=904.04, avg_time=0.000527s, max_time=0.089282s, min_time=0.000212s; NOTIFY_DATA_UPDATE: req_count=4112, req/min=802.03, avg_time=0.000123s, max_time=0.008785s, min_time=0.000088s; SET_CUSTOM_META: req_count=4628, req/min=902.68, avg_time=0.000016s, max_time=0.000678s, min_time=0.000009s; KV_LIST: req_count=29, req/min=5.66, avg_time=0.001114s, max_time=0.002162s, min_time=0.000232s; CLEAR_META: req_count=5, req/min=0.98, avg_time=0.009970s, max_time=0.015585s, min_time=0.005803s; KV_RETRIEVE_KEYS: req_count=2, req/min=0.39, avg_time=0.000930s, max_time=0.000938s, min_time=0.000921s
[36m(AgentLoopWorkerTQ pid=15938)[0m /mnt/tier1/project/p201382/erisa/Internship/Cascade2/verl-version/.venv/lib/python3.12/site-packages/pydantic/main.py:475: UserWarning: Pydantic serializer warnings:
[36m(AgentLoopWorkerTQ pid=15938)[0m   PydanticSerializationUnexpectedValue(Expected `float` - serialized value may not be as expected [field_name='reward_score', input_value=tensor(-0.6719), input_type=Tensor])
[36m(AgentLoopWorkerTQ pid=15938)[0m   return self.__pydantic_serializer__.to_python(
[36m(TaskRunnerV1 pid=8235)[0m Training Progress:  42%|████▏     | 76/180 [3:11:47<4:10:55, 144.76s/it]
[36m(RewardLoopWorker pid=11942)[0m ERROR:2026-07-08 15:36:04,283:Unable to detect language for text 1 6 due to No features in text.
[36m(RewardLoopWorker pid=11944)[0m ERROR:2026-07-08 15:36:05,173:Unable to detect language for text 1. 3-5
[36m(RewardLoopWorker pid=11944)[0m 2. 4-6 due to No features in text.
[36m(RewardLoopWorker pid=11940)[0m ERROR:2026-07-08 15:36:05,738:Unable to detect language for text 1 - 6 due to No features in text.
[36m(SimpleStorageUnit pid=9492)[0m 2026-07-08 15:36:27,930 - INFO - transfer_queue.utils.perf_utils - TQ_STORAGE_UNIT_daf3cb07: [Performance] Total success requests: 576, Total req/min: 115.09, Total avg process time: 0.0079s; 
[36m(SimpleStorageUnit pid=9492)[0m Time range: last 5.00 minutes; 
[36m(SimpleStorageUnit pid=9492)[0m Per-operation statistics: PUT_DATA: req_count=549, req/min=109.69, avg_time=0.007954s, max_time=0.017045s, min_time=0.002815s; CLEAR_DATA: req_count=5, req/min=1.00, avg_time=0.012464s, max_time=0.023785s, min_time=0.006722s; GET_DATA: req_count=22, req/min=4.40, avg_time=0.006727s, max_time=0.009885s, min_time=0.003312s
[36m(RewardLoopWorker pid=11940)[0m ERROR:2026-07-08 15:36:05,947:Unable to detect language for text 1, 2, 3, 4, 5, 6 due to No features in text.[32m [repeated 6x across cluster][0m
[36m(SimpleStorageUnit pid=9487)[0m Per-operation statistics: PUT_DATA: req_count=529, req/min=83.84, avg_time=0.007881s, max_time=0.017273s, min_time=0.002695s; GET_DATA: req_count=29, req/min=4.60, avg_time=0.006501s, max_time=0.008968s, min_time=0.003823s; CLEAR_DATA: req_count=4, req/min=0.63, avg_time=0.013017s, max_time=0.018864s, min_time=0.007137s
[36m(SimpleStorageUnit pid=9487)[0m 2026-07-08 15:38:23,423 - INFO - transfer_queue.utils.perf_utils - TQ_STORAGE_UNIT_966f8cc4: [Performance] Total success requests: 562, Total req/min: 89.07, Total avg process time: 0.0078s; [32m [repeated 6x across cluster][0m
[36m(SimpleStorageUnit pid=9487)[0m Time range: last 6.31 minutes; [32m [repeated 6x across cluster][0m
[36m(SimpleStorageUnit pid=9493)[0m Per-operation statistics: PUT_DATA: req_count=538, req/min=107.28, avg_time=0.007897s, max_time=0.017111s, min_time=0.002681s; CLEAR_DATA: req_count=5, req/min=1.00, avg_time=0.011124s, max_time=0.017201s, min_time=0.006808s; GET_DATA: req_count=23, req/min=4.59, avg_time=0.007061s, max_time=0.008838s, min_time=0.005162s[32m [repeated 5x across cluster][0m
[36m(TaskRunnerV1 pid=8235)[0m Training Progress:  43%|████▎     | 77/180 [3:14:10<4:07:29, 144.17s/it]
[36m(AgentLoopWorkerTQ pid=15943)[0m /mnt/tier1/project/p201382/erisa/Internship/Cascade2/verl-version/.venv/lib/python3.12/site-packages/pydantic/main.py:475: UserWarning: Pydantic serializer warnings:
[36m(AgentLoopWorkerTQ pid=15943)[0m   PydanticSerializationUnexpectedValue(Expected `float` - serialized value may not be as expected [field_name='reward_score', input_value=tensor(-0.4121), input_type=Tensor])
[36m(AgentLoopWorkerTQ pid=15943)[0m   return self.__pydantic_serializer__.to_python(
[36m(SimpleStorageUnit pid=9488)[0m Per-operation statistics: PUT_DATA: req_count=527, req/min=83.52, avg_time=0.008293s, max_time=0.017363s, min_time=0.002718s; GET_DATA: req_count=29, req/min=4.60, avg_time=0.006813s, max_time=0.008770s, min_time=0.005106s; CLEAR_DATA: req_count=4, req/min=0.63, avg_time=0.013461s, max_time=0.023046s, min_time=0.007146s
[36m(SimpleStorageUnit pid=9488)[0m 2026-07-08 15:38:23,422 - INFO - transfer_queue.utils.perf_utils - TQ_STORAGE_UNIT_99f20e51: [Performance] Total success requests: 560, Total req/min: 88.75, Total avg process time: 0.0083s; 
[36m(SimpleStorageUnit pid=9488)[0m Time range: last 6.31 minutes; 
[36m(TransferQueueController pid=9128)[0m 2026-07-08 15:40:51,080 - INFO - transfer_queue.utils.perf_utils - TQ_CONTROLLER_3eaa8a51: [Performance] Total success requests: 13410, Total req/min: 2093.84, Total avg process time: 0.0003s; 
[36m(TransferQueueController pid=9128)[0m Time range: last 6.40 minutes; 
[36m(TransferQueueController pid=9128)[0m Per-operation statistics: NOTIFY_DATA_UPDATE: req_count=4113, req/min=642.20, avg_time=0.000122s, max_time=0.004856s, min_time=0.000086s; SET_CUSTOM_META: req_count=4628, req/min=722.62, avg_time=0.000017s, max_time=0.002289s, min_time=0.000009s; KV_RETRIEVE_KEYS: req_count=3, req/min=0.47, avg_time=0.000800s, max_time=0.000922s, min_time=0.000639s; KV_RETRIEVE_META: req_count=4634, req/min=723.55, avg_time=0.000606s, max_time=0.090428s, min_time=0.000212s; CLEAR_META: req_count=4, req/min=0.62, avg_time=0.012252s, max_time=0.022063s, min_time=0.005032s; KV_LIST: req_count=28, req/min=4.37, avg_time=0.001076s, max_time=0.002059s, min_time=0.000255s
[36m(AgentLoopWorkerTQ pid=15940)[0m /mnt/tier1/project/p201382/erisa/Internship/Cascade2/verl-version/.venv/lib/python3.12/site-packages/pydantic/main.py:475: UserWarning: Pydantic serializer warnings:[32m [repeated 2x across cluster][0m
[36m(AgentLoopWorkerTQ pid=15940)[0m   PydanticSerializationUnexpectedValue(Expected `float` - serialized value may not be as expected [field_name='reward_score', input_value=tensor(-0.3848), input_type=Tensor])[32m [repeated 2x across cluster][0m
[36m(AgentLoopWorkerTQ pid=15940)[0m   return self.__pydantic_serializer__.to_python([32m [repeated 2x across cluster][0m
[36m(TaskRunnerV1 pid=8235)[0m Training Progress:  43%|████▎     | 78/180 [3:16:37<4:06:55, 145.25s/it]
[36m(RewardLoopWorker pid=11941)[0m ERROR:2026-07-08 15:40:54,352:Unable to detect language for text ******
[36m(RewardLoopWorker pid=11941)[0m 
[36m(RewardLoopWorker pid=11941)[0m [](https://i.imgur.com/kf6mP.jpg)
[36m(RewardLoopWorker pid=11941)[0m 
[36m(RewardLoopWorker pid=11941)[0m ******
[36m(RewardLoopWorker pid=11941)[0m 
[36m(RewardLoopWorker pid=11941)[0m [](https://i.imgur.com/9g6hW.jpg) due to No features in text.
[36m(AgentLoopWorkerTQ pid=15937)[0m /mnt/tier1/project/p201382/erisa/Internship/Cascade2/verl-version/.venv/lib/python3.12/site-packages/pydantic/main.py:475: UserWarning: Pydantic serializer warnings:
[36m(AgentLoopWorkerTQ pid=15937)[0m   PydanticSerializationUnexpectedValue(Expected `float` - serialized value may not be as expected [field_name='reward_score', input_value=tensor(-0.3828), input_type=Tensor])
[36m(AgentLoopWorkerTQ pid=15937)[0m   return self.__pydantic_serializer__.to_python(
[36m(AgentLoopWorkerTQ pid=15940)[0m /mnt/tier1/project/p201382/erisa/Internship/Cascade2/verl-version/.venv/lib/python3.12/site-packages/pydantic/main.py:475: UserWarning: Pydantic serializer warnings:
[36m(AgentLoopWorkerTQ pid=15940)[0m   PydanticSerializationUnexpectedValue(Expected `float` - serialized value may not be as expected [field_name='reward_score', input_value=tensor(-0.7793), input_type=Tensor])
[36m(AgentLoopWorkerTQ pid=15940)[0m   return self.__pydantic_serializer__.to_python(
[36m(SimpleStorageUnit pid=9489)[0m 2026-07-08 15:41:40,321 - INFO - transfer_queue.utils.perf_utils - TQ_STORAGE_UNIT_0d563503: [Performance] Total success requests: 562, Total req/min: 108.31, Total avg process time: 0.0064s; 
[36m(SimpleStorageUnit pid=9489)[0m Time range: last 5.19 minutes; 
[36m(SimpleStorageUnit pid=9489)[0m Per-operation statistics: GET_DATA: req_count=25, req/min=4.82, avg_time=0.006640s, max_time=0.009236s, min_time=0.003759s; PUT_DATA: req_count=533, req/min=102.72, avg_time=0.006388s, max_time=0.015514s, min_time=0.002706s; CLEAR_DATA: req_count=4, req/min=0.77, avg_time=0.012848s, max_time=0.020575s, min_time=0.005110s
[36m(TaskRunnerV1 pid=8235)[0m Training Progress:  44%|████▍     | 79/180 [3:19:03<4:04:38, 145.33s/it]
[36m(SimpleStorageUnit pid=9493)[0m 2026-07-08 15:41:40,322 - INFO - transfer_queue.utils.perf_utils - TQ_STORAGE_UNIT_c67b05a2: [Performance] Total success requests: 543, Total req/min: 104.65, Total avg process time: 0.0067s; [32m [repeated 5x across cluster][0m
[36m(SimpleStorageUnit pid=9493)[0m Time range: last 5.19 minutes; [32m [repeated 5x across cluster][0m
[36m(SimpleStorageUnit pid=9493)[0m Per-operation statistics: GET_DATA: req_count=25, req/min=4.82, avg_time=0.006541s, max_time=0.009220s, min_time=0.004537s; PUT_DATA: req_count=514, req/min=99.06, avg_time=0.006689s, max_time=0.015507s, min_time=0.002679s; CLEAR_DATA: req_count=4, req/min=0.77, avg_time=0.012439s, max_time=0.020621s, min_time=0.006260s[32m [repeated 5x across cluster][0m
[36m(SimpleStorageUnit pid=9487)[0m Per-operation statistics: CLEAR_DATA: req_count=5, req/min=1.00, avg_time=0.013129s, max_time=0.018280s, min_time=0.004687s; PUT_DATA: req_count=618, req/min=123.59, avg_time=0.006506s, max_time=0.018792s, min_time=0.002733s; GET_DATA: req_count=22, req/min=4.40, avg_time=0.007408s, max_time=0.021636s, min_time=0.003774s
[36m(SimpleStorageUnit pid=9487)[0m 2026-07-08 15:43:23,448 - INFO - transfer_queue.utils.perf_utils - TQ_STORAGE_UNIT_966f8cc4: [Performance] Total success requests: 645, Total req/min: 128.99, Total avg process time: 0.0066s; 
[36m(SimpleStorageUnit pid=9487)[0m Time range: last 5.00 minutes; 
[36m(SimpleStorageUnit pid=9488)[0m 2026-07-08 15:43:23,423 - INFO - transfer_queue.utils.perf_utils - TQ_STORAGE_UNIT_99f20e51: [Performance] Total success requests: 653, Total req/min: 130.60, Total avg process time: 0.0067s; 
[36m(SimpleStorageUnit pid=9488)[0m Time range: last 5.00 minutes; 
[36m(AgentLoopWorkerTQ pid=15797)[0m /mnt/tier1/project/p201382/erisa/Internship/Cascade2/verl-version/.venv/lib/python3.12/site-packages/pydantic/main.py:475: UserWarning: Pydantic serializer warnings:
[36m(AgentLoopWorkerTQ pid=15797)[0m   PydanticSerializationUnexpectedValue(Expected `float` - serialized value may not be as expected [field_name='reward_score', input_value=tensor(-0.3066), input_type=Tensor])
[36m(AgentLoopWorkerTQ pid=15797)[0m   return self.__pydantic_serializer__.to_python(
[36m(SimpleStorageUnit pid=9488)[0m Per-operation statistics: CLEAR_DATA: req_count=5, req/min=1.00, avg_time=0.014471s, max_time=0.019811s, min_time=0.006643s; PUT_DATA: req_count=626, req/min=125.20, avg_time=0.006640s, max_time=0.015973s, min_time=0.002674s; GET_DATA: req_count=22, req/min=4.40, avg_time=0.006908s, max_time=0.010346s, min_time=0.005080s
[36m(WorkerDict pid=10580)[0m /mnt/tier1/project/p201382/erisa/Internship/Cascade2/verl-version/verl/verl/plugin/platform/platform_cuda.py:99: FutureWarning: torch.cuda._set_allocator_settings is deprecated. Use torch._C._accelerator_setAllocatorSettings instead.
[36m(WorkerDict pid=10580)[0m   torch.cuda.memory._set_allocator_settings(settings)
[36m(TransferQueueController pid=9128)[0m 2026-07-08 15:45:51,080 - INFO - transfer_queue.utils.perf_utils - TQ_CONTROLLER_3eaa8a51: [Performance] Total success requests: 21369, Total req/min: 4273.80, Total avg process time: 0.0002s; 
[36m(TransferQueueController pid=9128)[0m Time range: last 5.00 minutes; 
[36m(TransferQueueController pid=9128)[0m Per-operation statistics: KV_RETRIEVE_META: req_count=8269, req/min=1653.80, avg_time=0.000372s, max_time=0.101607s, min_time=0.000194s; CLEAR_META: req_count=4, req/min=0.80, avg_time=0.012512s, max_time=0.020376s, min_time=0.006029s; SET_CUSTOM_META: req_count=8262, req/min=1652.40, avg_time=0.000014s, max_time=0.000766s, min_time=0.000009s; KV_LIST: req_count=32, req/min=6.40, avg_time=0.001234s, max_time=0.003013s, min_time=0.000174s; NOTIFY_DATA_UPDATE: req_count=4800, req/min=960.00, avg_time=0.000121s, max_time=0.021943s, min_time=0.000086s; KV_RETRIEVE_KEYS: req_count=2, req/min=0.40, avg_time=0.000744s, max_time=0.000804s, min_time=0.000683s
[36m(WorkerDict pid=10578)[0m /mnt/tier1/project/p201382/erisa/Internship/Cascade2/verl-version/verl/verl/plugin/platform/platform_cuda.py:99: FutureWarning: torch.cuda._set_allocator_settings is deprecated. Use torch._C._accelerator_setAllocatorSettings instead.[32m [repeated 3x across cluster][0m
[36m(WorkerDict pid=10578)[0m   torch.cuda.memory._set_allocator_settings(settings)[32m [repeated 3x across cluster][0m
[36m(TaskRunnerV1 pid=8235)[0m Training Progress:  44%|████▍     | 80/180 [3:22:13<4:24:40, 158.80s/it]
[36m(SimpleStorageUnit pid=9490)[0m 2026-07-08 15:46:40,425 - INFO - transfer_queue.utils.perf_utils - TQ_STORAGE_UNIT_22f592ee: [Performance] Total success requests: 818, Total req/min: 163.54, Total avg process time: 0.0081s; 
[36m(SimpleStorageUnit pid=9490)[0m Time range: last 5.00 minutes; 
[36m(SimpleStorageUnit pid=9490)[0m Per-operation statistics: PUT_DATA: req_count=793, req/min=158.55, avg_time=0.008105s, max_time=0.019380s, min_time=0.002734s; GET_DATA: req_count=20, req/min=4.00, avg_time=0.007513s, max_time=0.022257s, min_time=0.003486s; CLEAR_DATA: req_count=5, req/min=1.00, avg_time=0.013933s, max_time=0.018461s, min_time=0.006904s
[36m(AgentLoopWorkerTQ pid=15939)[0m /mnt/tier1/project/p201382/erisa/Internship/Cascade2/verl-version/.venv/lib/python3.12/site-packages/pydantic/main.py:475: UserWarning: Pydantic serializer warnings:
[36m(AgentLoopWorkerTQ pid=15939)[0m   PydanticSerializationUnexpectedValue(Expected `float` - serialized value may not be as expected [field_name='reward_score', input_value=tensor(-0.2305), input_type=Tensor])
[36m(AgentLoopWorkerTQ pid=15939)[0m   return self.__pydantic_serializer__.to_python(
[36m(SimpleStorageUnit pid=9491)[0m 2026-07-08 15:46:41,642 - INFO - transfer_queue.utils.perf_utils - TQ_STORAGE_UNIT_8be3c546: [Performance] Total success requests: 841, Total req/min: 167.46, Total avg process time: 0.0079s; [32m [repeated 5x across cluster][0m
[36m(SimpleStorageUnit pid=9491)[0m Time range: last 5.02 minutes; [32m [repeated 5x across cluster][0m
[36m(SimpleStorageUnit pid=9491)[0m Per-operation statistics: PUT_DATA: req_count=816, req/min=162.49, avg_time=0.007849s, max_time=0.017428s, min_time=0.002743s; GET_DATA: req_count=20, req/min=3.98, avg_time=0.006837s, max_time=0.008981s, min_time=0.003636s; CLEAR_DATA: req_count=5, req/min=1.00, avg_time=0.013694s, max_time=0.018423s, min_time=0.006870s[32m [repeated 5x across cluster][0m
[36m(SimpleStorageUnit pid=9487)[0m Per-operation statistics: PUT_DATA: req_count=693, req/min=126.21, avg_time=0.008075s, max_time=0.016755s, min_time=0.002766s; CLEAR_DATA: req_count=5, req/min=0.91, avg_time=0.012455s, max_time=0.021041s, min_time=0.006886s; GET_DATA: req_count=24, req/min=4.37, avg_time=0.006737s, max_time=0.009535s, min_time=0.004002s
[36m(AgentLoopWorkerTQ pid=15937)[0m /mnt/tier1/project/p201382/erisa/Internship/Cascade2/verl-version/.venv/lib/python3.12/site-packages/pydantic/main.py:475: UserWarning: Pydantic serializer warnings:
[36m(AgentLoopWorkerTQ pid=15937)[0m   PydanticSerializationUnexpectedValue(Expected `float` - serialized value may not be as expected [field_name='reward_score', input_value=tensor(-0.8125), input_type=Tensor])
[36m(AgentLoopWorkerTQ pid=15937)[0m   return self.__pydantic_serializer__.to_python(
[36m(SimpleStorageUnit pid=9487)[0m 2026-07-08 15:48:52,901 - INFO - transfer_queue.utils.perf_utils - TQ_STORAGE_UNIT_966f8cc4: [Performance] Total success requests: 722, Total req/min: 131.49, Total avg process time: 0.0081s; 
[36m(SimpleStorageUnit pid=9487)[0m Time range: last 5.49 minutes; 
[36m(SimpleStorageUnit pid=9488)[0m 2026-07-08 15:48:52,901 - INFO - transfer_queue.utils.perf_utils - TQ_STORAGE_UNIT_99f20e51: [Performance] Total success requests: 738, Total req/min: 134.39, Total avg process time: 0.0082s; 
[36m(SimpleStorageUnit pid=9488)[0m Time range: last 5.49 minutes; 
[36m(TaskRunnerV1 pid=8235)[0m Training Progress:  45%|████▌     | 81/180 [3:24:39<4:15:35, 154.90s/it]
[36m(AgentLoopWorkerTQ pid=15937)[0m /mnt/tier1/project/p201382/erisa/Internship/Cascade2/verl-version/.venv/lib/python3.12/site-packages/pydantic/main.py:475: UserWarning: Pydantic serializer warnings:
[36m(AgentLoopWorkerTQ pid=15937)[0m   PydanticSerializationUnexpectedValue(Expected `float` - serialized value may not be as expected [field_name='reward_score', input_value=tensor(-0.2090), input_type=Tensor])
[36m(AgentLoopWorkerTQ pid=15937)[0m   return self.__pydantic_serializer__.to_python(
[36m(SimpleStorageUnit pid=9488)[0m Per-operation statistics: PUT_DATA: req_count=709, req/min=129.11, avg_time=0.008239s, max_time=0.018132s, min_time=0.002740s; CLEAR_DATA: req_count=5, req/min=0.91, avg_time=0.011298s, max_time=0.017074s, min_time=0.006712s; GET_DATA: req_count=24, req/min=4.37, avg_time=0.006820s, max_time=0.009277s, min_time=0.003542s
[36m(TransferQueueController pid=9128)[0m 2026-07-08 15:51:16,910 - INFO - transfer_queue.utils.perf_utils - TQ_CONTROLLER_3eaa8a51: [Performance] Total success requests: 21236, Total req/min: 3910.51, Total avg process time: 0.0002s; 
[36m(TransferQueueController pid=9128)[0m Time range: last 5.43 minutes; 
[36m(TransferQueueController pid=9128)[0m Per-operation statistics: NOTIFY_DATA_UPDATE: req_count=5672, req/min=1044.47, avg_time=0.000121s, max_time=0.007148s, min_time=0.000084s; KV_RETRIEVE_META: req_count=7760, req/min=1428.97, avg_time=0.000493s, max_time=0.415874s, min_time=0.000196s; SET_CUSTOM_META: req_count=7751, req/min=1427.31, avg_time=0.000015s, max_time=0.000743s, min_time=0.000009s; KV_LIST: req_count=45, req/min=8.29, avg_time=0.001734s, max_time=0.004228s, min_time=0.000193s; CLEAR_META: req_count=6, req/min=1.10, avg_time=0.012872s, max_time=0.018455s, min_time=0.005341s; KV_RETRIEVE_KEYS: req_count=2, req/min=0.37, avg_time=0.000654s, max_time=0.000695s, min_time=0.000612s
[36m(TaskRunnerV1 pid=8235)[0m Training Progress:  46%|████▌     | 82/180 [3:27:03<4:07:41, 151.64s/it]
[36m(SimpleStorageUnit pid=9493)[0m Per-operation statistics: PUT_DATA: req_count=529, req/min=105.77, avg_time=0.008455s, max_time=0.019579s, min_time=0.002874s; CLEAR_DATA: req_count=4, req/min=0.80, avg_time=0.013077s, max_time=0.019831s, min_time=0.007049s; GET_DATA: req_count=22, req/min=4.40, avg_time=0.007742s, max_time=0.011547s, min_time=0.004169s
[36m(SimpleStorageUnit pid=9493)[0m 2026-07-08 15:51:40,528 - INFO - transfer_queue.utils.perf_utils - TQ_STORAGE_UNIT_c67b05a2: [Performance] Total success requests: 555, Total req/min: 110.97, Total avg process time: 0.0085s; 
[36m(SimpleStorageUnit pid=9493)[0m Time range: last 5.00 minutes; 
[36m(AgentLoopWorkerTQ pid=15939)[0m /mnt/tier1/project/p201382/erisa/Internship/Cascade2/verl-version/.venv/lib/python3.12/site-packages/pydantic/main.py:475: UserWarning: Pydantic serializer warnings:
[36m(AgentLoopWorkerTQ pid=15939)[0m   PydanticSerializationUnexpectedValue(Expected `float` - serialized value may not be as expected [field_name='reward_score', input_value=tensor(-0.2812), input_type=Tensor])
[36m(AgentLoopWorkerTQ pid=15939)[0m   return self.__pydantic_serializer__.to_python(
[36m(AgentLoopWorkerTQ pid=15939)[0m /mnt/tier1/project/p201382/erisa/Internship/Cascade2/verl-version/.venv/lib/python3.12/site-packages/pydantic/main.py:475: UserWarning: Pydantic serializer warnings:
[36m(AgentLoopWorkerTQ pid=15939)[0m   PydanticSerializationUnexpectedValue(Expected `float` - serialized value may not be as expected [field_name='reward_score', input_value=tensor(-0.7129), input_type=Tensor])
[36m(AgentLoopWorkerTQ pid=15939)[0m   return self.__pydantic_serializer__.to_python(
[36m(AgentLoopWorkerTQ pid=15939)[0m /mnt/tier1/project/p201382/erisa/Internship/Cascade2/verl-version/.venv/lib/python3.12/site-packages/pydantic/main.py:475: UserWarning: Pydantic serializer warnings:
[36m(AgentLoopWorkerTQ pid=15939)[0m   PydanticSerializationUnexpectedValue(Expected `float` - serialized value may not be as expected [field_name='reward_score', input_value=tensor(-0.8066), input_type=Tensor])
[36m(AgentLoopWorkerTQ pid=15939)[0m   return self.__pydantic_serializer__.to_python(
[36m(SimpleStorageUnit pid=9490)[0m 2026-07-08 15:51:41,648 - INFO - transfer_queue.utils.perf_utils - TQ_STORAGE_UNIT_22f592ee: [Performance] Total success requests: 532, Total req/min: 105.97, Total avg process time: 0.0083s; 
[36m(SimpleStorageUnit pid=9490)[0m Time range: last 5.02 minutes; 
[36m(SimpleStorageUnit pid=9491)[0m Per-operation statistics: PUT_DATA: req_count=557, req/min=109.73, avg_time=0.007863s, max_time=0.018181s, min_time=0.002747s; CLEAR_DATA: req_count=5, req/min=0.98, avg_time=0.013350s, max_time=0.021423s, min_time=0.007193s; GET_DATA: req_count=22, req/min=4.33, avg_time=0.007673s, max_time=0.011596s, min_time=0.003767s[32m [repeated 5x across cluster][0m
[36m(AgentLoopWorkerTQ pid=15940)[0m /mnt/tier1/project/p201382/erisa/Internship/Cascade2/verl-version/.venv/lib/python3.12/site-packages/pydantic/main.py:475: UserWarning: Pydantic serializer warnings:
[36m(AgentLoopWorkerTQ pid=15940)[0m   PydanticSerializationUnexpectedValue(Expected `float` - serialized value may not be as expected [field_name='reward_score', input_value=tensor(-0.8027), input_type=Tensor])
[36m(AgentLoopWorkerTQ pid=15940)[0m   return self.__pydantic_serializer__.to_python(
[36m(TaskRunnerV1 pid=8235)[0m Training Progress:  46%|████▌     | 83/180 [3:29:36<4:05:44, 152.01s/it]
[36m(SimpleStorageUnit pid=9491)[0m 2026-07-08 15:51:46,217 - INFO - transfer_queue.utils.perf_utils - TQ_STORAGE_UNIT_8be3c546: [Performance] Total success requests: 584, Total req/min: 115.05, Total avg process time: 0.0079s; [32m [repeated 4x across cluster][0m
[36m(SimpleStorageUnit pid=9491)[0m Time range: last 5.08 minutes; [32m [repeated 4x across cluster][0m
[36m(SimpleStorageUnit pid=9487)[0m Per-operation statistics: CLEAR_DATA: req_count=5, req/min=1.00, avg_time=0.014696s, max_time=0.019888s, min_time=0.008914s; PUT_DATA: req_count=561, req/min=112.19, avg_time=0.008184s, max_time=0.017506s, min_time=0.002730s; GET_DATA: req_count=22, req/min=4.40, avg_time=0.007521s, max_time=0.011220s, min_time=0.003330s
[36m(AgentLoopWorkerTQ pid=15943)[0m /mnt/tier1/project/p201382/erisa/Internship/Cascade2/verl-version/.venv/lib/python3.12/site-packages/pydantic/main.py:475: UserWarning: Pydantic serializer warnings:
[36m(AgentLoopWorkerTQ pid=15943)[0m   PydanticSerializationUnexpectedValue(Expected `float` - serialized value may not be as expected [field_name='reward_score', input_value=tensor(-0.4961), input_type=Tensor])
[36m(AgentLoopWorkerTQ pid=15943)[0m   return self.__pydantic_serializer__.to_python(
[36m(SimpleStorageUnit pid=9488)[0m 2026-07-08 15:53:52,943 - INFO - transfer_queue.utils.perf_utils - TQ_STORAGE_UNIT_99f20e51: [Performance] Total success requests: 588, Total req/min: 117.58, Total avg process time: 0.0080s; [32m [repeated 2x across cluster][0m
[36m(SimpleStorageUnit pid=9488)[0m Time range: last 5.00 minutes; [32m [repeated 2x across cluster][0m
[36m(SimpleStorageUnit pid=9488)[0m Per-operation statistics: CLEAR_DATA: req_count=5, req/min=1.00, avg_time=0.015274s, max_time=0.020786s, min_time=0.009086s; PUT_DATA: req_count=561, req/min=112.18, avg_time=0.007892s, max_time=0.016883s, min_time=0.002696s; GET_DATA: req_count=22, req/min=4.40, avg_time=0.008086s, max_time=0.011626s, min_time=0.005531s
[36m(TransferQueueController pid=9128)[0m Per-operation statistics: KV_RETRIEVE_META: req_count=4629, req/min=925.75, avg_time=0.000536s, max_time=0.108517s, min_time=0.000213s; CLEAR_META: req_count=5, req/min=1.00, avg_time=0.013159s, max_time=0.017995s, min_time=0.005897s; SET_CUSTOM_META: req_count=4622, req/min=924.35, avg_time=0.000016s, max_time=0.000680s, min_time=0.000009s; KV_LIST: req_count=30, req/min=6.00, avg_time=0.001023s, max_time=0.002179s, min_time=0.000170s; NOTIFY_DATA_UPDATE: req_count=4108, req/min=821.55, avg_time=0.000127s, max_time=0.017904s, min_time=0.000084s; KV_RETRIEVE_KEYS: req_count=2, req/min=0.40, avg_time=0.000826s, max_time=0.000877s, min_time=0.000775s
[36m(TransferQueueController pid=9128)[0m 2026-07-08 15:56:16,926 - INFO - transfer_queue.utils.perf_utils - TQ_CONTROLLER_3eaa8a51: [Performance] Total success requests: 13396, Total req/min: 2679.05, Total avg process time: 0.0002s; 
[36m(TransferQueueController pid=9128)[0m Time range: last 5.00 minutes; 
[36m(TaskRunnerV1 pid=8235)[0m Training Progress:  47%|████▋     | 84/180 [3:32:02<4:00:29, 150.30s/it]
[36m(AgentLoopWorkerTQ pid=15938)[0m /mnt/tier1/project/p201382/erisa/Internship/Cascade2/verl-version/.venv/lib/python3.12/site-packages/pydantic/main.py:475: UserWarning: Pydantic serializer warnings:
[36m(AgentLoopWorkerTQ pid=15938)[0m   PydanticSerializationUnexpectedValue(Expected `float` - serialized value may not be as expected [field_name='reward_score', input_value=tensor(-0.2266), input_type=Tensor])
[36m(AgentLoopWorkerTQ pid=15938)[0m   return self.__pydantic_serializer__.to_python(
[36m(AgentLoopWorkerTQ pid=15938)[0m /mnt/tier1/project/p201382/erisa/Internship/Cascade2/verl-version/.venv/lib/python3.12/site-packages/pydantic/main.py:475: UserWarning: Pydantic serializer warnings:
[36m(AgentLoopWorkerTQ pid=15938)[0m   PydanticSerializationUnexpectedValue(Expected `float` - serialized value may not be as expected [field_name='reward_score', input_value=tensor(-0.8926), input_type=Tensor])
[36m(AgentLoopWorkerTQ pid=15938)[0m   return self.__pydantic_serializer__.to_python(
[36m(SimpleStorageUnit pid=9493)[0m 2026-07-08 15:56:41,181 - INFO - transfer_queue.utils.perf_utils - TQ_STORAGE_UNIT_c67b05a2: [Performance] Total success requests: 546, Total req/min: 108.96, Total avg process time: 0.0071s; 
[36m(SimpleStorageUnit pid=9493)[0m Time range: last 5.01 minutes; 
[36m(SimpleStorageUnit pid=9493)[0m Per-operation statistics: PUT_DATA: req_count=520, req/min=103.77, avg_time=0.007082s, max_time=0.018675s, min_time=0.002710s; CLEAR_DATA: req_count=4, req/min=0.80, avg_time=0.012568s, max_time=0.018469s, min_time=0.006915s; GET_DATA: req_count=22, req/min=4.39, avg_time=0.007233s, max_time=0.009261s, min_time=0.004590s
[36m(SimpleStorageUnit pid=9492)[0m Per-operation statistics: CLEAR_DATA: req_count=4, req/min=0.80, avg_time=0.012838s, max_time=0.019316s, min_time=0.006889s; GET_DATA: req_count=22, req/min=4.39, avg_time=0.007217s, max_time=0.008936s, min_time=0.004481s; PUT_DATA: req_count=517, req/min=103.21, avg_time=0.007035s, max_time=0.018266s, min_time=0.002734s
[36m(AgentLoopWorkerTQ pid=15944)[0m /mnt/tier1/project/p201382/erisa/Internship/Cascade2/verl-version/.venv/lib/python3.12/site-packages/pydantic/main.py:475: UserWarning: Pydantic serializer warnings:
[36m(AgentLoopWorkerTQ pid=15944)[0m   PydanticSerializationUnexpectedValue(Expected `float` - serialized value may not be as expected [field_name='reward_score', input_value=tensor(-0.5391), input_type=Tensor])
[36m(AgentLoopWorkerTQ pid=15944)[0m   return self.__pydantic_serializer__.to_python(
[36m(SimpleStorageUnit pid=9491)[0m Per-operation statistics: GET_DATA: req_count=23, req/min=4.60, avg_time=0.007041s, max_time=0.010444s, min_time=0.003835s; PUT_DATA: req_count=528, req/min=105.54, avg_time=0.006843s, max_time=0.017690s, min_time=0.002667s; CLEAR_DATA: req_count=4, req/min=0.80, avg_time=0.013028s, max_time=0.018397s, min_time=0.007796s
[36m(SimpleStorageUnit pid=9491)[0m 2026-07-08 15:56:46,383 - INFO - transfer_queue.utils.perf_utils - TQ_STORAGE_UNIT_8be3c546: [Performance] Total success requests: 555, Total req/min: 110.94, Total avg process time: 0.0069s; [32m [repeated 5x across cluster][0m
[36m(SimpleStorageUnit pid=9491)[0m Time range: last 5.00 minutes; [32m [repeated 5x across cluster][0m
[36m(SimpleStorageUnit pid=9489)[0m Per-operation statistics: PUT_DATA: req_count=530, req/min=104.88, avg_time=0.006754s, max_time=0.016870s, min_time=0.002715s; CLEAR_DATA: req_count=5, req/min=0.99, avg_time=0.011927s, max_time=0.017306s, min_time=0.007521s; GET_DATA: req_count=22, req/min=4.35, avg_time=0.007003s, max_time=0.008382s, min_time=0.003932s[32m [repeated 2x across cluster][0m
[36m(TaskRunnerV1 pid=8235)[0m Training Progress:  47%|████▋     | 85/180 [3:34:32<3:57:43, 150.15s/it]
[36m(SimpleStorageUnit pid=9486)[0m Per-operation statistics: CLEAR_DATA: req_count=5, req/min=0.99, avg_time=0.012097s, max_time=0.018172s, min_time=0.007400s; GET_DATA: req_count=22, req/min=4.35, avg_time=0.006828s, max_time=0.009223s, min_time=0.004207s; PUT_DATA: req_count=539, req/min=106.60, avg_time=0.006940s, max_time=0.017392s, min_time=0.002753s
[36m(SimpleStorageUnit pid=9487)[0m 2026-07-08 15:58:52,918 - INFO - transfer_queue.utils.perf_utils - TQ_STORAGE_UNIT_966f8cc4: [Performance] Total success requests: 578, Total req/min: 115.60, Total avg process time: 0.0072s; 
[36m(SimpleStorageUnit pid=9487)[0m Time range: last 5.00 minutes; 
[36m(SimpleStorageUnit pid=9487)[0m Per-operation statistics: PUT_DATA: req_count=552, req/min=110.40, avg_time=0.007162s, max_time=0.017924s, min_time=0.002720s; CLEAR_DATA: req_count=4, req/min=0.80, avg_time=0.012342s, max_time=0.016617s, min_time=0.007396s; GET_DATA: req_count=22, req/min=4.40, avg_time=0.007285s, max_time=0.011081s, min_time=0.004225s
[36m(TaskRunnerV1 pid=8235)[0m Training Progress:  48%|████▊     | 86/180 [3:36:59<3:53:36, 149.11s/it]
[36m(SimpleStorageUnit pid=9488)[0m 2026-07-08 15:58:52,951 - INFO - transfer_queue.utils.perf_utils - TQ_STORAGE_UNIT_99f20e51: [Performance] Total success requests: 584, Total req/min: 116.80, Total avg process time: 0.0071s; 
[36m(SimpleStorageUnit pid=9488)[0m Time range: last 5.00 minutes; 
[36m(SimpleStorageUnit pid=9488)[0m Per-operation statistics: PUT_DATA: req_count=558, req/min=111.60, avg_time=0.007037s, max_time=0.017397s, min_time=0.002677s; CLEAR_DATA: req_count=4, req/min=0.80, avg_time=0.012776s, max_time=0.018418s, min_time=0.007544s; GET_DATA: req_count=22, req/min=4.40, avg_time=0.007463s, max_time=0.010486s, min_time=0.004400s
[36m(TransferQueueController pid=9128)[0m 2026-07-08 16:01:16,927 - INFO - transfer_queue.utils.perf_utils - TQ_CONTROLLER_3eaa8a51: [Performance] Total success requests: 14591, Total req/min: 2918.20, Total avg process time: 0.0002s; 
[36m(TransferQueueController pid=9128)[0m Time range: last 5.00 minutes; 
[36m(TransferQueueController pid=9128)[0m Per-operation statistics: KV_RETRIEVE_META: req_count=5072, req/min=1014.40, avg_time=0.000510s, max_time=0.143435s, min_time=0.000211s; SET_CUSTOM_META: req_count=5063, req/min=1012.60, avg_time=0.000016s, max_time=0.000675s, min_time=0.000009s; KV_LIST: req_count=32, req/min=6.40, avg_time=0.001013s, max_time=0.002215s, min_time=0.000175s; NOTIFY_DATA_UPDATE: req_count=4418, req/min=883.60, avg_time=0.000124s, max_time=0.004233s, min_time=0.000088s; CLEAR_META: req_count=4, req/min=0.80, avg_time=0.012230s, max_time=0.018586s, min_time=0.004977s; KV_RETRIEVE_KEYS: req_count=2, req/min=0.40, avg_time=0.000758s, max_time=0.000871s, min_time=0.000645s
[36m(AgentLoopWorkerTQ pid=15944)[0m /mnt/tier1/project/p201382/erisa/Internship/Cascade2/verl-version/.venv/lib/python3.12/site-packages/pydantic/main.py:475: UserWarning: Pydantic serializer warnings:
[36m(AgentLoopWorkerTQ pid=15944)[0m   PydanticSerializationUnexpectedValue(Expected `float` - serialized value may not be as expected [field_name='reward_score', input_value=tensor(-0.2734), input_type=Tensor])
[36m(AgentLoopWorkerTQ pid=15944)[0m   return self.__pydantic_serializer__.to_python(
[36m(SimpleStorageUnit pid=9489)[0m 2026-07-08 16:01:59,381 - INFO - transfer_queue.utils.perf_utils - TQ_STORAGE_UNIT_0d563503: [Performance] Total success requests: 558, Total req/min: 106.65, Total avg process time: 0.0096s; 
[36m(SimpleStorageUnit pid=9489)[0m Time range: last 5.23 minutes; 
[36m(SimpleStorageUnit pid=9489)[0m Per-operation statistics: GET_DATA: req_count=26, req/min=4.97, avg_time=0.008177s, max_time=0.012219s, min_time=0.005839s; PUT_DATA: req_count=528, req/min=100.92, avg_time=0.009664s, max_time=0.017659s, min_time=0.002694s; CLEAR_DATA: req_count=4, req/min=0.76, avg_time=0.014633s, max_time=0.022587s, min_time=0.008364s
[36m(SimpleStorageUnit pid=9490)[0m Per-operation statistics: CLEAR_DATA: req_count=5, req/min=0.95, avg_time=0.013248s, max_time=0.020102s, min_time=0.008552s; GET_DATA: req_count=26, req/min=4.92, avg_time=0.008120s, max_time=0.011694s, min_time=0.004226s; PUT_DATA: req_count=509, req/min=96.25, avg_time=0.009519s, max_time=0.018715s, min_time=0.002722s
[36m(SimpleStorageUnit pid=9492)[0m Per-operation statistics: PUT_DATA: req_count=521, req/min=98.59, avg_time=0.010096s, max_time=0.018566s, min_time=0.002809s; CLEAR_DATA: req_count=5, req/min=0.95, avg_time=0.012503s, max_time=0.019518s, min_time=0.006412s; GET_DATA: req_count=26, req/min=4.92, avg_time=0.007729s, max_time=0.011642s, min_time=0.002984s
[36m(TaskRunnerV1 pid=8235)[0m Training Progress:  48%|████▊     | 87/180 [3:39:21<3:48:13, 147.24s/it]
[36m(SimpleStorageUnit pid=9493)[0m 2026-07-08 16:01:59,380 - INFO - transfer_queue.utils.perf_utils - TQ_STORAGE_UNIT_c67b05a2: [Performance] Total success requests: 564, Total req/min: 106.35, Total avg process time: 0.0096s; [32m [repeated 5x across cluster][0m
[36m(SimpleStorageUnit pid=9493)[0m Time range: last 5.30 minutes; [32m [repeated 5x across cluster][0m
[36m(SimpleStorageUnit pid=9486)[0m Per-operation statistics: GET_DATA: req_count=26, req/min=4.97, avg_time=0.007722s, max_time=0.011524s, min_time=0.003593s; PUT_DATA: req_count=537, req/min=102.64, avg_time=0.009619s, max_time=0.018555s, min_time=0.002718s; CLEAR_DATA: req_count=4, req/min=0.76, avg_time=0.013672s, max_time=0.020866s, min_time=0.007682s[32m [repeated 2x across cluster][0m
[36m(SimpleStorageUnit pid=9493)[0m Per-operation statistics: CLEAR_DATA: req_count=5, req/min=0.94, avg_time=0.013133s, max_time=0.019315s, min_time=0.009115s; GET_DATA: req_count=26, req/min=4.90, avg_time=0.007805s, max_time=0.011911s, min_time=0.003324s; PUT_DATA: req_count=533, req/min=100.50, avg_time=0.009674s, max_time=0.018474s, min_time=0.002728s
[36m(SimpleStorageUnit pid=9488)[0m Per-operation statistics: PUT_DATA: req_count=693, req/min=138.23, avg_time=0.009765s, max_time=0.019813s, min_time=0.002774s; CLEAR_DATA: req_count=4, req/min=0.80, avg_time=0.014745s, max_time=0.020263s, min_time=0.009060s; GET_DATA: req_count=22, req/min=4.39, avg_time=0.008116s, max_time=0.011649s, min_time=0.003233s
[36m(SimpleStorageUnit pid=9488)[0m 2026-07-08 16:03:53,750 - INFO - transfer_queue.utils.perf_utils - TQ_STORAGE_UNIT_99f20e51: [Performance] Total success requests: 719, Total req/min: 143.42, Total avg process time: 0.0097s; 
[36m(SimpleStorageUnit pid=9488)[0m Time range: last 5.01 minutes; 
[36m(SimpleStorageUnit pid=9487)[0m 2026-07-08 16:03:54,331 - INFO - transfer_queue.utils.perf_utils - TQ_STORAGE_UNIT_966f8cc4: [Performance] Total success requests: 709, Total req/min: 141.14, Total avg process time: 0.0092s; 
[36m(SimpleStorageUnit pid=9487)[0m Time range: last 5.02 minutes; 
[36m(AgentLoopWorkerTQ pid=15939)[0m /mnt/tier1/project/p201382/erisa/Internship/Cascade2/verl-version/.venv/lib/python3.12/site-packages/pydantic/main.py:475: UserWarning: Pydantic serializer warnings:
[36m(AgentLoopWorkerTQ pid=15939)[0m   PydanticSerializationUnexpectedValue(Expected `float` - serialized value may not be as expected [field_name='reward_score', input_value=tensor(-0.3086), input_type=Tensor])
[36m(AgentLoopWorkerTQ pid=15939)[0m   return self.__pydantic_serializer__.to_python(
[36m(SimpleStorageUnit pid=9487)[0m Per-operation statistics: PUT_DATA: req_count=683, req/min=135.96, avg_time=0.009211s, max_time=0.018486s, min_time=0.002702s; CLEAR_DATA: req_count=4, req/min=0.80, avg_time=0.013999s, max_time=0.020385s, min_time=0.008888s; GET_DATA: req_count=22, req/min=4.38, avg_time=0.008401s, max_time=0.011152s, min_time=0.004481s
[36m(TaskRunnerV1 pid=8235)[0m Training Progress:  49%|████▉     | 88/180 [3:41:46<3:44:30, 146.42s/it]
[36m(AgentLoopWorkerTQ pid=15937)[0m /mnt/tier1/project/p201382/erisa/Internship/Cascade2/verl-version/.venv/lib/python3.12/site-packages/pydantic/main.py:475: UserWarning: Pydantic serializer warnings:[32m [repeated 2x across cluster][0m
[36m(AgentLoopWorkerTQ pid=15937)[0m   PydanticSerializationUnexpectedValue(Expected `float` - serialized value may not be as expected [field_name='reward_score', input_value=tensor(-0.1777), input_type=Tensor])[32m [repeated 2x across cluster][0m
[36m(AgentLoopWorkerTQ pid=15937)[0m   return self.__pydantic_serializer__.to_python([32m [repeated 2x across cluster][0m
[36m(TransferQueueController pid=9128)[0m 2026-07-08 16:06:17,088 - INFO - transfer_queue.utils.perf_utils - TQ_CONTROLLER_3eaa8a51: [Performance] Total success requests: 18838, Total req/min: 3765.59, Total avg process time: 0.0002s; 
[36m(TransferQueueController pid=9128)[0m Time range: last 5.00 minutes; 
[36m(TransferQueueController pid=9128)[0m Per-operation statistics: SET_CUSTOM_META: req_count=6477, req/min=1294.71, avg_time=0.000015s, max_time=0.000728s, min_time=0.000009s; NOTIFY_DATA_UPDATE: req_count=5841, req/min=1167.58, avg_time=0.000122s, max_time=0.007422s, min_time=0.000086s; KV_RETRIEVE_META: req_count=6480, req/min=1295.31, avg_time=0.000452s, max_time=0.101295s, min_time=0.000211s; KV_LIST: req_count=34, req/min=6.80, avg_time=0.001079s, max_time=0.002144s, min_time=0.000167s; CLEAR_META: req_count=4, req/min=0.80, avg_time=0.013312s, max_time=0.021224s, min_time=0.006674s; KV_RETRIEVE_KEYS: req_count=2, req/min=0.40, avg_time=0.000780s, max_time=0.000783s, min_time=0.000776s
[36m(AgentLoopWorkerTQ pid=15797)[0m /mnt/tier1/project/p201382/erisa/Internship/Cascade2/verl-version/.venv/lib/python3.12/site-packages/pydantic/main.py:475: UserWarning: Pydantic serializer warnings:
[36m(AgentLoopWorkerTQ pid=15797)[0m   PydanticSerializationUnexpectedValue(Expected `float` - serialized value may not be as expected [field_name='reward_score', input_value=tensor(-0.6055), input_type=Tensor])
[36m(AgentLoopWorkerTQ pid=15797)[0m   return self.__pydantic_serializer__.to_python(
[36m(SimpleStorageUnit pid=9490)[0m 2026-07-08 16:08:24,184 - INFO - transfer_queue.utils.perf_utils - TQ_STORAGE_UNIT_22f592ee: [Performance] Total success requests: 541, Total req/min: 84.35, Total avg process time: 0.0096s; 
[36m(SimpleStorageUnit pid=9490)[0m Time range: last 6.41 minutes; 
[36m(SimpleStorageUnit pid=9490)[0m Per-operation statistics: PUT_DATA: req_count=508, req/min=79.21, avg_time=0.009629s, max_time=0.019824s, min_time=0.002771s; GET_DATA: req_count=29, req/min=4.52, avg_time=0.007740s, max_time=0.010111s, min_time=0.005137s; CLEAR_DATA: req_count=4, req/min=0.62, avg_time=0.014481s, max_time=0.020106s, min_time=0.008995s
[36m(TaskRunnerV1 pid=8235)[0m Training Progress:  49%|████▉     | 89/180 [3:44:10<3:41:00, 145.72s/it]
[36m(AgentLoopWorkerTQ pid=15940)[0m /mnt/tier1/project/p201382/erisa/Internship/Cascade2/verl-version/.venv/lib/python3.12/site-packages/pydantic/main.py:475: UserWarning: Pydantic serializer warnings:
[36m(AgentLoopWorkerTQ pid=15940)[0m   PydanticSerializationUnexpectedValue(Expected `float` - serialized value may not be as expected [field_name='reward_score', input_value=tensor(-0.4727), input_type=Tensor])
[36m(AgentLoopWorkerTQ pid=15940)[0m   return self.__pydantic_serializer__.to_python(
[36m(SimpleStorageUnit pid=9492)[0m 2026-07-08 16:08:24,185 - INFO - transfer_queue.utils.perf_utils - TQ_STORAGE_UNIT_daf3cb07: [Performance] Total success requests: 580, Total req/min: 90.44, Total avg process time: 0.0093s; [32m [repeated 5x across cluster][0m
[36m(SimpleStorageUnit pid=9492)[0m Time range: last 6.41 minutes; [32m [repeated 5x across cluster][0m
[36m(SimpleStorageUnit pid=9492)[0m Per-operation statistics: PUT_DATA: req_count=547, req/min=85.29, avg_time=0.009334s, max_time=0.020574s, min_time=0.002716s; GET_DATA: req_count=29, req/min=4.52, avg_time=0.007762s, max_time=0.010332s, min_time=0.005084s; CLEAR_DATA: req_count=4, req/min=0.62, avg_time=0.014055s, max_time=0.019242s, min_time=0.009011s[32m [repeated 5x across cluster][0m
[36m(AgentLoopWorkerTQ pid=15940)[0m /mnt/tier1/project/p201382/erisa/Internship/Cascade2/verl-version/.venv/lib/python3.12/site-packages/pydantic/main.py:475: UserWarning: Pydantic serializer warnings:
[36m(AgentLoopWorkerTQ pid=15940)[0m   PydanticSerializationUnexpectedValue(Expected `float` - serialized value may not be as expected [field_name='reward_score', input_value=tensor(-0.6719), input_type=Tensor])
[36m(AgentLoopWorkerTQ pid=15940)[0m   return self.__pydantic_serializer__.to_python(
[36m(SimpleStorageUnit pid=9487)[0m Per-operation statistics: PUT_DATA: req_count=557, req/min=105.57, avg_time=0.008727s, max_time=0.019283s, min_time=0.002731s; CLEAR_DATA: req_count=5, req/min=0.95, avg_time=0.010811s, max_time=0.016310s, min_time=0.005432s; GET_DATA: req_count=26, req/min=4.93, avg_time=0.006658s, max_time=0.009797s, min_time=0.003495s
[36m(AgentLoopWorkerTQ pid=15941)[0m /mnt/tier1/project/p201382/erisa/Internship/Cascade2/verl-version/.venv/lib/python3.12/site-packages/pydantic/main.py:475: UserWarning: Pydantic serializer warnings:
[36m(AgentLoopWorkerTQ pid=15941)[0m   PydanticSerializationUnexpectedValue(Expected `float` - serialized value may not be as expected [field_name='reward_score', input_value=tensor(-0.1270), input_type=Tensor])
[36m(AgentLoopWorkerTQ pid=15941)[0m   return self.__pydantic_serializer__.to_python(
[36m(SimpleStorageUnit pid=9487)[0m 2026-07-08 16:09:10,903 - INFO - transfer_queue.utils.perf_utils - TQ_STORAGE_UNIT_966f8cc4: [Performance] Total success requests: 588, Total req/min: 111.44, Total avg process time: 0.0087s; 
[36m(SimpleStorageUnit pid=9487)[0m Time range: last 5.28 minutes; 
[36m(SimpleStorageUnit pid=9488)[0m 2026-07-08 16:09:10,904 - INFO - transfer_queue.utils.perf_utils - TQ_STORAGE_UNIT_99f20e51: [Performance] Total success requests: 551, Total req/min: 104.24, Total avg process time: 0.0091s; 
[36m(SimpleStorageUnit pid=9488)[0m Time range: last 5.29 minutes; 
[36m(WorkerDict pid=10580)[0m /mnt/tier1/project/p201382/erisa/Internship/Cascade2/verl-version/verl/verl/plugin/platform/platform_cuda.py:99: FutureWarning: torch.cuda._set_allocator_settings is deprecated. Use torch._C._accelerator_setAllocatorSettings instead.
[36m(WorkerDict pid=10580)[0m   torch.cuda.memory._set_allocator_settings(settings)
[36m(SimpleStorageUnit pid=9488)[0m Per-operation statistics: PUT_DATA: req_count=520, req/min=98.37, avg_time=0.009163s, max_time=0.019985s, min_time=0.002703s; CLEAR_DATA: req_count=5, req/min=0.95, avg_time=0.012022s, max_time=0.019410s, min_time=0.008157s; GET_DATA: req_count=26, req/min=4.92, avg_time=0.007505s, max_time=0.010305s, min_time=0.004926s
[36m(TransferQueueController pid=9128)[0m 2026-07-08 16:11:18,189 - INFO - transfer_queue.utils.perf_utils - TQ_CONTROLLER_3eaa8a51: [Performance] Total success requests: 21535, Total req/min: 4291.24, Total avg process time: 0.0002s; 
[36m(TransferQueueController pid=9128)[0m Time range: last 5.02 minutes; 
[36m(TransferQueueController pid=9128)[0m Per-operation statistics: KV_RETRIEVE_META: req_count=8693, req/min=1732.24, avg_time=0.000378s, max_time=0.268506s, min_time=0.000194s; NOTIFY_DATA_UPDATE: req_count=4118, req/min=820.59, avg_time=0.000128s, max_time=0.009084s, min_time=0.000086s; SET_CUSTOM_META: req_count=8689, req/min=1731.44, avg_time=0.000015s, max_time=0.000928s, min_time=0.000009s; KV_LIST: req_count=30, req/min=5.98, avg_time=0.002037s, max_time=0.004277s, min_time=0.000173s; CLEAR_META: req_count=3, req/min=0.60, avg_time=0.011209s, max_time=0.019195s, min_time=0.007136s; KV_RETRIEVE_KEYS: req_count=2, req/min=0.40, avg_time=0.000848s, max_time=0.000887s, min_time=0.000809s
[36m(WorkerDict pid=10578)[0m /mnt/tier1/project/p201382/erisa/Internship/Cascade2/verl-version/verl/verl/plugin/platform/platform_cuda.py:99: FutureWarning: torch.cuda._set_allocator_settings is deprecated. Use torch._C._accelerator_setAllocatorSettings instead.[32m [repeated 3x across cluster][0m
[36m(WorkerDict pid=10578)[0m   torch.cuda.memory._set_allocator_settings(settings)[32m [repeated 3x across cluster][0m
[36m(TaskRunnerV1 pid=8235)[0m Training Progress:  50%|█████     | 90/180 [3:47:23<3:59:46, 159.85s/it]
[36m(SimpleStorageUnit pid=9489)[0m 2026-07-08 16:13:59,852 - INFO - transfer_queue.utils.perf_utils - TQ_STORAGE_UNIT_0d563503: [Performance] Total success requests: 834, Total req/min: 149.08, Total avg process time: 0.0080s; 
[36m(SimpleStorageUnit pid=9489)[0m Time range: last 5.59 minutes; 
[36m(SimpleStorageUnit pid=9489)[0m Per-operation statistics: CLEAR_DATA: req_count=6, req/min=1.07, avg_time=0.013299s, max_time=0.018958s, min_time=0.007934s; PUT_DATA: req_count=804, req/min=143.71, avg_time=0.007936s, max_time=0.029185s, min_time=0.002744s; GET_DATA: req_count=24, req/min=4.29, avg_time=0.007384s, max_time=0.010170s, min_time=0.003814s
[36m(TaskRunnerV1 pid=8235)[0m Training Progress:  51%|█████     | 91/180 [3:49:46<3:49:35, 154.78s/it]
[36m(SimpleStorageUnit pid=9488)[0m Per-operation statistics: PUT_DATA: req_count=809, req/min=161.06, avg_time=0.007663s, max_time=0.023937s, min_time=0.002725s; GET_DATA: req_count=20, req/min=3.98, avg_time=0.008118s, max_time=0.010182s, min_time=0.004561s; CLEAR_DATA: req_count=5, req/min=1.00, avg_time=0.013952s, max_time=0.018899s, min_time=0.007965s
[36m(SimpleStorageUnit pid=9488)[0m 2026-07-08 16:14:12,284 - INFO - transfer_queue.utils.perf_utils - TQ_STORAGE_UNIT_99f20e51: [Performance] Total success requests: 834, Total req/min: 166.04, Total avg process time: 0.0077s; [32m [repeated 6x across cluster][0m
[36m(SimpleStorageUnit pid=9488)[0m Time range: last 5.02 minutes; [32m [repeated 6x across cluster][0m
[36m(SimpleStorageUnit pid=9493)[0m Per-operation statistics: CLEAR_DATA: req_count=6, req/min=1.07, avg_time=0.012327s, max_time=0.018383s, min_time=0.006224s; PUT_DATA: req_count=804, req/min=143.71, avg_time=0.008028s, max_time=0.024099s, min_time=0.002673s; GET_DATA: req_count=24, req/min=4.29, avg_time=0.007618s, max_time=0.010619s, min_time=0.003742s[32m [repeated 5x across cluster][0m
[36m(SimpleStorageUnit pid=9487)[0m Per-operation statistics: PUT_DATA: req_count=816, req/min=158.17, avg_time=0.007955s, max_time=0.029781s, min_time=0.002715s; GET_DATA: req_count=20, req/min=3.88, avg_time=0.007787s, max_time=0.011008s, min_time=0.003329s; CLEAR_DATA: req_count=5, req/min=0.97, avg_time=0.013874s, max_time=0.017896s, min_time=0.008769s
[36m(SimpleStorageUnit pid=9487)[0m 2026-07-08 16:14:20,440 - INFO - transfer_queue.utils.perf_utils - TQ_STORAGE_UNIT_966f8cc4: [Performance] Total success requests: 841, Total req/min: 163.02, Total avg process time: 0.0080s; 
[36m(SimpleStorageUnit pid=9487)[0m Time range: last 5.16 minutes; 
[36m(TransferQueueController pid=9128)[0m 2026-07-08 16:16:21,242 - INFO - transfer_queue.utils.perf_utils - TQ_CONTROLLER_3eaa8a51: [Performance] Total success requests: 14421, Total req/min: 2855.14, Total avg process time: 0.0003s; 
[36m(TransferQueueController pid=9128)[0m Time range: last 5.05 minutes; 
[36m(TransferQueueController pid=9128)[0m Per-operation statistics: KV_RETRIEVE_META: req_count=5039, req/min=997.64, avg_time=0.000601s, max_time=0.253436s, min_time=0.000196s; NOTIFY_DATA_UPDATE: req_count=4311, req/min=853.51, avg_time=0.000124s, max_time=0.004298s, min_time=0.000086s; SET_CUSTOM_META: req_count=5028, req/min=995.47, avg_time=0.000016s, max_time=0.001030s, min_time=0.000009s; KV_LIST: req_count=35, req/min=6.93, avg_time=0.001532s, max_time=0.003930s, min_time=0.000180s; CLEAR_META: req_count=6, req/min=1.19, avg_time=0.015014s, max_time=0.023176s, min_time=0.007261s; KV_RETRIEVE_KEYS: req_count=2, req/min=0.40, avg_time=0.000828s, max_time=0.000885s, min_time=0.000771s
[36m(TaskRunnerV1 pid=8235)[0m Training Progress:  51%|█████     | 92/180 [3:52:07<3:41:04, 150.74s/it]
[36m(RewardLoopWorker pid=11940)[0m ERROR:2026-07-08 16:16:30,273:Unable to detect language for text <https://www.linkedin.com/pulse/funny-cops-guilty-response-scenes-laura-berger-1<http://nba.com/matches> due to No features in text.
[36m(AgentLoopWorkerTQ pid=15941)[0m /mnt/tier1/project/p201382/erisa/Internship/Cascade2/verl-version/.venv/lib/python3.12/site-packages/pydantic/main.py:475: UserWarning: Pydantic serializer warnings:
[36m(AgentLoopWorkerTQ pid=15941)[0m   PydanticSerializationUnexpectedValue(Expected `float` - serialized value may not be as expected [field_name='reward_score', input_value=tensor(-0.1855), input_type=Tensor])
[36m(AgentLoopWorkerTQ pid=15941)[0m   return self.__pydantic_serializer__.to_python(
[36m(TaskRunnerV1 pid=8235)[0m Training Progress:  52%|█████▏    | 93/180 [3:54:37<3:38:09, 150.45s/it]
[36m(AgentLoopWorkerTQ pid=15937)[0m /mnt/tier1/project/p201382/erisa/Internship/Cascade2/verl-version/.venv/lib/python3.12/site-packages/pydantic/main.py:475: UserWarning: Pydantic serializer warnings:
[36m(AgentLoopWorkerTQ pid=15937)[0m   PydanticSerializationUnexpectedValue(Expected `float` - serialized value may not be as expected [field_name='reward_score', input_value=tensor(0.6562), input_type=Tensor])
[36m(AgentLoopWorkerTQ pid=15937)[0m   return self.__pydantic_serializer__.to_python(
[36m(SimpleStorageUnit pid=9489)[0m 2026-07-08 16:18:59,856 - INFO - transfer_queue.utils.perf_utils - TQ_STORAGE_UNIT_0d563503: [Performance] Total success requests: 777, Total req/min: 155.40, Total avg process time: 0.0085s; 
[36m(SimpleStorageUnit pid=9489)[0m Time range: last 5.00 minutes; 
[36m(SimpleStorageUnit pid=9489)[0m Per-operation statistics: CLEAR_DATA: req_count=5, req/min=1.00, avg_time=0.012930s, max_time=0.018468s, min_time=0.006873s; PUT_DATA: req_count=750, req/min=150.00, avg_time=0.008530s, max_time=0.018188s, min_time=0.002702s; GET_DATA: req_count=22, req/min=4.40, avg_time=0.007356s, max_time=0.008768s, min_time=0.004961s
[36m(SimpleStorageUnit pid=9488)[0m Per-operation statistics: PUT_DATA: req_count=527, req/min=104.35, avg_time=0.008761s, max_time=0.017774s, min_time=0.002728s; CLEAR_DATA: req_count=4, req/min=0.79, avg_time=0.012752s, max_time=0.018953s, min_time=0.006837s; GET_DATA: req_count=22, req/min=4.36, avg_time=0.007513s, max_time=0.010692s, min_time=0.005748s
[36m(SimpleStorageUnit pid=9488)[0m 2026-07-08 16:19:15,308 - INFO - transfer_queue.utils.perf_utils - TQ_STORAGE_UNIT_99f20e51: [Performance] Total success requests: 553, Total req/min: 109.50, Total avg process time: 0.0087s; [32m [repeated 6x across cluster][0m
[36m(SimpleStorageUnit pid=9488)[0m Time range: last 5.05 minutes; [32m [repeated 6x across cluster][0m
[36m(SimpleStorageUnit pid=9493)[0m Per-operation statistics: CLEAR_DATA: req_count=5, req/min=1.00, avg_time=0.013261s, max_time=0.020021s, min_time=0.004782s; PUT_DATA: req_count=743, req/min=148.59, avg_time=0.008871s, max_time=0.018130s, min_time=0.002701s; GET_DATA: req_count=22, req/min=4.40, avg_time=0.006914s, max_time=0.010080s, min_time=0.003355s[32m [repeated 5x across cluster][0m
[36m(AgentLoopWorkerTQ pid=15943)[0m /mnt/tier1/project/p201382/erisa/Internship/Cascade2/verl-version/.venv/lib/python3.12/site-packages/pydantic/main.py:475: UserWarning: Pydantic serializer warnings:
[36m(AgentLoopWorkerTQ pid=15943)[0m   PydanticSerializationUnexpectedValue(Expected `float` - serialized value may not be as expected [field_name='reward_score', input_value=tensor(0.2988), input_type=Tensor])
[36m(AgentLoopWorkerTQ pid=15943)[0m   return self.__pydantic_serializer__.to_python(
[36m(SimpleStorageUnit pid=9487)[0m Per-operation statistics: PUT_DATA: req_count=501, req/min=94.24, avg_time=0.009179s, max_time=0.020310s, min_time=0.002736s; CLEAR_DATA: req_count=5, req/min=0.94, avg_time=0.012521s, max_time=0.020750s, min_time=0.006842s; GET_DATA: req_count=26, req/min=4.89, avg_time=0.008078s, max_time=0.020882s, min_time=0.005767s
[36m(SimpleStorageUnit pid=9487)[0m 2026-07-08 16:19:39,420 - INFO - transfer_queue.utils.perf_utils - TQ_STORAGE_UNIT_966f8cc4: [Performance] Total success requests: 532, Total req/min: 100.07, Total avg process time: 0.0092s; 
[36m(SimpleStorageUnit pid=9487)[0m Time range: last 5.32 minutes; 
[36m(TaskRunnerV1 pid=8235)[0m Training Progress:  52%|█████▏    | 94/180 [3:56:58<3:31:26, 147.51s/it]
[36m(TransferQueueController pid=9128)[0m 2026-07-08 16:21:21,243 - INFO - transfer_queue.utils.perf_utils - TQ_CONTROLLER_3eaa8a51: [Performance] Total success requests: 17541, Total req/min: 3508.20, Total avg process time: 0.0002s; 
[36m(TransferQueueController pid=9128)[0m Time range: last 5.00 minutes; 
[36m(TransferQueueController pid=9128)[0m Per-operation statistics: KV_RETRIEVE_META: req_count=6530, req/min=1306.00, avg_time=0.000510s, max_time=0.373756s, min_time=0.000212s; CLEAR_META: req_count=5, req/min=1.00, avg_time=0.013843s, max_time=0.019275s, min_time=0.007009s; SET_CUSTOM_META: req_count=5675, req/min=1135.00, avg_time=0.000016s, max_time=0.000685s, min_time=0.000009s; KV_LIST: req_count=33, req/min=6.60, avg_time=0.001007s, max_time=0.002184s, min_time=0.000180s; NOTIFY_DATA_UPDATE: req_count=5296, req/min=1059.20, avg_time=0.000127s, max_time=0.004132s, min_time=0.000085s; KV_RETRIEVE_KEYS: req_count=2, req/min=0.40, avg_time=0.000950s, max_time=0.001020s, min_time=0.000880s
[36m(TaskRunnerV1 pid=8235)[0m Training Progress:  53%|█████▎    | 95/180 [3:59:19<3:26:11, 145.55s/it]
[36m(RewardLoopWorker pid=11943)[0m ERROR:2026-07-08 16:23:34,511:Unable to detect language for text " " due to No features in text.
[36m(RewardLoopWorker pid=11939)[0m ERROR:2026-07-08 16:23:34,600:Unable to detect language for text "100" due to No features in text.
[36m(SimpleStorageUnit pid=9489)[0m 2026-07-08 16:24:18,401 - INFO - transfer_queue.utils.perf_utils - TQ_STORAGE_UNIT_0d563503: [Performance] Total success requests: 602, Total req/min: 113.39, Total avg process time: 0.0081s; 
[36m(SimpleStorageUnit pid=9489)[0m Time range: last 5.31 minutes; 
[36m(SimpleStorageUnit pid=9489)[0m Per-operation statistics: PUT_DATA: req_count=571, req/min=107.55, avg_time=0.008077s, max_time=0.018954s, min_time=0.002778s; CLEAR_DATA: req_count=5, req/min=0.94, avg_time=0.012125s, max_time=0.020317s, min_time=0.007200s; GET_DATA: req_count=26, req/min=4.90, avg_time=0.006909s, max_time=0.019209s, min_time=0.003308s
[36m(RewardLoopWorker pid=11941)[0m ERROR:2026-07-08 16:23:34,721:Unable to detect language for text "100" due to No features in text.[32m [repeated 2x across cluster][0m
[36m(SimpleStorageUnit pid=9488)[0m Per-operation statistics: CLEAR_DATA: req_count=5, req/min=0.99, avg_time=0.013457s, max_time=0.029114s, min_time=0.006849s; GET_DATA: req_count=26, req/min=5.15, avg_time=0.006752s, max_time=0.019793s, min_time=0.002970s; PUT_DATA: req_count=522, req/min=103.33, avg_time=0.008043s, max_time=0.015944s, min_time=0.002726s
[36m(SimpleStorageUnit pid=9487)[0m Per-operation statistics: PUT_DATA: req_count=563, req/min=91.27, avg_time=0.007873s, max_time=0.017601s, min_time=0.002698s; GET_DATA: req_count=29, req/min=4.70, avg_time=0.006648s, max_time=0.009796s, min_time=0.003990s; CLEAR_DATA: req_count=4, req/min=0.65, avg_time=0.011061s, max_time=0.015347s, min_time=0.006890s
[36m(SimpleStorageUnit pid=9487)[0m 2026-07-08 16:25:49,537 - INFO - transfer_queue.utils.perf_utils - TQ_STORAGE_UNIT_966f8cc4: [Performance] Total success requests: 596, Total req/min: 96.62, Total avg process time: 0.0078s; [32m [repeated 7x across cluster][0m
[36m(SimpleStorageUnit pid=9487)[0m Time range: last 6.17 minutes; [32m [repeated 7x across cluster][0m
[36m(SimpleStorageUnit pid=9493)[0m Per-operation statistics: PUT_DATA: req_count=571, req/min=107.55, avg_time=0.007760s, max_time=0.017988s, min_time=0.002716s; CLEAR_DATA: req_count=5, req/min=0.94, avg_time=0.011188s, max_time=0.018295s, min_time=0.006492s; GET_DATA: req_count=26, req/min=4.90, avg_time=0.007044s, max_time=0.020722s, min_time=0.004013s[32m [repeated 5x across cluster][0m
[36m(TaskRunnerV1 pid=8235)[0m Training Progress:  53%|█████▎    | 96/180 [4:01:35<3:20:06, 142.93s/it]
[36m(AgentLoopWorkerTQ pid=15938)[0m /mnt/tier1/project/p201382/erisa/Internship/Cascade2/verl-version/.venv/lib/python3.12/site-packages/pydantic/main.py:475: UserWarning: Pydantic serializer warnings:
[36m(AgentLoopWorkerTQ pid=15938)[0m   PydanticSerializationUnexpectedValue(Expected `float` - serialized value may not be as expected [field_name='reward_score', input_value=tensor(-0.4980), input_type=Tensor])
[36m(AgentLoopWorkerTQ pid=15938)[0m   return self.__pydantic_serializer__.to_python(
[36m(TransferQueueController pid=9128)[0m 2026-07-08 16:26:38,399 - INFO - transfer_queue.utils.perf_utils - TQ_CONTROLLER_3eaa8a51: [Performance] Total success requests: 15919, Total req/min: 3011.58, Total avg process time: 0.0002s; 
[36m(TransferQueueController pid=9128)[0m Time range: last 5.29 minutes; 
[36m(TransferQueueController pid=9128)[0m Per-operation statistics: SET_CUSTOM_META: req_count=5874, req/min=1111.25, avg_time=0.000015s, max_time=0.000613s, min_time=0.000009s; NOTIFY_DATA_UPDATE: req_count=4969, req/min=940.04, avg_time=0.000120s, max_time=0.008893s, min_time=0.000086s; KV_RETRIEVE_META: req_count=5034, req/min=952.34, avg_time=0.000574s, max_time=0.460997s, min_time=0.000211s; KV_LIST: req_count=35, req/min=6.62, avg_time=0.001035s, max_time=0.001533s, min_time=0.000268s; CLEAR_META: req_count=5, req/min=0.95, avg_time=0.011079s, max_time=0.019790s, min_time=0.005670s; KV_RETRIEVE_KEYS: req_count=2, req/min=0.38, avg_time=0.000751s, max_time=0.000831s, min_time=0.000671s
[36m(AgentLoopWorkerTQ pid=15937)[0m /mnt/tier1/project/p201382/erisa/Internship/Cascade2/verl-version/.venv/lib/python3.12/site-packages/pydantic/main.py:475: UserWarning: Pydantic serializer warnings:[32m [repeated 2x across cluster][0m
[36m(AgentLoopWorkerTQ pid=15937)[0m   PydanticSerializationUnexpectedValue(Expected `float` - serialized value may not be as expected [field_name='reward_score', input_value=tensor(-0.5840), input_type=Tensor])[32m [repeated 2x across cluster][0m
[36m(AgentLoopWorkerTQ pid=15937)[0m   return self.__pydantic_serializer__.to_python([32m [repeated 2x across cluster][0m
[36m(TaskRunnerV1 pid=8235)[0m Training Progress:  54%|█████▍    | 97/180 [4:03:57<3:17:17, 142.62s/it]
[36m(AgentLoopWorkerTQ pid=15797)[0m /mnt/tier1/project/p201382/erisa/Internship/Cascade2/verl-version/.venv/lib/python3.12/site-packages/pydantic/main.py:475: UserWarning: Pydantic serializer warnings:
[36m(AgentLoopWorkerTQ pid=15797)[0m   PydanticSerializationUnexpectedValue(Expected `float` - serialized value may not be as expected [field_name='reward_score', input_value=tensor(-0.3008), input_type=Tensor])
[36m(AgentLoopWorkerTQ pid=15797)[0m   return self.__pydantic_serializer__.to_python(
[36m(SimpleStorageUnit pid=9489)[0m 2026-07-08 16:30:31,600 - INFO - transfer_queue.utils.perf_utils - TQ_STORAGE_UNIT_0d563503: [Performance] Total success requests: 566, Total req/min: 91.00, Total avg process time: 0.0083s; 
[36m(SimpleStorageUnit pid=9489)[0m Time range: last 6.22 minutes; 
[36m(SimpleStorageUnit pid=9489)[0m Per-operation statistics: PUT_DATA: req_count=533, req/min=85.69, avg_time=0.008304s, max_time=0.016023s, min_time=0.002730s; GET_DATA: req_count=29, req/min=4.66, avg_time=0.008278s, max_time=0.025847s, min_time=0.003257s; CLEAR_DATA: req_count=4, req/min=0.64, avg_time=0.012505s, max_time=0.016961s, min_time=0.007560s
[36m(AgentLoopWorkerTQ pid=15943)[0m /mnt/tier1/project/p201382/erisa/Internship/Cascade2/verl-version/.venv/lib/python3.12/site-packages/pydantic/main.py:475: UserWarning: Pydantic serializer warnings:
[36m(AgentLoopWorkerTQ pid=15943)[0m   PydanticSerializationUnexpectedValue(Expected `float` - serialized value may not be as expected [field_name='reward_score', input_value=tensor(-0.7773), input_type=Tensor])
[36m(AgentLoopWorkerTQ pid=15943)[0m   return self.__pydantic_serializer__.to_python(
[36m(TaskRunnerV1 pid=8235)[0m Training Progress:  54%|█████▍    | 98/180 [4:06:18<3:14:10, 142.08s/it]
[36m(SimpleStorageUnit pid=9487)[0m Per-operation statistics: CLEAR_DATA: req_count=6, req/min=1.16, avg_time=0.012949s, max_time=0.017831s, min_time=0.008090s; PUT_DATA: req_count=778, req/min=150.68, avg_time=0.008466s, max_time=0.017202s, min_time=0.002710s; GET_DATA: req_count=22, req/min=4.26, avg_time=0.008229s, max_time=0.027753s, min_time=0.003979s
[36m(SimpleStorageUnit pid=9487)[0m 2026-07-08 16:30:59,325 - INFO - transfer_queue.utils.perf_utils - TQ_STORAGE_UNIT_966f8cc4: [Performance] Total success requests: 806, Total req/min: 156.11, Total avg process time: 0.0085s; [32m [repeated 7x across cluster][0m
[36m(SimpleStorageUnit pid=9487)[0m Time range: last 5.16 minutes; [32m [repeated 7x across cluster][0m
[36m(SimpleStorageUnit pid=9493)[0m Per-operation statistics: PUT_DATA: req_count=528, req/min=84.89, avg_time=0.008085s, max_time=0.016518s, min_time=0.002680s; GET_DATA: req_count=29, req/min=4.66, avg_time=0.008262s, max_time=0.025185s, min_time=0.004196s; CLEAR_DATA: req_count=4, req/min=0.64, avg_time=0.013738s, max_time=0.020792s, min_time=0.008006s[32m [repeated 6x across cluster][0m
[36m(TransferQueueController pid=9128)[0m Per-operation statistics: NOTIFY_DATA_UPDATE: req_count=4113, req/min=658.92, avg_time=0.000131s, max_time=0.003715s, min_time=0.000084s; SET_CUSTOM_META: req_count=4628, req/min=741.43, avg_time=0.000017s, max_time=0.000944s, min_time=0.000009s; KV_RETRIEVE_KEYS: req_count=3, req/min=0.48, avg_time=0.000736s, max_time=0.000746s, min_time=0.000717s; KV_RETRIEVE_META: req_count=4634, req/min=742.39, avg_time=0.000625s, max_time=0.102100s, min_time=0.000211s; CLEAR_META: req_count=4, req/min=0.64, avg_time=0.011928s, max_time=0.017503s, min_time=0.006065s; KV_LIST: req_count=27, req/min=4.33, avg_time=0.001068s, max_time=0.001797s, min_time=0.000274s
[36m(TransferQueueController pid=9128)[0m 2026-07-08 16:32:52,919 - INFO - transfer_queue.utils.perf_utils - TQ_CONTROLLER_3eaa8a51: [Performance] Total success requests: 13409, Total req/min: 2148.19, Total avg process time: 0.0003s; 
[36m(TransferQueueController pid=9128)[0m Time range: last 6.24 minutes; 
[36m(TaskRunnerV1 pid=8235)[0m Training Progress:  55%|█████▌    | 99/180 [4:08:40<3:11:40, 141.98s/it]
[36m(AgentLoopWorkerTQ pid=15797)[0m /mnt/tier1/project/p201382/erisa/Internship/Cascade2/verl-version/.venv/lib/python3.12/site-packages/pydantic/main.py:475: UserWarning: Pydantic serializer warnings:
[36m(AgentLoopWorkerTQ pid=15797)[0m   PydanticSerializationUnexpectedValue(Expected `float` - serialized value may not be as expected [field_name='reward_score', input_value=tensor(-0.7227), input_type=Tensor])
[36m(AgentLoopWorkerTQ pid=15797)[0m   return self.__pydantic_serializer__.to_python(
[36m(WorkerDict pid=10580)[0m /mnt/tier1/project/p201382/erisa/Internship/Cascade2/verl-version/verl/verl/plugin/platform/platform_cuda.py:99: FutureWarning: torch.cuda._set_allocator_settings is deprecated. Use torch._C._accelerator_setAllocatorSettings instead.
[36m(WorkerDict pid=10580)[0m   torch.cuda.memory._set_allocator_settings(settings)
[36m(SimpleStorageUnit pid=9489)[0m 2026-07-08 16:35:31,603 - INFO - transfer_queue.utils.perf_utils - TQ_STORAGE_UNIT_0d563503: [Performance] Total success requests: 665, Total req/min: 133.00, Total avg process time: 0.0073s; 
[36m(SimpleStorageUnit pid=9489)[0m Time range: last 5.00 minutes; 
[36m(SimpleStorageUnit pid=9489)[0m Per-operation statistics: CLEAR_DATA: req_count=4, req/min=0.80, avg_time=0.013070s, max_time=0.018067s, min_time=0.007815s; PUT_DATA: req_count=640, req/min=128.00, avg_time=0.007227s, max_time=0.017682s, min_time=0.002668s; GET_DATA: req_count=21, req/min=4.20, avg_time=0.007229s, max_time=0.008849s, min_time=0.005328s
[36m(WorkerDict pid=10578)[0m /mnt/tier1/project/p201382/erisa/Internship/Cascade2/verl-version/verl/verl/plugin/platform/platform_cuda.py:99: FutureWarning: torch.cuda._set_allocator_settings is deprecated. Use torch._C._accelerator_setAllocatorSettings instead.[32m [repeated 3x across cluster][0m
[36m(WorkerDict pid=10578)[0m   torch.cuda.memory._set_allocator_settings(settings)[32m [repeated 3x across cluster][0m
[36m(SimpleStorageUnit pid=9487)[0m Per-operation statistics: GET_DATA: req_count=21, req/min=4.20, avg_time=0.006464s, max_time=0.008846s, min_time=0.003204s; PUT_DATA: req_count=513, req/min=102.48, avg_time=0.007873s, max_time=0.017928s, min_time=0.002734s; CLEAR_DATA: req_count=2, req/min=0.40, avg_time=0.011845s, max_time=0.016544s, min_time=0.007147s
[36m(SimpleStorageUnit pid=9487)[0m 2026-07-08 16:35:59,681 - INFO - transfer_queue.utils.perf_utils - TQ_STORAGE_UNIT_966f8cc4: [Performance] Total success requests: 536, Total req/min: 107.07, Total avg process time: 0.0078s; [32m [repeated 7x across cluster][0m
[36m(SimpleStorageUnit pid=9487)[0m Time range: last 5.01 minutes; [32m [repeated 7x across cluster][0m
[36m(SimpleStorageUnit pid=9492)[0m Per-operation statistics: CLEAR_DATA: req_count=4, req/min=0.80, avg_time=0.013163s, max_time=0.022027s, min_time=0.007324s; PUT_DATA: req_count=621, req/min=124.09, avg_time=0.007236s, max_time=0.016698s, min_time=0.002699s; GET_DATA: req_count=21, req/min=4.20, avg_time=0.006777s, max_time=0.008721s, min_time=0.003260s[32m [repeated 6x across cluster][0m
[36m(TaskRunnerV1 pid=8235)[0m Training Progress:  56%|█████▌    | 100/180 [4:11:52<3:29:19, 157.00s/it]
[36m(AgentLoopWorkerTQ pid=15940)[0m /mnt/tier1/project/p201382/erisa/Internship/Cascade2/verl-version/.venv/lib/python3.12/site-packages/pydantic/main.py:475: UserWarning: Pydantic serializer warnings:
[36m(AgentLoopWorkerTQ pid=15940)[0m   PydanticSerializationUnexpectedValue(Expected `float` - serialized value may not be as expected [field_name='reward_score', input_value=tensor(-0.3184), input_type=Tensor])
[36m(AgentLoopWorkerTQ pid=15940)[0m   return self.__pydantic_serializer__.to_python(
[36m(AgentLoopWorkerTQ pid=15940)[0m /mnt/tier1/project/p201382/erisa/Internship/Cascade2/verl-version/.venv/lib/python3.12/site-packages/pydantic/main.py:475: UserWarning: Pydantic serializer warnings:
[36m(AgentLoopWorkerTQ pid=15940)[0m   PydanticSerializationUnexpectedValue(Expected `float` - serialized value may not be as expected [field_name='reward_score', input_value=tensor(-0.5195), input_type=Tensor])
[36m(AgentLoopWorkerTQ pid=15940)[0m   return self.__pydantic_serializer__.to_python(
[36m(TransferQueueController pid=9128)[0m 2026-07-08 16:38:29,493 - INFO - transfer_queue.utils.perf_utils - TQ_CONTROLLER_3eaa8a51: [Performance] Total success requests: 29212, Total req/min: 5207.56, Total avg process time: 0.0002s; 
[36m(TransferQueueController pid=9128)[0m Time range: last 5.61 minutes; 
[36m(TransferQueueController pid=9128)[0m Per-operation statistics: KV_RETRIEVE_META: req_count=11401, req/min=2032.43, avg_time=0.000385s, max_time=0.272653s, min_time=0.000194s; CLEAR_META: req_count=6, req/min=1.07, avg_time=0.013660s, max_time=0.019734s, min_time=0.005752s; SET_CUSTOM_META: req_count=11391, req/min=2030.65, avg_time=0.000015s, max_time=0.000942s, min_time=0.000009s; KV_LIST: req_count=48, req/min=8.56, avg_time=0.001847s, max_time=0.005301s, min_time=0.000186s; NOTIFY_DATA_UPDATE: req_count=6364, req/min=1134.50, avg_time=0.000120s, max_time=0.004192s, min_time=0.000084s; KV_RETRIEVE_KEYS: req_count=2, req/min=0.36, avg_time=0.000796s, max_time=0.000851s, min_time=0.000741s
[36m(TaskRunnerV1 pid=8235)[0m Training Progress:  56%|█████▌    | 101/180 [4:14:15<3:21:23, 152.96s/it]
[36m(RewardLoopWorker pid=11937)[0m ERROR:2026-07-08 16:38:40,199:Unable to detect language for text https://www.spigotmc.org/wiki/plugins-for-spigot-1122/
[36m(RewardLoopWorker pid=11937)[0m https://www.spigotmc.org/wiki/plugins-list/
[36m(RewardLoopWorker pid=11937)[0m https://www.spigotmc.org/wiki/fusion-plugins/
[36m(RewardLoopWorker pid=11937)[0m https://www.spigotmc.org/wiki/plugins-for-lfungin/
[36m(RewardLoopWorker pid=11937)[0m https://www.spigotmc.org/wiki/plugins-for-spigot-1122/
[36m(RewardLoopWorker pid=11937)[0m https://www.spigotmc.org/wiki/iphone-x-1122/
[36m(RewardLoopWorker pid=11937)[0m https://www.spigotmc.org/wiki/plugins-for-spigot-1122/
[36m(RewardLoopWorker pid=11937)[0m https://www.spigotmc.org/wiki/roborally-1122/
[36m(RewardLoopWorker pid=11937)[0m https://www.spigotmc.org/wiki/plugins-for-spigot-1122/
[36m(RewardLoopWorker pid=11937)[0m https://www.spigotmc.org/wiki/uuid-cure-1122/
[36m(RewardLoopWorker pid=11937)[0m https://www.spigotmc.org/wiki/rugby-ball-1122/
[36m(RewardLoopWorker pid=11937)[0m https://www.spigotmc.org/wiki/forgery-1122/
[36m(RewardLoopWorker pid=11937)[0m https://www.spigotmc.org/wiki/statistic-1122/
[36m(RewardLoopWorker pid=11937)[0m https://www.spigotmc.org/wiki/translate-1122/
[36m(RewardLoopWorker pid=11937)[0m https://www.spigotmc.org/wiki/inventory-1122/
[36m(RewardLoopWorker pid=11937)[0m https://www.spigotmc.org/wiki/block-gray-1122/
[36m(RewardLoopWorker pid=11937)[0m https://www.spigotmc.org/wiki/world-red-1122/
[36m(RewardLoopWorker pid=11937)[0m https://www.spigotmc.org/wiki/player-astronaut-1122/
[36m(RewardLoopWorker pid=11937)[0m https://www.spigotmc.org/wiki/player-glacier-1122/
[36m(RewardLoopWorker pid=11937)[0m https://www.spigotmc.org/wiki/player-tiger-1122/
[36m(RewardLoopWorker pid=11937)[0m https://www.spigotmc.org/wiki/player-blizzards-1122/
[36m(RewardLoopWorker pid=11937)[0m https://www.spigotmc.org/wiki/player-passed-1122/ due to No features in text.
[36m(SimpleStorageUnit pid=9489)[0m 2026-07-08 16:40:50,826 - INFO - transfer_queue.utils.perf_utils - TQ_STORAGE_UNIT_0d563503: [Performance] Total success requests: 722, Total req/min: 135.70, Total avg process time: 0.0090s; 
[36m(SimpleStorageUnit pid=9489)[0m Time range: last 5.32 minutes; 
[36m(SimpleStorageUnit pid=9489)[0m Per-operation statistics: PUT_DATA: req_count=691, req/min=129.88, avg_time=0.008989s, max_time=0.017404s, min_time=0.002743s; CLEAR_DATA: req_count=6, req/min=1.13, avg_time=0.013177s, max_time=0.019857s, min_time=0.007421s; GET_DATA: req_count=25, req/min=4.70, avg_time=0.007321s, max_time=0.009969s, min_time=0.003820s
[36m(TaskRunnerV1 pid=8235)[0m Training Progress:  57%|█████▋    | 102/180 [4:16:37<3:14:18, 149.46s/it]
[36m(SimpleStorageUnit pid=9487)[0m 2026-07-08 16:40:59,693 - INFO - transfer_queue.utils.perf_utils - TQ_STORAGE_UNIT_966f8cc4: [Performance] Total success requests: 699, Total req/min: 139.79, Total avg process time: 0.0079s; [32m [repeated 7x across cluster][0m
[36m(SimpleStorageUnit pid=9487)[0m Time range: last 5.00 minutes; [32m [repeated 7x across cluster][0m
[36m(SimpleStorageUnit pid=9487)[0m Per-operation statistics: PUT_DATA: req_count=667, req/min=133.39, avg_time=0.007894s, max_time=0.017698s, min_time=0.002724s; CLEAR_DATA: req_count=7, req/min=1.40, avg_time=0.013944s, max_time=0.020222s, min_time=0.007033s; GET_DATA: req_count=25, req/min=5.00, avg_time=0.007443s, max_time=0.009894s, min_time=0.005168s[32m [repeated 7x across cluster][0m
[36m(AgentLoopWorkerTQ pid=15939)[0m /mnt/tier1/project/p201382/erisa/Internship/Cascade2/verl-version/.venv/lib/python3.12/site-packages/pydantic/main.py:475: UserWarning: Pydantic serializer warnings:
[36m(AgentLoopWorkerTQ pid=15939)[0m   PydanticSerializationUnexpectedValue(Expected `float` - serialized value may not be as expected [field_name='reward_score', input_value=tensor(-0.8828), input_type=Tensor])
[36m(AgentLoopWorkerTQ pid=15939)[0m   return self.__pydantic_serializer__.to_python(
[36m(TaskRunnerV1 pid=8235)[0m Training Progress:  57%|█████▋    | 103/180 [4:18:57<3:08:22, 146.78s/it]
[36m(TransferQueueController pid=9128)[0m 2026-07-08 16:43:29,694 - INFO - transfer_queue.utils.perf_utils - TQ_CONTROLLER_3eaa8a51: [Performance] Total success requests: 19982, Total req/min: 3993.73, Total avg process time: 0.0002s; 
[36m(TransferQueueController pid=9128)[0m Time range: last 5.00 minutes; 
[36m(TransferQueueController pid=9128)[0m Per-operation statistics: KV_RETRIEVE_META: req_count=6906, req/min=1380.28, avg_time=0.000453s, max_time=0.278879s, min_time=0.000212s; CLEAR_META: req_count=5, req/min=1.00, avg_time=0.012944s, max_time=0.019206s, min_time=0.005906s; SET_CUSTOM_META: req_count=6898, req/min=1378.68, avg_time=0.000015s, max_time=0.000845s, min_time=0.000009s; KV_LIST: req_count=35, req/min=7.00, avg_time=0.000877s, max_time=0.002176s, min_time=0.000208s; NOTIFY_DATA_UPDATE: req_count=6136, req/min=1226.38, avg_time=0.000116s, max_time=0.010899s, min_time=0.000085s; KV_RETRIEVE_KEYS: req_count=2, req/min=0.40, avg_time=0.000676s, max_time=0.000739s, min_time=0.000613s
[36m(AgentLoopWorkerTQ pid=15943)[0m /mnt/tier1/project/p201382/erisa/Internship/Cascade2/verl-version/.venv/lib/python3.12/site-packages/pydantic/main.py:475: UserWarning: Pydantic serializer warnings:
[36m(AgentLoopWorkerTQ pid=15943)[0m   PydanticSerializationUnexpectedValue(Expected `float` - serialized value may not be as expected [field_name='reward_score', input_value=tensor(-0.3496), input_type=Tensor])
[36m(AgentLoopWorkerTQ pid=15943)[0m   return self.__pydantic_serializer__.to_python(
[36m(TaskRunnerV1 pid=8235)[0m Training Progress:  58%|█████▊    | 104/180 [4:21:22<3:05:00, 146.06s/it]
[36m(SimpleStorageUnit pid=9490)[0m 2026-07-08 16:45:51,109 - INFO - transfer_queue.utils.perf_utils - TQ_STORAGE_UNIT_22f592ee: [Performance] Total success requests: 806, Total req/min: 161.05, Total avg process time: 0.0076s; 
[36m(SimpleStorageUnit pid=9490)[0m Time range: last 5.00 minutes; 
[36m(SimpleStorageUnit pid=9490)[0m Per-operation statistics: CLEAR_DATA: req_count=5, req/min=1.00, avg_time=0.013057s, max_time=0.018163s, min_time=0.007343s; PUT_DATA: req_count=779, req/min=155.65, avg_time=0.007566s, max_time=0.018690s, min_time=0.002694s; GET_DATA: req_count=22, req/min=4.40, avg_time=0.006390s, max_time=0.009037s, min_time=0.003259s
[36m(SimpleStorageUnit pid=9486)[0m 2026-07-08 16:45:57,458 - INFO - transfer_queue.utils.perf_utils - TQ_STORAGE_UNIT_1c5adb34: [Performance] Total success requests: 797, Total req/min: 155.95, Total avg process time: 0.0080s; [32m [repeated 4x across cluster][0m
[36m(SimpleStorageUnit pid=9486)[0m Time range: last 5.11 minutes; [32m [repeated 4x across cluster][0m
[36m(SimpleStorageUnit pid=9486)[0m Per-operation statistics: CLEAR_DATA: req_count=5, req/min=0.98, avg_time=0.014908s, max_time=0.019813s, min_time=0.008279s; PUT_DATA: req_count=770, req/min=150.67, avg_time=0.007991s, max_time=0.019207s, min_time=0.002737s; GET_DATA: req_count=22, req/min=4.30, avg_time=0.006986s, max_time=0.009026s, min_time=0.003289s[32m [repeated 4x across cluster][0m
[36m(AgentLoopWorkerTQ pid=15937)[0m /mnt/tier1/project/p201382/erisa/Internship/Cascade2/verl-version/.venv/lib/python3.12/site-packages/pydantic/main.py:475: UserWarning: Pydantic serializer warnings:
[36m(AgentLoopWorkerTQ pid=15937)[0m   PydanticSerializationUnexpectedValue(Expected `float` - serialized value may not be as expected [field_name='reward_score', input_value=tensor(-0.5449), input_type=Tensor])
[36m(AgentLoopWorkerTQ pid=15937)[0m   return self.__pydantic_serializer__.to_python(
[36m(SimpleStorageUnit pid=9487)[0m Per-operation statistics: PUT_DATA: req_count=678, req/min=135.16, avg_time=0.007515s, max_time=0.019523s, min_time=0.002729s; CLEAR_DATA: req_count=4, req/min=0.80, avg_time=0.012600s, max_time=0.019042s, min_time=0.006842s; GET_DATA: req_count=22, req/min=4.39, avg_time=0.006270s, max_time=0.009037s, min_time=0.003258s
[36m(SimpleStorageUnit pid=9489)[0m 2026-07-08 16:46:03,340 - INFO - transfer_queue.utils.perf_utils - TQ_STORAGE_UNIT_0d563503: [Performance] Total success requests: 805, Total req/min: 154.55, Total avg process time: 0.0078s; [32m [repeated 2x across cluster][0m
[36m(SimpleStorageUnit pid=9489)[0m Time range: last 5.21 minutes; [32m [repeated 2x across cluster][0m
[36m(SimpleStorageUnit pid=9489)[0m Per-operation statistics: CLEAR_DATA: req_count=6, req/min=1.15, avg_time=0.013045s, max_time=0.019428s, min_time=0.007800s; PUT_DATA: req_count=777, req/min=149.18, avg_time=0.007833s, max_time=0.018919s, min_time=0.002736s; GET_DATA: req_count=22, req/min=4.22, avg_time=0.006034s, max_time=0.009139s, min_time=0.003750s
[36m(SimpleStorageUnit pid=9493)[0m Per-operation statistics: CLEAR_DATA: req_count=6, req/min=1.15, avg_time=0.013096s, max_time=0.019190s, min_time=0.007207s; PUT_DATA: req_count=790, req/min=151.67, avg_time=0.007428s, max_time=0.018569s, min_time=0.002722s; GET_DATA: req_count=22, req/min=4.22, avg_time=0.006788s, max_time=0.008879s, min_time=0.003726s
[36m(TaskRunnerV1 pid=8235)[0m Training Progress:  58%|█████▊    | 105/180 [4:23:40<2:59:42, 143.76s/it]
[36m(SimpleStorageUnit pid=9493)[0m 2026-07-08 16:46:03,339 - INFO - transfer_queue.utils.perf_utils - TQ_STORAGE_UNIT_c67b05a2: [Performance] Total success requests: 818, Total req/min: 157.05, Total avg process time: 0.0075s; 
[36m(SimpleStorageUnit pid=9493)[0m Time range: last 5.21 minutes; 
[36m(TransferQueueController pid=9128)[0m 2026-07-08 16:48:43,685 - INFO - transfer_queue.utils.perf_utils - TQ_CONTROLLER_3eaa8a51: [Performance] Total success requests: 13477, Total req/min: 2575.28, Total avg process time: 0.0003s; 
[36m(TransferQueueController pid=9128)[0m Time range: last 5.23 minutes; 
[36m(TransferQueueController pid=9128)[0m Per-operation statistics: NOTIFY_DATA_UPDATE: req_count=4129, req/min=789.00, avg_time=0.000119s, max_time=0.006547s, min_time=0.000086s; SET_CUSTOM_META: req_count=4651, req/min=888.74, avg_time=0.000015s, max_time=0.000816s, min_time=0.000009s; KV_LIST: req_count=32, req/min=6.11, avg_time=0.015013s, max_time=0.449037s, min_time=0.000259s; KV_RETRIEVE_META: req_count=4658, req/min=890.08, avg_time=0.000526s, max_time=0.088600s, min_time=0.000210s; CLEAR_META: req_count=5, req/min=0.96, avg_time=0.010583s, max_time=0.020213s, min_time=0.005498s; KV_RETRIEVE_KEYS: req_count=2, req/min=0.38, avg_time=0.000686s, max_time=0.000771s, min_time=0.000601s
[36m(TaskRunnerV1 pid=8235)[0m Training Progress:  59%|█████▉    | 106/180 [4:26:11<2:59:51, 145.83s/it]
[36m(RewardLoopWorker pid=11939)[0m ERROR:2026-07-08 16:50:28,770:Unable to detect language for text noreply@fictionproductions.co.uk due to No features in text.
[36m(AgentLoopWorkerTQ pid=15938)[0m /mnt/tier1/project/p201382/erisa/Internship/Cascade2/verl-version/.venv/lib/python3.12/site-packages/pydantic/main.py:475: UserWarning: Pydantic serializer warnings:
[36m(AgentLoopWorkerTQ pid=15938)[0m   PydanticSerializationUnexpectedValue(Expected `float` - serialized value may not be as expected [field_name='reward_score', input_value=tensor(-0.6406), input_type=Tensor])
[36m(AgentLoopWorkerTQ pid=15938)[0m   return self.__pydantic_serializer__.to_python(
[36m(SimpleStorageUnit pid=9489)[0m 2026-07-08 16:51:11,316 - INFO - transfer_queue.utils.perf_utils - TQ_STORAGE_UNIT_0d563503: [Performance] Total success requests: 557, Total req/min: 108.52, Total avg process time: 0.0098s; 
[36m(SimpleStorageUnit pid=9489)[0m Time range: last 5.13 minutes; 
[36m(SimpleStorageUnit pid=9489)[0m Per-operation statistics: GET_DATA: req_count=26, req/min=5.07, avg_time=0.007766s, max_time=0.009675s, min_time=0.005454s; PUT_DATA: req_count=527, req/min=102.67, avg_time=0.009847s, max_time=0.018072s, min_time=0.002714s; CLEAR_DATA: req_count=4, req/min=0.78, avg_time=0.013638s, max_time=0.019807s, min_time=0.008420s
[36m(SimpleStorageUnit pid=9490)[0m Per-operation statistics: PUT_DATA: req_count=517, req/min=96.87, avg_time=0.009316s, max_time=0.016528s, min_time=0.002722s; CLEAR_DATA: req_count=5, req/min=0.94, avg_time=0.012690s, max_time=0.019317s, min_time=0.007912s; GET_DATA: req_count=26, req/min=4.87, avg_time=0.007612s, max_time=0.010192s, min_time=0.004829s
[36m(SimpleStorageUnit pid=9486)[0m Per-operation statistics: CLEAR_DATA: req_count=5, req/min=0.96, avg_time=0.012405s, max_time=0.018567s, min_time=0.007633s; GET_DATA: req_count=26, req/min=4.97, avg_time=0.007475s, max_time=0.009962s, min_time=0.004964s; PUT_DATA: req_count=507, req/min=96.92, avg_time=0.009731s, max_time=0.017519s, min_time=0.002709s
[36m(TaskRunnerV1 pid=8235)[0m Training Progress:  59%|█████▉    | 107/180 [4:28:33<2:56:07, 144.76s/it]
[36m(SimpleStorageUnit pid=9493)[0m 2026-07-08 16:51:11,316 - INFO - transfer_queue.utils.perf_utils - TQ_STORAGE_UNIT_c67b05a2: [Performance] Total success requests: 557, Total req/min: 108.51, Total avg process time: 0.0092s; [32m [repeated 7x across cluster][0m
[36m(SimpleStorageUnit pid=9493)[0m Time range: last 5.13 minutes; [32m [repeated 7x across cluster][0m
[36m(SimpleStorageUnit pid=9493)[0m Per-operation statistics: GET_DATA: req_count=26, req/min=5.07, avg_time=0.007411s, max_time=0.010909s, min_time=0.004751s; PUT_DATA: req_count=527, req/min=102.67, avg_time=0.009267s, max_time=0.016653s, min_time=0.002696s; CLEAR_DATA: req_count=4, req/min=0.78, avg_time=0.013566s, max_time=0.018931s, min_time=0.008578s
[36m(SimpleStorageUnit pid=9491)[0m Per-operation statistics: PUT_DATA: req_count=567, req/min=107.50, avg_time=0.009260s, max_time=0.017606s, min_time=0.002692s; CLEAR_DATA: req_count=5, req/min=0.95, avg_time=0.012002s, max_time=0.018193s, min_time=0.007764s; GET_DATA: req_count=26, req/min=4.93, avg_time=0.007187s, max_time=0.010088s, min_time=0.003944s[32m [repeated 4x across cluster][0m
[36m(TransferQueueController pid=9128)[0m Per-operation statistics: NOTIFY_DATA_UPDATE: req_count=4113, req/min=641.11, avg_time=0.000121s, max_time=0.008913s, min_time=0.000086s; SET_CUSTOM_META: req_count=4628, req/min=721.39, avg_time=0.000016s, max_time=0.000768s, min_time=0.000009s; KV_RETRIEVE_KEYS: req_count=3, req/min=0.47, avg_time=0.000825s, max_time=0.000942s, min_time=0.000706s; KV_RETRIEVE_META: req_count=4634, req/min=722.32, avg_time=0.000651s, max_time=0.226715s, min_time=0.000212s; CLEAR_META: req_count=4, req/min=0.62, avg_time=0.011673s, max_time=0.017749s, min_time=0.005759s; KV_LIST: req_count=26, req/min=4.05, avg_time=0.001105s, max_time=0.002263s, min_time=0.000240s
[36m(TransferQueueController pid=9128)[0m 2026-07-08 16:55:08,611 - INFO - transfer_queue.utils.perf_utils - TQ_CONTROLLER_3eaa8a51: [Performance] Total success requests: 13408, Total req/min: 2089.96, Total avg process time: 0.0003s; 
[36m(TransferQueueController pid=9128)[0m Time range: last 6.42 minutes; 
[36m(TaskRunnerV1 pid=8235)[0m Training Progress:  60%|██████    | 108/180 [4:30:55<2:52:45, 143.97s/it]
[36m(AgentLoopWorkerTQ pid=15943)[0m /mnt/tier1/project/p201382/erisa/Internship/Cascade2/verl-version/.venv/lib/python3.12/site-packages/pydantic/main.py:475: UserWarning: Pydantic serializer warnings:
[36m(AgentLoopWorkerTQ pid=15943)[0m   PydanticSerializationUnexpectedValue(Expected `float` - serialized value may not be as expected [field_name='reward_score', input_value=tensor(-0.4629), input_type=Tensor])
[36m(AgentLoopWorkerTQ pid=15943)[0m   return self.__pydantic_serializer__.to_python(
[36m(SimpleStorageUnit pid=9489)[0m 2026-07-08 16:57:28,585 - INFO - transfer_queue.utils.perf_utils - TQ_STORAGE_UNIT_0d563503: [Performance] Total success requests: 571, Total req/min: 90.81, Total avg process time: 0.0091s; 
[36m(SimpleStorageUnit pid=9489)[0m Time range: last 6.29 minutes; 
[36m(SimpleStorageUnit pid=9489)[0m Per-operation statistics: PUT_DATA: req_count=538, req/min=85.56, avg_time=0.009151s, max_time=0.017380s, min_time=0.002731s; GET_DATA: req_count=29, req/min=4.61, avg_time=0.007483s, max_time=0.010726s, min_time=0.004205s; CLEAR_DATA: req_count=4, req/min=0.64, avg_time=0.014078s, max_time=0.020133s, min_time=0.007864s
[36m(TaskRunnerV1 pid=8235)[0m Training Progress:  61%|██████    | 109/180 [4:33:14<2:48:44, 142.59s/it]
[36m(WorkerDict pid=10580)[0m /mnt/tier1/project/p201382/erisa/Internship/Cascade2/verl-version/verl/verl/plugin/platform/platform_cuda.py:99: FutureWarning: torch.cuda._set_allocator_settings is deprecated. Use torch._C._accelerator_setAllocatorSettings instead.
[36m(WorkerDict pid=10580)[0m   torch.cuda.memory._set_allocator_settings(settings)
[36m(SimpleStorageUnit pid=9493)[0m 2026-07-08 16:57:28,584 - INFO - transfer_queue.utils.perf_utils - TQ_STORAGE_UNIT_c67b05a2: [Performance] Total success requests: 553, Total req/min: 87.95, Total avg process time: 0.0088s; [32m [repeated 7x across cluster][0m
[36m(SimpleStorageUnit pid=9493)[0m Time range: last 6.29 minutes; [32m [repeated 7x across cluster][0m
[36m(SimpleStorageUnit pid=9493)[0m Per-operation statistics: PUT_DATA: req_count=520, req/min=82.70, avg_time=0.008848s, max_time=0.017849s, min_time=0.002945s; GET_DATA: req_count=29, req/min=4.61, avg_time=0.006786s, max_time=0.009933s, min_time=0.003504s; CLEAR_DATA: req_count=4, req/min=0.64, avg_time=0.013254s, max_time=0.019321s, min_time=0.007833s[32m [repeated 7x across cluster][0m
[36m(TransferQueueController pid=9128)[0m Per-operation statistics: KV_RETRIEVE_META: req_count=8346, req/min=1669.18, avg_time=0.000407s, max_time=0.269362s, min_time=0.000194s; CLEAR_META: req_count=4, req/min=0.80, avg_time=0.011931s, max_time=0.017901s, min_time=0.006563s; SET_CUSTOM_META: req_count=8334, req/min=1666.78, avg_time=0.000015s, max_time=0.000720s, min_time=0.000009s; KV_LIST: req_count=30, req/min=6.00, avg_time=0.001216s, max_time=0.003146s, min_time=0.000229s; NOTIFY_DATA_UPDATE: req_count=4836, req/min=967.19, avg_time=0.000127s, max_time=0.009560s, min_time=0.000086s; KV_RETRIEVE_KEYS: req_count=2, req/min=0.40, avg_time=0.000784s, max_time=0.000853s, min_time=0.000714s
[36m(WorkerDict pid=10578)[0m /mnt/tier1/project/p201382/erisa/Internship/Cascade2/verl-version/verl/verl/plugin/platform/platform_cuda.py:99: FutureWarning: torch.cuda._set_allocator_settings is deprecated. Use torch._C._accelerator_setAllocatorSettings instead.[32m [repeated 3x across cluster][0m
[36m(WorkerDict pid=10578)[0m   torch.cuda.memory._set_allocator_settings(settings)[32m [repeated 3x across cluster][0m
[36m(TransferQueueController pid=9128)[0m 2026-07-08 17:00:08,616 - INFO - transfer_queue.utils.perf_utils - TQ_CONTROLLER_3eaa8a51: [Performance] Total success requests: 21552, Total req/min: 4310.35, Total avg process time: 0.0002s; 
[36m(TransferQueueController pid=9128)[0m Time range: last 5.00 minutes; 
[36m(TaskRunnerV1 pid=8235)[0m Training Progress:  61%|██████    | 110/180 [4:36:28<3:04:04, 157.78s/it]
[36m(AgentLoopWorkerTQ pid=15940)[0m /mnt/tier1/project/p201382/erisa/Internship/Cascade2/verl-version/.venv/lib/python3.12/site-packages/pydantic/main.py:475: UserWarning: Pydantic serializer warnings:
[36m(AgentLoopWorkerTQ pid=15940)[0m   PydanticSerializationUnexpectedValue(Expected `float` - serialized value may not be as expected [field_name='reward_score', input_value=tensor(-0.0488), input_type=Tensor])
[36m(AgentLoopWorkerTQ pid=15940)[0m   return self.__pydantic_serializer__.to_python(
[36m(SimpleStorageUnit pid=9489)[0m 2026-07-08 17:03:03,127 - INFO - transfer_queue.utils.perf_utils - TQ_STORAGE_UNIT_0d563503: [Performance] Total success requests: 836, Total req/min: 149.94, Total avg process time: 0.0082s; 
[36m(SimpleStorageUnit pid=9489)[0m Time range: last 5.58 minutes; 
[36m(SimpleStorageUnit pid=9489)[0m Per-operation statistics: CLEAR_DATA: req_count=6, req/min=1.08, avg_time=0.013287s, max_time=0.019258s, min_time=0.007882s; PUT_DATA: req_count=806, req/min=144.56, avg_time=0.008160s, max_time=0.018235s, min_time=0.002759s; GET_DATA: req_count=24, req/min=4.30, avg_time=0.007609s, max_time=0.010427s, min_time=0.003628s
[36m(AgentLoopWorkerTQ pid=15943)[0m /mnt/tier1/project/p201382/erisa/Internship/Cascade2/verl-version/.venv/lib/python3.12/site-packages/pydantic/main.py:475: UserWarning: Pydantic serializer warnings:
[36m(AgentLoopWorkerTQ pid=15943)[0m   PydanticSerializationUnexpectedValue(Expected `float` - serialized value may not be as expected [field_name='reward_score', input_value=tensor(-0.2207), input_type=Tensor])
[36m(AgentLoopWorkerTQ pid=15943)[0m   return self.__pydantic_serializer__.to_python(
[36m(TaskRunnerV1 pid=8235)[0m Training Progress:  62%|██████▏   | 111/180 [4:38:49<2:55:46, 152.85s/it]
[36m(TransferQueueController pid=9128)[0m Per-operation statistics: KV_RETRIEVE_META: req_count=7683, req/min=1456.51, avg_time=0.000498s, max_time=0.445650s, min_time=0.000196s; NOTIFY_DATA_UPDATE: req_count=5636, req/min=1068.45, avg_time=0.000121s, max_time=0.005875s, min_time=0.000084s; SET_CUSTOM_META: req_count=7679, req/min=1455.75, avg_time=0.000015s, max_time=0.002183s, min_time=0.000009s; KV_LIST: req_count=41, req/min=7.77, avg_time=0.001784s, max_time=0.004366s, min_time=0.000173s; CLEAR_META: req_count=6, req/min=1.14, avg_time=0.012229s, max_time=0.020527s, min_time=0.004868s; KV_RETRIEVE_KEYS: req_count=2, req/min=0.38, avg_time=0.000528s, max_time=0.000530s, min_time=0.000526s
[36m(TransferQueueController pid=9128)[0m 2026-07-08 17:05:25,111 - INFO - transfer_queue.utils.perf_utils - TQ_CONTROLLER_3eaa8a51: [Performance] Total success requests: 21047, Total req/min: 3990.00, Total avg process time: 0.0002s; [32m [repeated 8x across cluster][0m
[36m(TransferQueueController pid=9128)[0m Time range: last 5.27 minutes; [32m [repeated 8x across cluster][0m
[36m(SimpleStorageUnit pid=9493)[0m Per-operation statistics: CLEAR_DATA: req_count=6, req/min=1.08, avg_time=0.012994s, max_time=0.019624s, min_time=0.007504s; PUT_DATA: req_count=806, req/min=144.56, avg_time=0.008557s, max_time=0.017714s, min_time=0.002704s; GET_DATA: req_count=24, req/min=4.30, avg_time=0.007427s, max_time=0.010834s, min_time=0.004322s[32m [repeated 7x across cluster][0m
[36m(TaskRunnerV1 pid=8235)[0m Training Progress:  62%|██████▏   | 112/180 [4:41:11<2:49:33, 149.61s/it]
[36m(AgentLoopWorkerTQ pid=15943)[0m /mnt/tier1/project/p201382/erisa/Internship/Cascade2/verl-version/.venv/lib/python3.12/site-packages/pydantic/main.py:475: UserWarning: Pydantic serializer warnings:
[36m(AgentLoopWorkerTQ pid=15943)[0m   PydanticSerializationUnexpectedValue(Expected `float` - serialized value may not be as expected [field_name='reward_score', input_value=tensor(-0.8828), input_type=Tensor])
[36m(AgentLoopWorkerTQ pid=15943)[0m   return self.__pydantic_serializer__.to_python(
[36m(TaskRunnerV1 pid=8235)[0m Training Progress:  63%|██████▎   | 113/180 [4:43:35<2:45:12, 147.95s/it]
[36m(SimpleStorageUnit pid=9493)[0m 2026-07-08 17:08:03,189 - INFO - transfer_queue.utils.perf_utils - TQ_STORAGE_UNIT_c67b05a2: [Performance] Total success requests: 807, Total req/min: 161.36, Total avg process time: 0.0078s; 
[36m(SimpleStorageUnit pid=9493)[0m Time range: last 5.00 minutes; 
[36m(SimpleStorageUnit pid=9493)[0m Per-operation statistics: CLEAR_DATA: req_count=5, req/min=1.00, avg_time=0.012336s, max_time=0.015834s, min_time=0.006032s; PUT_DATA: req_count=780, req/min=155.97, avg_time=0.007835s, max_time=0.028620s, min_time=0.002686s; GET_DATA: req_count=22, req/min=4.40, avg_time=0.006777s, max_time=0.009968s, min_time=0.004171s
[36m(SimpleStorageUnit pid=9488)[0m 2026-07-08 17:08:10,062 - INFO - transfer_queue.utils.perf_utils - TQ_STORAGE_UNIT_99f20e51: [Performance] Total success requests: 807, Total req/min: 157.75, Total avg process time: 0.0076s; [32m [repeated 6x across cluster][0m
[36m(SimpleStorageUnit pid=9488)[0m Time range: last 5.12 minutes; [32m [repeated 6x across cluster][0m
[36m(SimpleStorageUnit pid=9488)[0m Per-operation statistics: CLEAR_DATA: req_count=5, req/min=0.98, avg_time=0.013214s, max_time=0.018545s, min_time=0.005978s; PUT_DATA: req_count=780, req/min=152.47, avg_time=0.007612s, max_time=0.031343s, min_time=0.002697s; GET_DATA: req_count=22, req/min=4.30, avg_time=0.006835s, max_time=0.010129s, min_time=0.003393s[32m [repeated 6x across cluster][0m
[36m(TaskRunnerV1 pid=8235)[0m Training Progress:  63%|██████▎   | 114/180 [4:45:58<2:41:11, 146.54s/it]
[36m(SimpleStorageUnit pid=9492)[0m 2026-07-08 17:08:10,211 - INFO - transfer_queue.utils.perf_utils - TQ_STORAGE_UNIT_daf3cb07: [Performance] Total success requests: 802, Total req/min: 156.70, Total avg process time: 0.0075s; 
[36m(SimpleStorageUnit pid=9492)[0m Time range: last 5.12 minutes; 
[36m(SimpleStorageUnit pid=9492)[0m Per-operation statistics: CLEAR_DATA: req_count=5, req/min=0.98, avg_time=0.012779s, max_time=0.018223s, min_time=0.005857s; PUT_DATA: req_count=775, req/min=151.42, avg_time=0.007514s, max_time=0.029711s, min_time=0.002741s; GET_DATA: req_count=22, req/min=4.30, avg_time=0.007120s, max_time=0.009973s, min_time=0.005714s
[36m(TransferQueueController pid=9128)[0m 2026-07-08 17:10:25,148 - INFO - transfer_queue.utils.perf_utils - TQ_CONTROLLER_3eaa8a51: [Performance] Total success requests: 19992, Total req/min: 3997.92, Total avg process time: 0.0002s; 
[36m(TransferQueueController pid=9128)[0m Time range: last 5.00 minutes; 
[36m(TransferQueueController pid=9128)[0m Per-operation statistics: KV_RETRIEVE_META: req_count=6910, req/min=1381.83, avg_time=0.000439s, max_time=0.087435s, min_time=0.000210s; CLEAR_META: req_count=5, req/min=1.00, avg_time=0.013360s, max_time=0.018974s, min_time=0.006015s; SET_CUSTOM_META: req_count=6902, req/min=1380.23, avg_time=0.000015s, max_time=0.000626s, min_time=0.000009s; KV_LIST: req_count=33, req/min=6.60, avg_time=0.000930s, max_time=0.001537s, min_time=0.000167s; NOTIFY_DATA_UPDATE: req_count=6140, req/min=1227.85, avg_time=0.000122s, max_time=0.008872s, min_time=0.000085s; KV_RETRIEVE_KEYS: req_count=2, req/min=0.40, avg_time=0.000726s, max_time=0.000775s, min_time=0.000677s
[36m(AgentLoopWorkerTQ pid=15797)[0m /mnt/tier1/project/p201382/erisa/Internship/Cascade2/verl-version/.venv/lib/python3.12/site-packages/pydantic/main.py:475: UserWarning: Pydantic serializer warnings:
[36m(AgentLoopWorkerTQ pid=15797)[0m   PydanticSerializationUnexpectedValue(Expected `float` - serialized value may not be as expected [field_name='reward_score', input_value=tensor(-0.4219), input_type=Tensor])
[36m(AgentLoopWorkerTQ pid=15797)[0m   return self.__pydantic_serializer__.to_python(
[36m(TaskRunnerV1 pid=8235)[0m Training Progress:  64%|██████▍   | 115/180 [4:48:20<2:37:10, 145.09s/it]
[36m(AgentLoopWorkerTQ pid=15943)[0m /mnt/tier1/project/p201382/erisa/Internship/Cascade2/verl-version/.venv/lib/python3.12/site-packages/pydantic/main.py:475: UserWarning: Pydantic serializer warnings:
[36m(AgentLoopWorkerTQ pid=15943)[0m   PydanticSerializationUnexpectedValue(Expected `float` - serialized value may not be as expected [field_name='reward_score', input_value=tensor(-0.5469), input_type=Tensor])
[36m(AgentLoopWorkerTQ pid=15943)[0m   return self.__pydantic_serializer__.to_python(
[36m(SimpleStorageUnit pid=9493)[0m 2026-07-08 17:13:03,262 - INFO - transfer_queue.utils.perf_utils - TQ_STORAGE_UNIT_c67b05a2: [Performance] Total success requests: 559, Total req/min: 111.77, Total avg process time: 0.0074s; 
[36m(SimpleStorageUnit pid=9493)[0m Time range: last 5.00 minutes; 
[36m(SimpleStorageUnit pid=9493)[0m Per-operation statistics: PUT_DATA: req_count=532, req/min=106.37, avg_time=0.007408s, max_time=0.017324s, min_time=0.002643s; CLEAR_DATA: req_count=5, req/min=1.00, avg_time=0.010380s, max_time=0.017318s, min_time=0.005462s; GET_DATA: req_count=22, req/min=4.40, avg_time=0.007291s, max_time=0.013945s, min_time=0.003327s
[36m(SimpleStorageUnit pid=9489)[0m Per-operation statistics: CLEAR_DATA: req_count=5, req/min=1.00, avg_time=0.011505s, max_time=0.017555s, min_time=0.005487s; GET_DATA: req_count=23, req/min=4.59, avg_time=0.007824s, max_time=0.012331s, min_time=0.005031s; PUT_DATA: req_count=526, req/min=105.01, avg_time=0.007912s, max_time=0.017886s, min_time=0.002754s
[36m(SimpleStorageUnit pid=9490)[0m 2026-07-08 17:13:25,498 - INFO - transfer_queue.utils.perf_utils - TQ_STORAGE_UNIT_22f592ee: [Performance] Total success requests: 546, Total req/min: 102.19, Total avg process time: 0.0078s; [32m [repeated 4x across cluster][0m
[36m(SimpleStorageUnit pid=9490)[0m Time range: last 5.34 minutes; [32m [repeated 4x across cluster][0m
[36m(SimpleStorageUnit pid=9490)[0m Per-operation statistics: PUT_DATA: req_count=515, req/min=96.39, avg_time=0.007774s, max_time=0.017924s, min_time=0.002742s; CLEAR_DATA: req_count=5, req/min=0.94, avg_time=0.012673s, max_time=0.023517s, min_time=0.005829s; GET_DATA: req_count=26, req/min=4.87, avg_time=0.007620s, max_time=0.009995s, min_time=0.004908s[32m [repeated 3x across cluster][0m
[36m(SimpleStorageUnit pid=9488)[0m Per-operation statistics: CLEAR_DATA: req_count=5, req/min=0.95, avg_time=0.011811s, max_time=0.019943s, min_time=0.006817s; GET_DATA: req_count=26, req/min=4.95, avg_time=0.007323s, max_time=0.010046s, min_time=0.004218s; PUT_DATA: req_count=523, req/min=99.48, avg_time=0.008063s, max_time=0.017509s, min_time=0.002721s
[36m(TaskRunnerV1 pid=8235)[0m Training Progress:  64%|██████▍   | 116/180 [4:50:47<2:35:23, 145.68s/it]
[36m(SimpleStorageUnit pid=9491)[0m 2026-07-08 17:13:25,503 - INFO - transfer_queue.utils.perf_utils - TQ_STORAGE_UNIT_8be3c546: [Performance] Total success requests: 598, Total req/min: 112.81, Total avg process time: 0.0079s; [32m [repeated 3x across cluster][0m
[36m(SimpleStorageUnit pid=9491)[0m Time range: last 5.30 minutes; [32m [repeated 3x across cluster][0m
[36m(SimpleStorageUnit pid=9491)[0m Per-operation statistics: PUT_DATA: req_count=567, req/min=106.96, avg_time=0.007896s, max_time=0.018104s, min_time=0.002733s; CLEAR_DATA: req_count=5, req/min=0.94, avg_time=0.011402s, max_time=0.018864s, min_time=0.005676s; GET_DATA: req_count=26, req/min=4.90, avg_time=0.007026s, max_time=0.013634s, min_time=0.003426s[32m [repeated 2x across cluster][0m
[36m(AgentLoopWorkerTQ pid=15937)[0m /mnt/tier1/project/p201382/erisa/Internship/Cascade2/verl-version/.venv/lib/python3.12/site-packages/pydantic/main.py:475: UserWarning: Pydantic serializer warnings:
[36m(AgentLoopWorkerTQ pid=15937)[0m   PydanticSerializationUnexpectedValue(Expected `float` - serialized value may not be as expected [field_name='reward_score', input_value=tensor(-0.0254), input_type=Tensor])
[36m(AgentLoopWorkerTQ pid=15937)[0m   return self.__pydantic_serializer__.to_python(
[36m(TransferQueueController pid=9128)[0m 2026-07-08 17:15:25,315 - INFO - transfer_queue.utils.perf_utils - TQ_CONTROLLER_3eaa8a51: [Performance] Total success requests: 13436, Total req/min: 2685.69, Total avg process time: 0.0002s; 
[36m(TransferQueueController pid=9128)[0m Time range: last 5.00 minutes; 
[36m(TransferQueueController pid=9128)[0m Per-operation statistics: NOTIFY_DATA_UPDATE: req_count=4118, req/min=823.14, avg_time=0.000121s, max_time=0.009213s, min_time=0.000086s; SET_CUSTOM_META: req_count=4636, req/min=926.68, avg_time=0.000015s, max_time=0.000669s, min_time=0.000009s; KV_LIST: req_count=34, req/min=6.80, avg_time=0.001018s, max_time=0.002193s, min_time=0.000191s; KV_RETRIEVE_META: req_count=4642, req/min=927.88, avg_time=0.000515s, max_time=0.088233s, min_time=0.000211s; CLEAR_META: req_count=4, req/min=0.80, avg_time=0.011678s, max_time=0.018817s, min_time=0.004940s; KV_RETRIEVE_KEYS: req_count=2, req/min=0.40, avg_time=0.000766s, max_time=0.000766s, min_time=0.000766s
[36m(TaskRunnerV1 pid=8235)[0m Training Progress:  65%|██████▌   | 117/180 [4:53:11<2:32:18, 145.05s/it]
[36m(AgentLoopWorkerTQ pid=15797)[0m /mnt/tier1/project/p201382/erisa/Internship/Cascade2/verl-version/.venv/lib/python3.12/site-packages/pydantic/main.py:475: UserWarning: Pydantic serializer warnings:
[36m(AgentLoopWorkerTQ pid=15797)[0m   PydanticSerializationUnexpectedValue(Expected `float` - serialized value may not be as expected [field_name='reward_score', input_value=tensor(-0.9219), input_type=Tensor])
[36m(AgentLoopWorkerTQ pid=15797)[0m   return self.__pydantic_serializer__.to_python(
[36m(AgentLoopWorkerTQ pid=15943)[0m /mnt/tier1/project/p201382/erisa/Internship/Cascade2/verl-version/.venv/lib/python3.12/site-packages/pydantic/main.py:475: UserWarning: Pydantic serializer warnings:
[36m(AgentLoopWorkerTQ pid=15943)[0m   PydanticSerializationUnexpectedValue(Expected `float` - serialized value may not be as expected [field_name='reward_score', input_value=tensor(-0.0352), input_type=Tensor])
[36m(AgentLoopWorkerTQ pid=15943)[0m   return self.__pydantic_serializer__.to_python(
[36m(SimpleStorageUnit pid=9489)[0m 2026-07-08 17:18:15,810 - INFO - transfer_queue.utils.perf_utils - TQ_STORAGE_UNIT_0d563503: [Performance] Total success requests: 567, Total req/min: 109.33, Total avg process time: 0.0078s; 
[36m(SimpleStorageUnit pid=9489)[0m Time range: last 5.19 minutes; 
[36m(SimpleStorageUnit pid=9489)[0m Per-operation statistics: GET_DATA: req_count=25, req/min=4.82, avg_time=0.006867s, max_time=0.009276s, min_time=0.005148s; PUT_DATA: req_count=538, req/min=103.74, avg_time=0.007842s, max_time=0.075530s, min_time=0.002693s; CLEAR_DATA: req_count=4, req/min=0.77, avg_time=0.013437s, max_time=0.023390s, min_time=0.007024s
[36m(SimpleStorageUnit pid=9490)[0m Per-operation statistics: PUT_DATA: req_count=543, req/min=84.55, avg_time=0.007866s, max_time=0.076592s, min_time=0.002730s; GET_DATA: req_count=29, req/min=4.52, avg_time=0.006879s, max_time=0.009328s, min_time=0.003737s; CLEAR_DATA: req_count=4, req/min=0.62, avg_time=0.011895s, max_time=0.016607s, min_time=0.006944s
[36m(SimpleStorageUnit pid=9490)[0m 2026-07-08 17:19:50,852 - INFO - transfer_queue.utils.perf_utils - TQ_STORAGE_UNIT_22f592ee: [Performance] Total success requests: 576, Total req/min: 89.68, Total avg process time: 0.0078s; [32m [repeated 4x across cluster][0m
[36m(SimpleStorageUnit pid=9490)[0m Time range: last 6.42 minutes; [32m [repeated 4x across cluster][0m
[36m(SimpleStorageUnit pid=9493)[0m Per-operation statistics: GET_DATA: req_count=26, req/min=4.99, avg_time=0.006571s, max_time=0.009925s, min_time=0.004377s; PUT_DATA: req_count=514, req/min=98.67, avg_time=0.007933s, max_time=0.074117s, min_time=0.002680s; CLEAR_DATA: req_count=4, req/min=0.77, avg_time=0.012139s, max_time=0.017804s, min_time=0.006826s[32m [repeated 3x across cluster][0m
[36m(TaskRunnerV1 pid=8235)[0m Training Progress:  66%|██████▌   | 118/180 [4:55:38<2:30:26, 145.59s/it]
[36m(RewardLoopWorker pid=11942)[0m ERROR:2026-07-08 17:19:53,713:Unable to detect language for text 144 due to No features in text.
[36m(TransferQueueController pid=9128)[0m Per-operation statistics: NOTIFY_DATA_UPDATE: req_count=4115, req/min=783.33, avg_time=0.000126s, max_time=0.004940s, min_time=0.000086s; SET_CUSTOM_META: req_count=4633, req/min=881.94, avg_time=0.000016s, max_time=0.000756s, min_time=0.000009s; KV_RETRIEVE_META: req_count=4640, req/min=883.27, avg_time=0.000546s, max_time=0.141780s, min_time=0.000211s; KV_LIST: req_count=30, req/min=5.71, avg_time=0.001012s, max_time=0.001778s, min_time=0.000224s; CLEAR_META: req_count=5, req/min=0.95, avg_time=0.011990s, max_time=0.019977s, min_time=0.005972s; KV_RETRIEVE_KEYS: req_count=2, req/min=0.38, avg_time=0.000688s, max_time=0.000711s, min_time=0.000665s
[36m(SimpleStorageUnit pid=9491)[0m Per-operation statistics: PUT_DATA: req_count=523, req/min=81.43, avg_time=0.007919s, max_time=0.075324s, min_time=0.002695s; GET_DATA: req_count=29, req/min=4.52, avg_time=0.006750s, max_time=0.010391s, min_time=0.003391s; CLEAR_DATA: req_count=4, req/min=0.62, avg_time=0.012028s, max_time=0.017496s, min_time=0.008216s[32m [repeated 3x across cluster][0m
[36m(TransferQueueController pid=9128)[0m 2026-07-08 17:20:40,507 - INFO - transfer_queue.utils.perf_utils - TQ_CONTROLLER_3eaa8a51: [Performance] Total success requests: 13425, Total req/min: 2555.59, Total avg process time: 0.0002s; [32m [repeated 4x across cluster][0m
[36m(TransferQueueController pid=9128)[0m Time range: last 5.25 minutes; [32m [repeated 4x across cluster][0m
[36m(RewardLoopWorker pid=11938)[0m ERROR:2026-07-08 17:19:53,981:Unable to detect language for text 3 000. due to No features in text.[32m [repeated 13x across cluster][0m
[36m(TaskRunnerV1 pid=8235)[0m Training Progress:  66%|██████▌   | 119/180 [4:58:02<2:27:39, 145.23s/it]
[36m(AgentLoopWorkerTQ pid=15940)[0m /mnt/tier1/project/p201382/erisa/Internship/Cascade2/verl-version/.venv/lib/python3.12/site-packages/pydantic/main.py:475: UserWarning: Pydantic serializer warnings:
[36m(AgentLoopWorkerTQ pid=15940)[0m   PydanticSerializationUnexpectedValue(Expected `float` - serialized value may not be as expected [field_name='reward_score', input_value=tensor(-0.2988), input_type=Tensor])
[36m(AgentLoopWorkerTQ pid=15940)[0m   return self.__pydantic_serializer__.to_python(
[36m(WorkerDict pid=10580)[0m /mnt/tier1/project/p201382/erisa/Internship/Cascade2/verl-version/verl/verl/plugin/platform/platform_cuda.py:99: FutureWarning: torch.cuda._set_allocator_settings is deprecated. Use torch._C._accelerator_setAllocatorSettings instead.
[36m(WorkerDict pid=10580)[0m   torch.cuda.memory._set_allocator_settings(settings)
[36m(SimpleStorageUnit pid=9491)[0m 2026-07-08 17:24:51,643 - INFO - transfer_queue.utils.perf_utils - TQ_STORAGE_UNIT_8be3c546: [Performance] Total success requests: 516, Total req/min: 102.93, Total avg process time: 0.0083s; 
[36m(SimpleStorageUnit pid=9491)[0m Time range: last 5.01 minutes; 
[36m(SimpleStorageUnit pid=9491)[0m Per-operation statistics: CLEAR_DATA: req_count=4, req/min=0.80, avg_time=0.013129s, max_time=0.018566s, min_time=0.007856s; PUT_DATA: req_count=491, req/min=97.94, avg_time=0.008297s, max_time=0.020474s, min_time=0.002732s; GET_DATA: req_count=21, req/min=4.19, avg_time=0.006317s, max_time=0.009724s, min_time=0.003314s
[36m(WorkerDict pid=10578)[0m /mnt/tier1/project/p201382/erisa/Internship/Cascade2/verl-version/verl/verl/plugin/platform/platform_cuda.py:99: FutureWarning: torch.cuda._set_allocator_settings is deprecated. Use torch._C._accelerator_setAllocatorSettings instead.[32m [repeated 3x across cluster][0m
[36m(WorkerDict pid=10578)[0m   torch.cuda.memory._set_allocator_settings(settings)[32m [repeated 3x across cluster][0m
[36m(SimpleStorageUnit pid=9489)[0m Per-operation statistics: PUT_DATA: req_count=520, req/min=78.75, avg_time=0.008218s, max_time=0.019692s, min_time=0.002750s; GET_DATA: req_count=28, req/min=4.24, avg_time=0.006489s, max_time=0.010140s, min_time=0.003336s; CLEAR_DATA: req_count=4, req/min=0.61, avg_time=0.012097s, max_time=0.017130s, min_time=0.007579s
[36m(TaskRunnerV1 pid=8235)[0m Training Progress:  67%|██████▋   | 120/180 [5:01:21<2:41:16, 161.27s/it]
[36m(SimpleStorageUnit pid=9492)[0m 2026-07-08 17:24:52,086 - INFO - transfer_queue.utils.perf_utils - TQ_STORAGE_UNIT_daf3cb07: [Performance] Total success requests: 541, Total req/min: 107.76, Total avg process time: 0.0084s; [32m [repeated 7x across cluster][0m
[36m(SimpleStorageUnit pid=9492)[0m Time range: last 5.02 minutes; [32m [repeated 7x across cluster][0m
[36m(SimpleStorageUnit pid=9492)[0m Per-operation statistics: CLEAR_DATA: req_count=4, req/min=0.80, avg_time=0.013423s, max_time=0.018976s, min_time=0.007270s; PUT_DATA: req_count=516, req/min=102.78, avg_time=0.008441s, max_time=0.016659s, min_time=0.002721s; GET_DATA: req_count=21, req/min=4.18, avg_time=0.006633s, max_time=0.011197s, min_time=0.003540s[32m [repeated 3x across cluster][0m
[36m(SimpleStorageUnit pid=9493)[0m Per-operation statistics: PUT_DATA: req_count=543, req/min=82.23, avg_time=0.008132s, max_time=0.016092s, min_time=0.002685s; GET_DATA: req_count=28, req/min=4.24, avg_time=0.006851s, max_time=0.009993s, min_time=0.003126s; CLEAR_DATA: req_count=4, req/min=0.61, avg_time=0.012496s, max_time=0.018402s, min_time=0.008009s[32m [repeated 3x across cluster][0m
[36m(TransferQueueController pid=9128)[0m Per-operation statistics: NOTIFY_DATA_UPDATE: req_count=4734, req/min=946.80, avg_time=0.000127s, max_time=0.006894s, min_time=0.000086s; SET_CUSTOM_META: req_count=9616, req/min=1923.20, avg_time=0.000015s, max_time=0.000820s, min_time=0.000009s; KV_RETRIEVE_KEYS: req_count=2, req/min=0.40, avg_time=0.000814s, max_time=0.000901s, min_time=0.000727s; KV_RETRIEVE_META: req_count=9975, req/min=1995.00, avg_time=0.000434s, max_time=0.585445s, min_time=0.000193s; CLEAR_META: req_count=5, req/min=1.00, avg_time=0.012692s, max_time=0.019868s, min_time=0.006489s; KV_LIST: req_count=38, req/min=7.60, avg_time=0.002293s, max_time=0.005329s, min_time=0.000162s
[36m(TransferQueueController pid=9128)[0m 2026-07-08 17:25:40,507 - INFO - transfer_queue.utils.perf_utils - TQ_CONTROLLER_3eaa8a51: [Performance] Total success requests: 24370, Total req/min: 4873.99, Total avg process time: 0.0002s; 
[36m(TransferQueueController pid=9128)[0m Time range: last 5.00 minutes; 
[36m(AgentLoopWorkerTQ pid=15940)[0m /mnt/tier1/project/p201382/erisa/Internship/Cascade2/verl-version/.venv/lib/python3.12/site-packages/pydantic/main.py:475: UserWarning: Pydantic serializer warnings:
[36m(AgentLoopWorkerTQ pid=15940)[0m   PydanticSerializationUnexpectedValue(Expected `float` - serialized value may not be as expected [field_name='reward_score', input_value=tensor(-0.5664), input_type=Tensor])
[36m(AgentLoopWorkerTQ pid=15940)[0m   return self.__pydantic_serializer__.to_python(
[36m(TaskRunnerV1 pid=8235)[0m Training Progress:  67%|██████▋   | 121/180 [5:03:46<2:33:50, 156.45s/it]
[36m(AgentLoopWorkerTQ pid=15938)[0m /mnt/tier1/project/p201382/erisa/Internship/Cascade2/verl-version/.venv/lib/python3.12/site-packages/pydantic/main.py:475: UserWarning: Pydantic serializer warnings:
[36m(AgentLoopWorkerTQ pid=15938)[0m   PydanticSerializationUnexpectedValue(Expected `float` - serialized value may not be as expected [field_name='reward_score', input_value=tensor(-0.0156), input_type=Tensor])
[36m(AgentLoopWorkerTQ pid=15938)[0m   return self.__pydantic_serializer__.to_python(
[36m(SimpleStorageUnit pid=9489)[0m 2026-07-08 17:30:21,553 - INFO - transfer_queue.utils.perf_utils - TQ_STORAGE_UNIT_0d563503: [Performance] Total success requests: 821, Total req/min: 149.48, Total avg process time: 0.0084s; 
[36m(SimpleStorageUnit pid=9489)[0m Time range: last 5.49 minutes; 
[36m(SimpleStorageUnit pid=9489)[0m Per-operation statistics: PUT_DATA: req_count=790, req/min=143.84, avg_time=0.008446s, max_time=0.023197s, min_time=0.002683s; CLEAR_DATA: req_count=6, req/min=1.09, avg_time=0.011698s, max_time=0.016218s, min_time=0.007674s; GET_DATA: req_count=25, req/min=4.55, avg_time=0.007424s, max_time=0.009442s, min_time=0.004761s
[36m(TaskRunnerV1 pid=8235)[0m Training Progress:  68%|██████▊   | 122/180 [5:06:07<2:26:54, 151.98s/it]
[36m(TransferQueueController pid=9128)[0m Per-operation statistics: NOTIFY_DATA_UPDATE: req_count=5731, req/min=1144.37, avg_time=0.000123s, max_time=0.007318s, min_time=0.000085s; KV_RETRIEVE_META: req_count=6041, req/min=1206.28, avg_time=0.000494s, max_time=0.237499s, min_time=0.000212s; SET_CUSTOM_META: req_count=6385, req/min=1274.97, avg_time=0.000016s, max_time=0.000662s, min_time=0.000009s; KV_LIST: req_count=35, req/min=6.99, avg_time=0.000905s, max_time=0.001452s, min_time=0.000201s; CLEAR_META: req_count=4, req/min=0.80, avg_time=0.010700s, max_time=0.016673s, min_time=0.005083s; KV_RETRIEVE_KEYS: req_count=2, req/min=0.40, avg_time=0.000730s, max_time=0.000817s, min_time=0.000644s
[36m(TransferQueueController pid=9128)[0m 2026-07-08 17:30:40,986 - INFO - transfer_queue.utils.perf_utils - TQ_CONTROLLER_3eaa8a51: [Performance] Total success requests: 18198, Total req/min: 3633.80, Total avg process time: 0.0002s; [32m [repeated 8x across cluster][0m
[36m(TransferQueueController pid=9128)[0m Time range: last 5.01 minutes; [32m [repeated 8x across cluster][0m
[36m(SimpleStorageUnit pid=9493)[0m Per-operation statistics: PUT_DATA: req_count=820, req/min=149.30, avg_time=0.008385s, max_time=0.018272s, min_time=0.002682s; CLEAR_DATA: req_count=6, req/min=1.09, avg_time=0.013327s, max_time=0.019507s, min_time=0.007048s; GET_DATA: req_count=25, req/min=4.55, avg_time=0.007645s, max_time=0.009227s, min_time=0.005076s[32m [repeated 7x across cluster][0m
[36m(AgentLoopWorkerTQ pid=15940)[0m /mnt/tier1/project/p201382/erisa/Internship/Cascade2/verl-version/.venv/lib/python3.12/site-packages/pydantic/main.py:475: UserWarning: Pydantic serializer warnings:
[36m(AgentLoopWorkerTQ pid=15940)[0m   PydanticSerializationUnexpectedValue(Expected `float` - serialized value may not be as expected [field_name='reward_score', input_value=tensor(-0.5449), input_type=Tensor])
[36m(AgentLoopWorkerTQ pid=15940)[0m   return self.__pydantic_serializer__.to_python(
[36m(TaskRunnerV1 pid=8235)[0m Training Progress:  68%|██████▊   | 123/180 [5:08:27<2:20:56, 148.37s/it]
[36m(AgentLoopWorkerTQ pid=15941)[0m /mnt/tier1/project/p201382/erisa/Internship/Cascade2/verl-version/.venv/lib/python3.12/site-packages/pydantic/main.py:475: UserWarning: Pydantic serializer warnings:
[36m(AgentLoopWorkerTQ pid=15941)[0m   PydanticSerializationUnexpectedValue(Expected `float` - serialized value may not be as expected [field_name='reward_score', input_value=tensor(-0.3223), input_type=Tensor])
[36m(AgentLoopWorkerTQ pid=15941)[0m   return self.__pydantic_serializer__.to_python(
[36m(TaskRunnerV1 pid=8235)[0m Training Progress:  69%|██████▉   | 124/180 [5:10:45<2:15:36, 145.29s/it]
[36m(AgentLoopWorkerTQ pid=15797)[0m /mnt/tier1/project/p201382/erisa/Internship/Cascade2/verl-version/.venv/lib/python3.12/site-packages/pydantic/main.py:475: UserWarning: Pydantic serializer warnings:
[36m(AgentLoopWorkerTQ pid=15797)[0m   PydanticSerializationUnexpectedValue(Expected `float` - serialized value may not be as expected [field_name='reward_score', input_value=tensor(-0.4883), input_type=Tensor])
[36m(AgentLoopWorkerTQ pid=15797)[0m   return self.__pydantic_serializer__.to_python(
[36m(AgentLoopWorkerTQ pid=15941)[0m /mnt/tier1/project/p201382/erisa/Internship/Cascade2/verl-version/.venv/lib/python3.12/site-packages/pydantic/main.py:475: UserWarning: Pydantic serializer warnings:
[36m(AgentLoopWorkerTQ pid=15941)[0m   PydanticSerializationUnexpectedValue(Expected `float` - serialized value may not be as expected [field_name='reward_score', input_value=tensor(-0.1133), input_type=Tensor])
[36m(AgentLoopWorkerTQ pid=15941)[0m   return self.__pydantic_serializer__.to_python(
[36m(SimpleStorageUnit pid=9488)[0m 2026-07-08 17:35:22,689 - INFO - transfer_queue.utils.perf_utils - TQ_STORAGE_UNIT_99f20e51: [Performance] Total success requests: 817, Total req/min: 162.78, Total avg process time: 0.0081s; 
[36m(SimpleStorageUnit pid=9488)[0m Time range: last 5.02 minutes; 
[36m(SimpleStorageUnit pid=9488)[0m Per-operation statistics: CLEAR_DATA: req_count=5, req/min=1.00, avg_time=0.013140s, max_time=0.018741s, min_time=0.006267s; PUT_DATA: req_count=790, req/min=157.40, avg_time=0.008127s, max_time=0.016133s, min_time=0.002689s; GET_DATA: req_count=22, req/min=4.38, avg_time=0.006722s, max_time=0.010497s, min_time=0.002992s
[36m(SimpleStorageUnit pid=9489)[0m 2026-07-08 17:35:28,646 - INFO - transfer_queue.utils.perf_utils - TQ_STORAGE_UNIT_0d563503: [Performance] Total success requests: 813, Total req/min: 158.84, Total avg process time: 0.0082s; [32m [repeated 6x across cluster][0m
[36m(SimpleStorageUnit pid=9489)[0m Time range: last 5.12 minutes; [32m [repeated 6x across cluster][0m
[36m(SimpleStorageUnit pid=9489)[0m Per-operation statistics: CLEAR_DATA: req_count=6, req/min=1.17, avg_time=0.011819s, max_time=0.018704s, min_time=0.007084s; PUT_DATA: req_count=785, req/min=153.37, avg_time=0.008231s, max_time=0.018719s, min_time=0.002744s; GET_DATA: req_count=22, req/min=4.30, avg_time=0.006602s, max_time=0.010828s, min_time=0.004006s[32m [repeated 6x across cluster][0m
[36m(TransferQueueController pid=9128)[0m Per-operation statistics: NOTIFY_DATA_UPDATE: req_count=4115, req/min=798.82, avg_time=0.000126s, max_time=0.005696s, min_time=0.000086s; SET_CUSTOM_META: req_count=4634, req/min=899.57, avg_time=0.000016s, max_time=0.000746s, min_time=0.000009s; KV_RETRIEVE_META: req_count=4641, req/min=900.93, avg_time=0.000567s, max_time=0.180172s, min_time=0.000212s; KV_LIST: req_count=32, req/min=6.21, avg_time=0.001104s, max_time=0.002198s, min_time=0.000243s; CLEAR_META: req_count=5, req/min=0.97, avg_time=0.011044s, max_time=0.019521s, min_time=0.006034s; KV_RETRIEVE_KEYS: req_count=2, req/min=0.39, avg_time=0.000802s, max_time=0.000861s, min_time=0.000743s
[36m(TransferQueueController pid=9128)[0m 2026-07-08 17:35:50,067 - INFO - transfer_queue.utils.perf_utils - TQ_CONTROLLER_3eaa8a51: [Performance] Total success requests: 13429, Total req/min: 2606.88, Total avg process time: 0.0002s; [32m [repeated 2x across cluster][0m
[36m(TransferQueueController pid=9128)[0m Time range: last 5.15 minutes; [32m [repeated 2x across cluster][0m
[36m(SimpleStorageUnit pid=9491)[0m Per-operation statistics: CLEAR_DATA: req_count=6, req/min=1.17, avg_time=0.012852s, max_time=0.019779s, min_time=0.006924s; PUT_DATA: req_count=770, req/min=150.44, avg_time=0.008405s, max_time=0.017144s, min_time=0.002713s; GET_DATA: req_count=22, req/min=4.30, avg_time=0.006769s, max_time=0.009740s, min_time=0.003347s
[36m(TaskRunnerV1 pid=8235)[0m Training Progress:  69%|██████▉   | 125/180 [5:13:13<2:13:46, 145.93s/it]
[36m(AgentLoopWorkerTQ pid=15797)[0m /mnt/tier1/project/p201382/erisa/Internship/Cascade2/verl-version/.venv/lib/python3.12/site-packages/pydantic/main.py:475: UserWarning: Pydantic serializer warnings:
[36m(AgentLoopWorkerTQ pid=15797)[0m   PydanticSerializationUnexpectedValue(Expected `float` - serialized value may not be as expected [field_name='reward_score', input_value=tensor(-0.0762), input_type=Tensor])
[36m(AgentLoopWorkerTQ pid=15797)[0m   return self.__pydantic_serializer__.to_python(
[36m(TaskRunnerV1 pid=8235)[0m Training Progress:  70%|███████   | 126/180 [5:15:34<2:10:00, 144.45s/it]
[36m(AgentLoopWorkerTQ pid=15937)[0m /mnt/tier1/project/p201382/erisa/Internship/Cascade2/verl-version/.venv/lib/python3.12/site-packages/pydantic/main.py:475: UserWarning: Pydantic serializer warnings:
[36m(AgentLoopWorkerTQ pid=15937)[0m   PydanticSerializationUnexpectedValue(Expected `float` - serialized value may not be as expected [field_name='reward_score', input_value=tensor(-0.3066), input_type=Tensor])
[36m(AgentLoopWorkerTQ pid=15937)[0m   return self.__pydantic_serializer__.to_python(
[36m(SimpleStorageUnit pid=9489)[0m 2026-07-08 17:40:39,032 - INFO - transfer_queue.utils.perf_utils - TQ_STORAGE_UNIT_0d563503: [Performance] Total success requests: 575, Total req/min: 111.15, Total avg process time: 0.0092s; 
[36m(SimpleStorageUnit pid=9489)[0m Time range: last 5.17 minutes; 
[36m(SimpleStorageUnit pid=9489)[0m Per-operation statistics: GET_DATA: req_count=26, req/min=5.03, avg_time=0.008223s, max_time=0.012429s, min_time=0.003502s; PUT_DATA: req_count=545, req/min=105.35, avg_time=0.009226s, max_time=0.018966s, min_time=0.002704s; CLEAR_DATA: req_count=4, req/min=0.77, avg_time=0.013413s, max_time=0.019538s, min_time=0.007304s
[36m(SimpleStorageUnit pid=9490)[0m Per-operation statistics: PUT_DATA: req_count=539, req/min=102.44, avg_time=0.009225s, max_time=0.020373s, min_time=0.002731s; CLEAR_DATA: req_count=5, req/min=0.95, avg_time=0.012303s, max_time=0.018574s, min_time=0.007320s; GET_DATA: req_count=26, req/min=4.94, avg_time=0.007736s, max_time=0.013336s, min_time=0.003278s
[36m(SimpleStorageUnit pid=9486)[0m Per-operation statistics: CLEAR_DATA: req_count=5, req/min=0.95, avg_time=0.012369s, max_time=0.019706s, min_time=0.008059s; GET_DATA: req_count=26, req/min=4.95, avg_time=0.008277s, max_time=0.013587s, min_time=0.003802s; PUT_DATA: req_count=532, req/min=101.25, avg_time=0.009104s, max_time=0.018814s, min_time=0.002700s
[36m(TransferQueueController pid=9128)[0m Per-operation statistics: NOTIFY_DATA_UPDATE: req_count=4113, req/min=639.80, avg_time=0.000117s, max_time=0.007266s, min_time=0.000086s; SET_CUSTOM_META: req_count=4628, req/min=719.92, avg_time=0.000015s, max_time=0.000668s, min_time=0.000009s; KV_RETRIEVE_KEYS: req_count=3, req/min=0.47, avg_time=0.000776s, max_time=0.000847s, min_time=0.000710s; KV_RETRIEVE_META: req_count=4634, req/min=720.85, avg_time=0.000598s, max_time=0.100704s, min_time=0.000212s; CLEAR_META: req_count=4, req/min=0.62, avg_time=0.011470s, max_time=0.017448s, min_time=0.006364s; KV_LIST: req_count=28, req/min=4.36, avg_time=0.000949s, max_time=0.001463s, min_time=0.000148s
[36m(TransferQueueController pid=9128)[0m 2026-07-08 17:42:15,778 - INFO - transfer_queue.utils.perf_utils - TQ_CONTROLLER_3eaa8a51: [Performance] Total success requests: 13410, Total req/min: 2086.01, Total avg process time: 0.0003s; [32m [repeated 8x across cluster][0m
[36m(TransferQueueController pid=9128)[0m Time range: last 6.43 minutes; [32m [repeated 8x across cluster][0m
[36m(SimpleStorageUnit pid=9491)[0m Per-operation statistics: GET_DATA: req_count=26, req/min=5.03, avg_time=0.008188s, max_time=0.015235s, min_time=0.003610s; PUT_DATA: req_count=513, req/min=99.17, avg_time=0.009359s, max_time=0.021221s, min_time=0.002689s; CLEAR_DATA: req_count=4, req/min=0.77, avg_time=0.014335s, max_time=0.021076s, min_time=0.009269s
[36m(SimpleStorageUnit pid=9488)[0m Per-operation statistics: PUT_DATA: req_count=545, req/min=103.37, avg_time=0.009286s, max_time=0.018088s, min_time=0.002731s; CLEAR_DATA: req_count=5, req/min=0.95, avg_time=0.013494s, max_time=0.021969s, min_time=0.007491s; GET_DATA: req_count=26, req/min=4.93, avg_time=0.008260s, max_time=0.013553s, min_time=0.004807s[32m [repeated 3x across cluster][0m
[36m(SimpleStorageUnit pid=9493)[0m Per-operation statistics: CLEAR_DATA: req_count=5, req/min=0.95, avg_time=0.012482s, max_time=0.019781s, min_time=0.008301s; GET_DATA: req_count=26, req/min=4.95, avg_time=0.008175s, max_time=0.012402s, min_time=0.004339s; PUT_DATA: req_count=514, req/min=97.82, avg_time=0.009160s, max_time=0.019642s, min_time=0.002692s
[36m(TaskRunnerV1 pid=8235)[0m Training Progress:  71%|███████   | 127/180 [5:18:02<2:08:40, 145.67s/it]
[36m(AgentLoopWorkerTQ pid=15938)[0m /mnt/tier1/project/p201382/erisa/Internship/Cascade2/verl-version/.venv/lib/python3.12/site-packages/pydantic/main.py:475: UserWarning: Pydantic serializer warnings:
[36m(AgentLoopWorkerTQ pid=15938)[0m   PydanticSerializationUnexpectedValue(Expected `float` - serialized value may not be as expected [field_name='reward_score', input_value=tensor(-0.2305), input_type=Tensor])
[36m(AgentLoopWorkerTQ pid=15938)[0m   return self.__pydantic_serializer__.to_python(
[36m(TaskRunnerV1 pid=8235)[0m Training Progress:  71%|███████   | 128/180 [5:20:28<2:06:10, 145.59s/it]
[36m(AgentLoopWorkerTQ pid=15797)[0m /mnt/tier1/project/p201382/erisa/Internship/Cascade2/verl-version/.venv/lib/python3.12/site-packages/pydantic/main.py:475: UserWarning: Pydantic serializer warnings:
[36m(AgentLoopWorkerTQ pid=15797)[0m   PydanticSerializationUnexpectedValue(Expected `float` - serialized value may not be as expected [field_name='reward_score', input_value=tensor(-0.5977), input_type=Tensor])
[36m(AgentLoopWorkerTQ pid=15797)[0m   return self.__pydantic_serializer__.to_python(
[36m(AgentLoopWorkerTQ pid=15797)[0m /mnt/tier1/project/p201382/erisa/Internship/Cascade2/verl-version/.venv/lib/python3.12/site-packages/pydantic/main.py:475: UserWarning: Pydantic serializer warnings:
[36m(AgentLoopWorkerTQ pid=15797)[0m   PydanticSerializationUnexpectedValue(Expected `float` - serialized value may not be as expected [field_name='reward_score', input_value=tensor(-0.6016), input_type=Tensor])
[36m(AgentLoopWorkerTQ pid=15797)[0m   return self.__pydantic_serializer__.to_python(
[36m(SimpleStorageUnit pid=9489)[0m 2026-07-08 17:47:07,078 - INFO - transfer_queue.utils.perf_utils - TQ_STORAGE_UNIT_0d563503: [Performance] Total success requests: 548, Total req/min: 84.73, Total avg process time: 0.0079s; 
[36m(SimpleStorageUnit pid=9489)[0m Time range: last 6.47 minutes; 
[36m(SimpleStorageUnit pid=9489)[0m Per-operation statistics: PUT_DATA: req_count=515, req/min=79.63, avg_time=0.007951s, max_time=0.017391s, min_time=0.002711s; GET_DATA: req_count=29, req/min=4.48, avg_time=0.006653s, max_time=0.009549s, min_time=0.003383s; CLEAR_DATA: req_count=4, req/min=0.62, avg_time=0.012114s, max_time=0.019195s, min_time=0.006435s
[36m(AgentLoopWorkerTQ pid=15937)[0m /mnt/tier1/project/p201382/erisa/Internship/Cascade2/verl-version/.venv/lib/python3.12/site-packages/pydantic/main.py:475: UserWarning: Pydantic serializer warnings:
[36m(AgentLoopWorkerTQ pid=15937)[0m   PydanticSerializationUnexpectedValue(Expected `float` - serialized value may not be as expected [field_name='reward_score', input_value=tensor(0.1250), input_type=Tensor])
[36m(AgentLoopWorkerTQ pid=15937)[0m   return self.__pydantic_serializer__.to_python(
[36m(TaskRunnerV1 pid=8235)[0m Training Progress:  72%|███████▏  | 129/180 [5:22:54<2:03:51, 145.71s/it]
[36m(RewardLoopWorker pid=11941)[0m ERROR:2026-07-08 17:47:10,411:Unable to detect language for text https://facebook.com due to No features in text.
[36m(RewardLoopWorker pid=11941)[0m ERROR:2026-07-08 17:47:12,572:Unable to detect language for text https://www.facebook.com/tracker#fbv=next_fbv_1461642141 due to No features in text.
[36m(SimpleStorageUnit pid=9493)[0m 2026-07-08 17:47:07,072 - INFO - transfer_queue.utils.perf_utils - TQ_STORAGE_UNIT_c67b05a2: [Performance] Total success requests: 572, Total req/min: 88.44, Total avg process time: 0.0081s; [32m [repeated 7x across cluster][0m
[36m(SimpleStorageUnit pid=9493)[0m Time range: last 6.47 minutes; [32m [repeated 7x across cluster][0m
[36m(SimpleStorageUnit pid=9493)[0m Per-operation statistics: PUT_DATA: req_count=539, req/min=83.34, avg_time=0.008154s, max_time=0.018723s, min_time=0.002698s; GET_DATA: req_count=29, req/min=4.48, avg_time=0.006440s, max_time=0.009482s, min_time=0.003780s; CLEAR_DATA: req_count=4, req/min=0.62, avg_time=0.012988s, max_time=0.019106s, min_time=0.006778s[32m [repeated 7x across cluster][0m
[36m(TransferQueueController pid=9128)[0m Per-operation statistics: KV_RETRIEVE_META: req_count=5430, req/min=1086.00, avg_time=0.000506s, max_time=0.102492s, min_time=0.000212s; CLEAR_META: req_count=5, req/min=1.00, avg_time=0.012893s, max_time=0.018155s, min_time=0.006056s; SET_CUSTOM_META: req_count=5340, req/min=1068.00, avg_time=0.000016s, max_time=0.000733s, min_time=0.000009s; KV_LIST: req_count=33, req/min=6.60, avg_time=0.000994s, max_time=0.001946s, min_time=0.000205s; NOTIFY_DATA_UPDATE: req_count=4697, req/min=939.40, avg_time=0.000127s, max_time=0.009536s, min_time=0.000085s; KV_RETRIEVE_KEYS: req_count=2, req/min=0.40, avg_time=0.000773s, max_time=0.000874s, min_time=0.000671s
[36m(AgentLoopWorkerTQ pid=15797)[0m /mnt/tier1/project/p201382/erisa/Internship/Cascade2/verl-version/.venv/lib/python3.12/site-packages/pydantic/main.py:475: UserWarning: Pydantic serializer warnings:
[36m(AgentLoopWorkerTQ pid=15797)[0m   PydanticSerializationUnexpectedValue(Expected `float` - serialized value may not be as expected [field_name='reward_score', input_value=tensor(-0.2266), input_type=Tensor])
[36m(AgentLoopWorkerTQ pid=15797)[0m   return self.__pydantic_serializer__.to_python(
[36m(TransferQueueController pid=9128)[0m 2026-07-08 17:47:15,780 - INFO - transfer_queue.utils.perf_utils - TQ_CONTROLLER_3eaa8a51: [Performance] Total success requests: 15507, Total req/min: 3101.40, Total avg process time: 0.0002s; 
[36m(TransferQueueController pid=9128)[0m Time range: last 5.00 minutes; 
[36m(WorkerDict pid=10580)[0m /mnt/tier1/project/p201382/erisa/Internship/Cascade2/verl-version/verl/verl/plugin/platform/platform_cuda.py:99: FutureWarning: torch.cuda._set_allocator_settings is deprecated. Use torch._C._accelerator_setAllocatorSettings instead.
[36m(WorkerDict pid=10580)[0m   torch.cuda.memory._set_allocator_settings(settings)
[36m(TaskRunnerV1 pid=8235)[0m Training Progress:  72%|███████▏  | 130/180 [5:26:02<2:12:04, 158.50s/it]
[36m(WorkerDict pid=10578)[0m /mnt/tier1/project/p201382/erisa/Internship/Cascade2/verl-version/verl/verl/plugin/platform/platform_cuda.py:99: FutureWarning: torch.cuda._set_allocator_settings is deprecated. Use torch._C._accelerator_setAllocatorSettings instead.[32m [repeated 3x across cluster][0m
[36m(WorkerDict pid=10578)[0m   torch.cuda.memory._set_allocator_settings(settings)[32m [repeated 3x across cluster][0m
[36m(TransferQueueController pid=9128)[0m 2026-07-08 17:52:39,394 - INFO - transfer_queue.utils.perf_utils - TQ_CONTROLLER_3eaa8a51: [Performance] Total success requests: 27096, Total req/min: 5023.76, Total avg process time: 0.0002s; 
[36m(TransferQueueController pid=9128)[0m Time range: last 5.39 minutes; 
[36m(TransferQueueController pid=9128)[0m Per-operation statistics: KV_RETRIEVE_META: req_count=10599, req/min=1965.12, avg_time=0.000386s, max_time=0.267330s, min_time=0.000192s; NOTIFY_DATA_UPDATE: req_count=5775, req/min=1070.72, avg_time=0.000126s, max_time=0.041656s, min_time=0.000084s; SET_CUSTOM_META: req_count=10673, req/min=1978.84, avg_time=0.000014s, max_time=0.000958s, min_time=0.000009s; KV_LIST: req_count=42, req/min=7.79, avg_time=0.001901s, max_time=0.004728s, min_time=0.000147s; CLEAR_META: req_count=5, req/min=0.93, avg_time=0.011669s, max_time=0.016112s, min_time=0.007564s; KV_RETRIEVE_KEYS: req_count=2, req/min=0.37, avg_time=0.000740s, max_time=0.000768s, min_time=0.000712s
[36m(SimpleStorageUnit pid=9489)[0m Per-operation statistics: CLEAR_DATA: req_count=6, req/min=1.08, avg_time=0.013622s, max_time=0.021741s, min_time=0.007445s; PUT_DATA: req_count=807, req/min=145.67, avg_time=0.008628s, max_time=0.019596s, min_time=0.002733s; GET_DATA: req_count=24, req/min=4.33, avg_time=0.007932s, max_time=0.011844s, min_time=0.003692s
[36m(TaskRunnerV1 pid=8235)[0m Training Progress:  73%|███████▎  | 131/180 [5:28:25<2:05:42, 153.92s/it]
[36m(AgentLoopWorkerTQ pid=15797)[0m /mnt/tier1/project/p201382/erisa/Internship/Cascade2/verl-version/.venv/lib/python3.12/site-packages/pydantic/main.py:475: UserWarning: Pydantic serializer warnings:
[36m(AgentLoopWorkerTQ pid=15797)[0m   PydanticSerializationUnexpectedValue(Expected `float` - serialized value may not be as expected [field_name='reward_score', input_value=tensor(-0.6094), input_type=Tensor])
[36m(AgentLoopWorkerTQ pid=15797)[0m   return self.__pydantic_serializer__.to_python(
[36m(SimpleStorageUnit pid=9493)[0m 2026-07-08 17:52:39,466 - INFO - transfer_queue.utils.perf_utils - TQ_STORAGE_UNIT_c67b05a2: [Performance] Total success requests: 841, Total req/min: 151.81, Total avg process time: 0.0089s; [32m [repeated 8x across cluster][0m
[36m(SimpleStorageUnit pid=9493)[0m Time range: last 5.54 minutes; [32m [repeated 8x across cluster][0m
[36m(SimpleStorageUnit pid=9493)[0m Per-operation statistics: CLEAR_DATA: req_count=6, req/min=1.08, avg_time=0.013382s, max_time=0.019382s, min_time=0.008673s; PUT_DATA: req_count=811, req/min=146.39, avg_time=0.008934s, max_time=0.017824s, min_time=0.002679s; GET_DATA: req_count=24, req/min=4.33, avg_time=0.008223s, max_time=0.009934s, min_time=0.004480s[32m [repeated 7x across cluster][0m
[36m(TaskRunnerV1 pid=8235)[0m Training Progress:  73%|███████▎  | 132/180 [5:30:49<2:00:44, 150.92s/it]
[36m(TaskRunnerV1 pid=8235)[0m Training Progress:  74%|███████▍  | 133/180 [5:33:12<1:56:12, 148.36s/it]
[36m(TransferQueueController pid=9128)[0m 2026-07-08 17:57:39,405 - INFO - transfer_queue.utils.perf_utils - TQ_CONTROLLER_3eaa8a51: [Performance] Total success requests: 20005, Total req/min: 4000.85, Total avg process time: 0.0002s; 
[36m(TransferQueueController pid=9128)[0m Time range: last 5.00 minutes; 
[36m(TransferQueueController pid=9128)[0m Per-operation statistics: KV_RETRIEVE_META: req_count=6913, req/min=1382.55, avg_time=0.000469s, max_time=0.094672s, min_time=0.000212s; CLEAR_META: req_count=5, req/min=1.00, avg_time=0.014450s, max_time=0.020189s, min_time=0.006168s; SET_CUSTOM_META: req_count=6905, req/min=1380.95, avg_time=0.000016s, max_time=0.000719s, min_time=0.000009s; KV_LIST: req_count=35, req/min=7.00, avg_time=0.001043s, max_time=0.002205s, min_time=0.000207s; NOTIFY_DATA_UPDATE: req_count=6145, req/min=1228.95, avg_time=0.000133s, max_time=0.011098s, min_time=0.000087s; KV_RETRIEVE_KEYS: req_count=2, req/min=0.40, avg_time=0.000860s, max_time=0.000867s, min_time=0.000853s
[36m(SimpleStorageUnit pid=9486)[0m Per-operation statistics: CLEAR_DATA: req_count=5, req/min=1.00, avg_time=0.014798s, max_time=0.019067s, min_time=0.008775s; PUT_DATA: req_count=779, req/min=155.68, avg_time=0.008698s, max_time=0.017949s, min_time=0.002729s; GET_DATA: req_count=22, req/min=4.40, avg_time=0.007907s, max_time=0.010405s, min_time=0.004418s
[36m(AgentLoopWorkerTQ pid=15938)[0m /mnt/tier1/project/p201382/erisa/Internship/Cascade2/verl-version/.venv/lib/python3.12/site-packages/pydantic/main.py:475: UserWarning: Pydantic serializer warnings:
[36m(AgentLoopWorkerTQ pid=15938)[0m   PydanticSerializationUnexpectedValue(Expected `float` - serialized value may not be as expected [field_name='reward_score', input_value=tensor(-0.0684), input_type=Tensor])
[36m(AgentLoopWorkerTQ pid=15938)[0m   return self.__pydantic_serializer__.to_python(
[36m(SimpleStorageUnit pid=9488)[0m 2026-07-08 17:57:40,747 - INFO - transfer_queue.utils.perf_utils - TQ_STORAGE_UNIT_99f20e51: [Performance] Total success requests: 812, Total req/min: 161.71, Total avg process time: 0.0084s; [32m [repeated 3x across cluster][0m
[36m(SimpleStorageUnit pid=9488)[0m Time range: last 5.02 minutes; [32m [repeated 3x across cluster][0m
[36m(SimpleStorageUnit pid=9488)[0m Per-operation statistics: CLEAR_DATA: req_count=5, req/min=1.00, avg_time=0.014937s, max_time=0.018824s, min_time=0.009024s; PUT_DATA: req_count=785, req/min=156.33, avg_time=0.008428s, max_time=0.018312s, min_time=0.002724s; GET_DATA: req_count=22, req/min=4.38, avg_time=0.007737s, max_time=0.011702s, min_time=0.004458s[32m [repeated 2x across cluster][0m
[36m(SimpleStorageUnit pid=9489)[0m 2026-07-08 17:57:52,921 - INFO - transfer_queue.utils.perf_utils - TQ_STORAGE_UNIT_0d563503: [Performance] Total success requests: 809, Total req/min: 154.86, Total avg process time: 0.0090s; [32m [repeated 3x across cluster][0m
[36m(SimpleStorageUnit pid=9489)[0m Time range: last 5.22 minutes; [32m [repeated 3x across cluster][0m
[36m(SimpleStorageUnit pid=9489)[0m Per-operation statistics: CLEAR_DATA: req_count=6, req/min=1.15, avg_time=0.015454s, max_time=0.025433s, min_time=0.008649s; PUT_DATA: req_count=781, req/min=149.50, avg_time=0.008946s, max_time=0.018486s, min_time=0.002733s; GET_DATA: req_count=22, req/min=4.21, avg_time=0.007761s, max_time=0.012647s, min_time=0.004165s[32m [repeated 3x across cluster][0m
[36m(TaskRunnerV1 pid=8235)[0m Training Progress:  74%|███████▍  | 134/180 [5:35:35<1:52:33, 146.82s/it]
[36m(SimpleStorageUnit pid=9493)[0m 2026-07-08 17:57:52,922 - INFO - transfer_queue.utils.perf_utils - TQ_STORAGE_UNIT_c67b05a2: [Performance] Total success requests: 813, Total req/min: 155.62, Total avg process time: 0.0086s; [32m [repeated 2x across cluster][0m
[36m(SimpleStorageUnit pid=9493)[0m Time range: last 5.22 minutes; [32m [repeated 2x across cluster][0m
[36m(SimpleStorageUnit pid=9493)[0m Per-operation statistics: CLEAR_DATA: req_count=6, req/min=1.15, avg_time=0.013611s, max_time=0.020879s, min_time=0.006593s; PUT_DATA: req_count=785, req/min=150.26, avg_time=0.008599s, max_time=0.017920s, min_time=0.002713s; GET_DATA: req_count=22, req/min=4.21, avg_time=0.007410s, max_time=0.011832s, min_time=0.003405s[32m [repeated 2x across cluster][0m
[36m(TaskRunnerV1 pid=8235)[0m Training Progress:  75%|███████▌  | 135/180 [5:38:02<1:50:05, 146.78s/it]
[36m(AgentLoopWorkerTQ pid=15937)[0m /mnt/tier1/project/p201382/erisa/Internship/Cascade2/verl-version/.venv/lib/python3.12/site-packages/pydantic/main.py:475: UserWarning: Pydantic serializer warnings:
[36m(AgentLoopWorkerTQ pid=15937)[0m   PydanticSerializationUnexpectedValue(Expected `float` - serialized value may not be as expected [field_name='reward_score', input_value=tensor(-0.1641), input_type=Tensor])
[36m(AgentLoopWorkerTQ pid=15937)[0m   return self.__pydantic_serializer__.to_python(
[36m(TransferQueueController pid=9128)[0m 2026-07-08 18:02:39,426 - INFO - transfer_queue.utils.perf_utils - TQ_CONTROLLER_3eaa8a51: [Performance] Total success requests: 13418, Total req/min: 2683.41, Total avg process time: 0.0002s; 
[36m(TransferQueueController pid=9128)[0m Time range: last 5.00 minutes; 
[36m(TransferQueueController pid=9128)[0m Per-operation statistics: NOTIFY_DATA_UPDATE: req_count=4112, req/min=822.34, avg_time=0.000116s, max_time=0.002602s, min_time=0.000086s; SET_CUSTOM_META: req_count=4630, req/min=925.93, avg_time=0.000015s, max_time=0.000700s, min_time=0.000009s; KV_RETRIEVE_META: req_count=4636, req/min=927.13, avg_time=0.000512s, max_time=0.154060s, min_time=0.000210s; KV_LIST: req_count=34, req/min=6.80, avg_time=0.001063s, max_time=0.001991s, min_time=0.000210s; CLEAR_META: req_count=4, req/min=0.80, avg_time=0.012388s, max_time=0.019460s, min_time=0.005356s; KV_RETRIEVE_KEYS: req_count=2, req/min=0.40, avg_time=0.000743s, max_time=0.000764s, min_time=0.000722s
[36m(SimpleStorageUnit pid=9492)[0m Per-operation statistics: PUT_DATA: req_count=535, req/min=106.41, avg_time=0.009173s, max_time=0.020623s, min_time=0.002885s; CLEAR_DATA: req_count=4, req/min=0.80, avg_time=0.013513s, max_time=0.020903s, min_time=0.007710s; GET_DATA: req_count=22, req/min=4.38, avg_time=0.007775s, max_time=0.019645s, min_time=0.003618s
[36m(SimpleStorageUnit pid=9489)[0m Per-operation statistics: GET_DATA: req_count=26, req/min=5.01, avg_time=0.007473s, max_time=0.010863s, min_time=0.003691s; PUT_DATA: req_count=547, req/min=105.50, avg_time=0.008899s, max_time=0.016911s, min_time=0.002689s; CLEAR_DATA: req_count=4, req/min=0.77, avg_time=0.012848s, max_time=0.018647s, min_time=0.007610s
[36m(SimpleStorageUnit pid=9489)[0m 2026-07-08 18:03:04,024 - INFO - transfer_queue.utils.perf_utils - TQ_STORAGE_UNIT_0d563503: [Performance] Total success requests: 577, Total req/min: 111.28, Total avg process time: 0.0089s; [32m [repeated 4x across cluster][0m
[36m(SimpleStorageUnit pid=9489)[0m Time range: last 5.19 minutes; [32m [repeated 4x across cluster][0m
[36m(SimpleStorageUnit pid=9486)[0m Per-operation statistics: PUT_DATA: req_count=543, req/min=107.49, avg_time=0.009027s, max_time=0.017524s, min_time=0.002740s; CLEAR_DATA: req_count=5, req/min=0.99, avg_time=0.011973s, max_time=0.019265s, min_time=0.007655s; GET_DATA: req_count=22, req/min=4.35, avg_time=0.007864s, max_time=0.018416s, min_time=0.003450s[32m [repeated 2x across cluster][0m
[36m(SimpleStorageUnit pid=9487)[0m Per-operation statistics: CLEAR_DATA: req_count=5, req/min=0.96, avg_time=0.013063s, max_time=0.021586s, min_time=0.007882s; GET_DATA: req_count=26, req/min=5.01, avg_time=0.007740s, max_time=0.010440s, min_time=0.004391s; PUT_DATA: req_count=490, req/min=94.46, avg_time=0.009248s, max_time=0.017159s, min_time=0.002763s
[36m(TaskRunnerV1 pid=8235)[0m Training Progress:  76%|███████▌  | 136/180 [5:40:27<1:47:23, 146.45s/it]
[36m(SimpleStorageUnit pid=9493)[0m Per-operation statistics: GET_DATA: req_count=26, req/min=5.01, avg_time=0.007668s, max_time=0.011258s, min_time=0.004507s; PUT_DATA: req_count=506, req/min=97.59, avg_time=0.008771s, max_time=0.016329s, min_time=0.002671s; CLEAR_DATA: req_count=4, req/min=0.77, avg_time=0.013532s, max_time=0.019001s, min_time=0.008321s[32m [repeated 2x across cluster][0m
[36m(SimpleStorageUnit pid=9493)[0m 2026-07-08 18:03:04,024 - INFO - transfer_queue.utils.perf_utils - TQ_STORAGE_UNIT_c67b05a2: [Performance] Total success requests: 536, Total req/min: 103.37, Total avg process time: 0.0088s; [32m [repeated 4x across cluster][0m
[36m(SimpleStorageUnit pid=9493)[0m Time range: last 5.19 minutes; [32m [repeated 4x across cluster][0m
[36m(SimpleStorageUnit pid=9490)[0m Per-operation statistics: PUT_DATA: req_count=536, req/min=102.20, avg_time=0.009102s, max_time=0.017612s, min_time=0.002752s; CLEAR_DATA: req_count=5, req/min=0.95, avg_time=0.012194s, max_time=0.018256s, min_time=0.008115s; GET_DATA: req_count=26, req/min=4.96, avg_time=0.007394s, max_time=0.019548s, min_time=0.003306s
[36m(TaskRunnerV1 pid=8235)[0m Training Progress:  76%|███████▌  | 137/180 [5:42:54<1:45:07, 146.68s/it]
[36m(AgentLoopWorkerTQ pid=15938)[0m /mnt/tier1/project/p201382/erisa/Internship/Cascade2/verl-version/.venv/lib/python3.12/site-packages/pydantic/main.py:475: UserWarning: Pydantic serializer warnings:
[36m(AgentLoopWorkerTQ pid=15938)[0m   PydanticSerializationUnexpectedValue(Expected `float` - serialized value may not be as expected [field_name='reward_score', input_value=tensor(-0.3047), input_type=Tensor])
[36m(AgentLoopWorkerTQ pid=15938)[0m   return self.__pydantic_serializer__.to_python(
[36m(SimpleStorageUnit pid=9492)[0m 2026-07-08 18:07:54,966 - INFO - transfer_queue.utils.perf_utils - TQ_STORAGE_UNIT_daf3cb07: [Performance] Total success requests: 550, Total req/min: 105.50, Total avg process time: 0.0092s; 
[36m(SimpleStorageUnit pid=9492)[0m Time range: last 5.21 minutes; 
[36m(SimpleStorageUnit pid=9492)[0m Per-operation statistics: PUT_DATA: req_count=519, req/min=99.55, avg_time=0.009274s, max_time=0.034796s, min_time=0.002837s; CLEAR_DATA: req_count=5, req/min=0.96, avg_time=0.011181s, max_time=0.017359s, min_time=0.005226s; GET_DATA: req_count=26, req/min=4.99, avg_time=0.006869s, max_time=0.009814s, min_time=0.003239s
[36m(SimpleStorageUnit pid=9488)[0m Per-operation statistics: CLEAR_DATA: req_count=5, req/min=0.96, avg_time=0.012035s, max_time=0.019127s, min_time=0.007327s; GET_DATA: req_count=26, req/min=4.99, avg_time=0.006954s, max_time=0.009348s, min_time=0.003047s; PUT_DATA: req_count=529, req/min=101.51, avg_time=0.008751s, max_time=0.032691s, min_time=0.002869s
[36m(SimpleStorageUnit pid=9486)[0m Per-operation statistics: GET_DATA: req_count=26, req/min=5.00, avg_time=0.006420s, max_time=0.009468s, min_time=0.003298s; PUT_DATA: req_count=524, req/min=100.72, avg_time=0.009281s, max_time=0.036248s, min_time=0.002739s; CLEAR_DATA: req_count=4, req/min=0.77, avg_time=0.013072s, max_time=0.018188s, min_time=0.008330s
[36m(TransferQueueController pid=9128)[0m Per-operation statistics: NOTIFY_DATA_UPDATE: req_count=4116, req/min=782.56, avg_time=0.000129s, max_time=0.008753s, min_time=0.000086s; SET_CUSTOM_META: req_count=4636, req/min=881.43, avg_time=0.000015s, max_time=0.000620s, min_time=0.000009s; KV_RETRIEVE_META: req_count=4643, req/min=882.76, avg_time=0.000539s, max_time=0.090867s, min_time=0.000209s; KV_LIST: req_count=30, req/min=5.70, avg_time=0.001086s, max_time=0.001719s, min_time=0.000163s; CLEAR_META: req_count=5, req/min=0.95, avg_time=0.012277s, max_time=0.020303s, min_time=0.005579s; KV_RETRIEVE_KEYS: req_count=2, req/min=0.38, avg_time=0.000781s, max_time=0.000793s, min_time=0.000770s
[36m(SimpleStorageUnit pid=9489)[0m Per-operation statistics: PUT_DATA: req_count=514, req/min=80.84, avg_time=0.009217s, max_time=0.044305s, min_time=0.002774s; GET_DATA: req_count=29, req/min=4.56, avg_time=0.007189s, max_time=0.009901s, min_time=0.003831s; CLEAR_DATA: req_count=4, req/min=0.63, avg_time=0.013765s, max_time=0.019318s, min_time=0.007847s
[36m(SimpleStorageUnit pid=9489)[0m 2026-07-08 18:09:25,533 - INFO - transfer_queue.utils.perf_utils - TQ_STORAGE_UNIT_0d563503: [Performance] Total success requests: 547, Total req/min: 86.03, Total avg process time: 0.0091s; [32m [repeated 4x across cluster][0m
[36m(SimpleStorageUnit pid=9489)[0m Time range: last 6.36 minutes; [32m [repeated 4x across cluster][0m
[36m(TaskRunnerV1 pid=8235)[0m Training Progress:  77%|███████▋  | 138/180 [5:45:12<1:40:49, 144.03s/it]
[36m(TaskRunnerV1 pid=8235)[0m Training Progress:  77%|███████▋  | 139/180 [5:47:38<1:38:41, 144.42s/it]
[36m(SimpleStorageUnit pid=9493)[0m Per-operation statistics: PUT_DATA: req_count=542, req/min=85.24, avg_time=0.009225s, max_time=0.035859s, min_time=0.002869s; GET_DATA: req_count=29, req/min=4.56, avg_time=0.007436s, max_time=0.009860s, min_time=0.004809s; CLEAR_DATA: req_count=4, req/min=0.63, avg_time=0.013583s, max_time=0.023200s, min_time=0.006785s[32m [repeated 4x across cluster][0m
[36m(SimpleStorageUnit pid=9493)[0m 2026-07-08 18:09:25,534 - INFO - transfer_queue.utils.perf_utils - TQ_STORAGE_UNIT_c67b05a2: [Performance] Total success requests: 575, Total req/min: 90.43, Total avg process time: 0.0092s; [32m [repeated 4x across cluster][0m
[36m(SimpleStorageUnit pid=9493)[0m Time range: last 6.36 minutes; [32m [repeated 4x across cluster][0m
[36m(WorkerDict pid=10580)[0m /mnt/tier1/project/p201382/erisa/Internship/Cascade2/verl-version/verl/verl/plugin/platform/platform_cuda.py:99: FutureWarning: torch.cuda._set_allocator_settings is deprecated. Use torch._C._accelerator_setAllocatorSettings instead.
[36m(WorkerDict pid=10580)[0m   torch.cuda.memory._set_allocator_settings(settings)
[36m(TransferQueueController pid=9128)[0m 2026-07-08 18:14:20,784 - INFO - transfer_queue.utils.perf_utils - TQ_CONTROLLER_3eaa8a51: [Performance] Total success requests: 13408, Total req/min: 2085.33, Total avg process time: 0.0003s; 
[36m(TransferQueueController pid=9128)[0m Time range: last 6.43 minutes; 
[36m(TransferQueueController pid=9128)[0m Per-operation statistics: NOTIFY_DATA_UPDATE: req_count=4113, req/min=639.69, avg_time=0.000122s, max_time=0.008475s, min_time=0.000087s; SET_CUSTOM_META: req_count=4628, req/min=719.79, avg_time=0.000017s, max_time=0.005217s, min_time=0.000009s; KV_RETRIEVE_KEYS: req_count=3, req/min=0.47, avg_time=0.000784s, max_time=0.000803s, min_time=0.000770s; KV_RETRIEVE_META: req_count=4634, req/min=720.72, avg_time=0.000606s, max_time=0.122071s, min_time=0.000211s; CLEAR_META: req_count=4, req/min=0.62, avg_time=0.012590s, max_time=0.019146s, min_time=0.006327s; KV_LIST: req_count=26, req/min=4.04, avg_time=0.001028s, max_time=0.001764s, min_time=0.000303s
[36m(SimpleStorageUnit pid=9488)[0m Per-operation statistics: PUT_DATA: req_count=525, req/min=81.26, avg_time=0.009158s, max_time=0.018984s, min_time=0.002724s; GET_DATA: req_count=28, req/min=4.33, avg_time=0.006914s, max_time=0.009968s, min_time=0.003505s; CLEAR_DATA: req_count=4, req/min=0.62, avg_time=0.012914s, max_time=0.016964s, min_time=0.008302s
[36m(WorkerDict pid=10578)[0m /mnt/tier1/project/p201382/erisa/Internship/Cascade2/verl-version/verl/verl/plugin/platform/platform_cuda.py:99: FutureWarning: torch.cuda._set_allocator_settings is deprecated. Use torch._C._accelerator_setAllocatorSettings instead.[32m [repeated 3x across cluster][0m
[36m(WorkerDict pid=10578)[0m   torch.cuda.memory._set_allocator_settings(settings)[32m [repeated 3x across cluster][0m
[36m(SimpleStorageUnit pid=9489)[0m Per-operation statistics: CLEAR_DATA: req_count=4, req/min=0.80, avg_time=0.014247s, max_time=0.019780s, min_time=0.009047s; PUT_DATA: req_count=569, req/min=113.77, avg_time=0.008787s, max_time=0.016296s, min_time=0.002708s; GET_DATA: req_count=21, req/min=4.20, avg_time=0.007412s, max_time=0.009558s, min_time=0.003508s
[36m(TaskRunnerV1 pid=8235)[0m Training Progress:  78%|███████▊  | 140/180 [5:50:48<1:45:31, 158.30s/it]
[36m(SimpleStorageUnit pid=9493)[0m 2026-07-08 18:14:25,631 - INFO - transfer_queue.utils.perf_utils - TQ_STORAGE_UNIT_c67b05a2: [Performance] Total success requests: 601, Total req/min: 120.16, Total avg process time: 0.0090s; [32m [repeated 8x across cluster][0m
[36m(SimpleStorageUnit pid=9493)[0m Time range: last 5.00 minutes; [32m [repeated 8x across cluster][0m
[36m(SimpleStorageUnit pid=9486)[0m Per-operation statistics: PUT_DATA: req_count=510, req/min=78.89, avg_time=0.008530s, max_time=0.016685s, min_time=0.002729s; GET_DATA: req_count=28, req/min=4.33, avg_time=0.007462s, max_time=0.010571s, min_time=0.003669s; CLEAR_DATA: req_count=4, req/min=0.62, avg_time=0.013305s, max_time=0.018273s, min_time=0.008675s[32m [repeated 2x across cluster][0m
[36m(SimpleStorageUnit pid=9493)[0m Per-operation statistics: CLEAR_DATA: req_count=4, req/min=0.80, avg_time=0.013833s, max_time=0.019708s, min_time=0.007698s; PUT_DATA: req_count=576, req/min=115.16, avg_time=0.008997s, max_time=0.054903s, min_time=0.002696s; GET_DATA: req_count=21, req/min=4.20, avg_time=0.007821s, max_time=0.010367s, min_time=0.003605s[32m [repeated 4x across cluster][0m
[36m(AgentLoopWorkerTQ pid=15797)[0m /mnt/tier1/project/p201382/erisa/Internship/Cascade2/verl-version/.venv/lib/python3.12/site-packages/pydantic/main.py:475: UserWarning: Pydantic serializer warnings:
[36m(AgentLoopWorkerTQ pid=15797)[0m   PydanticSerializationUnexpectedValue(Expected `float` - serialized value may not be as expected [field_name='reward_score', input_value=tensor(-0.5215), input_type=Tensor])
[36m(AgentLoopWorkerTQ pid=15797)[0m   return self.__pydantic_serializer__.to_python(
[36m(TaskRunnerV1 pid=8235)[0m Training Progress:  78%|███████▊  | 141/180 [5:53:13<1:40:10, 154.11s/it]
[36m(TransferQueueController pid=9128)[0m 2026-07-08 18:19:52,435 - INFO - transfer_queue.utils.perf_utils - TQ_CONTROLLER_3eaa8a51: [Performance] Total success requests: 29211, Total req/min: 5284.67, Total avg process time: 0.0002s; 
[36m(TransferQueueController pid=9128)[0m Time range: last 5.53 minutes; 
[36m(TransferQueueController pid=9128)[0m Per-operation statistics: SET_CUSTOM_META: req_count=11391, req/min=2060.79, avg_time=0.000014s, max_time=0.000774s, min_time=0.000009s; KV_RETRIEVE_META: req_count=11401, req/min=2062.60, avg_time=0.000391s, max_time=0.217149s, min_time=0.000193s; KV_LIST: req_count=47, req/min=8.50, avg_time=0.001700s, max_time=0.003649s, min_time=0.000222s; NOTIFY_DATA_UPDATE: req_count=6364, req/min=1151.33, avg_time=0.000125s, max_time=0.008568s, min_time=0.000085s; CLEAR_META: req_count=6, req/min=1.09, avg_time=0.011743s, max_time=0.018074s, min_time=0.006379s; KV_RETRIEVE_KEYS: req_count=2, req/min=0.36, avg_time=0.000651s, max_time=0.000656s, min_time=0.000646s
[36m(SimpleStorageUnit pid=9489)[0m Per-operation statistics: PUT_DATA: req_count=789, req/min=144.82, avg_time=0.008082s, max_time=0.016866s, min_time=0.002709s; CLEAR_DATA: req_count=6, req/min=1.10, avg_time=0.012327s, max_time=0.018752s, min_time=0.007681s; GET_DATA: req_count=25, req/min=4.59, avg_time=0.008491s, max_time=0.022906s, min_time=0.005326s
[36m(TaskRunnerV1 pid=8235)[0m Training Progress:  79%|███████▉  | 142/180 [5:55:38<1:36:00, 151.60s/it]
[36m(RewardLoopWorker pid=11938)[0m ERROR:2026-07-08 18:19:59,420:Unable to detect language for text [https://www.youtube.com/watch?v=LHYqv3O7hYk] due to No features in text.
[36m(SimpleStorageUnit pid=9493)[0m 2026-07-08 18:19:52,510 - INFO - transfer_queue.utils.perf_utils - TQ_STORAGE_UNIT_c67b05a2: [Performance] Total success requests: 763, Total req/min: 140.05, Total avg process time: 0.0083s; [32m [repeated 8x across cluster][0m
[36m(SimpleStorageUnit pid=9493)[0m Time range: last 5.45 minutes; [32m [repeated 8x across cluster][0m
[36m(SimpleStorageUnit pid=9493)[0m Per-operation statistics: PUT_DATA: req_count=732, req/min=134.36, avg_time=0.008183s, max_time=0.016883s, min_time=0.002707s; CLEAR_DATA: req_count=6, req/min=1.10, avg_time=0.013470s, max_time=0.019462s, min_time=0.007988s; GET_DATA: req_count=25, req/min=4.59, avg_time=0.010652s, max_time=0.068492s, min_time=0.004043s[32m [repeated 7x across cluster][0m
[36m(TaskRunnerV1 pid=8235)[0m Training Progress:  79%|███████▉  | 143/180 [5:58:00<1:31:32, 148.46s/it]
[36m(AgentLoopWorkerTQ pid=15940)[0m /mnt/tier1/project/p201382/erisa/Internship/Cascade2/verl-version/.venv/lib/python3.12/site-packages/pydantic/main.py:475: UserWarning: Pydantic serializer warnings:
[36m(AgentLoopWorkerTQ pid=15940)[0m   PydanticSerializationUnexpectedValue(Expected `float` - serialized value may not be as expected [field_name='reward_score', input_value=tensor(0.4590), input_type=Tensor])
[36m(AgentLoopWorkerTQ pid=15940)[0m   return self.__pydantic_serializer__.to_python(
[36m(TaskRunnerV1 pid=8235)[0m Training Progress:  80%|████████  | 144/180 [6:00:20<1:27:39, 146.09s/it]
[36m(TransferQueueController pid=9128)[0m 2026-07-08 18:24:53,275 - INFO - transfer_queue.utils.perf_utils - TQ_CONTROLLER_3eaa8a51: [Performance] Total success requests: 20050, Total req/min: 3998.81, Total avg process time: 0.0002s; 
[36m(TransferQueueController pid=9128)[0m Time range: last 5.01 minutes; 
[36m(TransferQueueController pid=9128)[0m Per-operation statistics: KV_RETRIEVE_META: req_count=6930, req/min=1382.13, avg_time=0.000452s, max_time=0.089404s, min_time=0.000211s; CLEAR_META: req_count=5, req/min=1.00, avg_time=0.012521s, max_time=0.020526s, min_time=0.006295s; SET_CUSTOM_META: req_count=6923, req/min=1380.74, avg_time=0.000016s, max_time=0.000631s, min_time=0.000009s; KV_LIST: req_count=36, req/min=7.18, avg_time=0.001020s, max_time=0.002104s, min_time=0.000273s; NOTIFY_DATA_UPDATE: req_count=6154, req/min=1227.37, avg_time=0.000124s, max_time=0.007435s, min_time=0.000084s; KV_RETRIEVE_KEYS: req_count=2, req/min=0.40, avg_time=0.000750s, max_time=0.000768s, min_time=0.000732s
[36m(SimpleStorageUnit pid=9491)[0m Per-operation statistics: CLEAR_DATA: req_count=5, req/min=0.98, avg_time=0.013844s, max_time=0.019040s, min_time=0.008554s; PUT_DATA: req_count=777, req/min=152.40, avg_time=0.008507s, max_time=0.018340s, min_time=0.002701s; GET_DATA: req_count=22, req/min=4.32, avg_time=0.008405s, max_time=0.023684s, min_time=0.003874s
[36m(SimpleStorageUnit pid=9491)[0m 2026-07-08 18:24:58,408 - INFO - transfer_queue.utils.perf_utils - TQ_STORAGE_UNIT_8be3c546: [Performance] Total success requests: 804, Total req/min: 157.70, Total avg process time: 0.0085s; 
[36m(SimpleStorageUnit pid=9491)[0m Time range: last 5.10 minutes; 
[36m(SimpleStorageUnit pid=9493)[0m 2026-07-08 18:24:58,436 - INFO - transfer_queue.utils.perf_utils - TQ_STORAGE_UNIT_c67b05a2: [Performance] Total success requests: 811, Total req/min: 159.06, Total avg process time: 0.0087s; 
[36m(SimpleStorageUnit pid=9493)[0m Time range: last 5.10 minutes; 
[36m(TaskRunnerV1 pid=8235)[0m Training Progress:  81%|████████  | 145/180 [6:02:40<1:24:12, 144.37s/it]
[36m(SimpleStorageUnit pid=9486)[0m Per-operation statistics: CLEAR_DATA: req_count=6, req/min=1.17, avg_time=0.013276s, max_time=0.020178s, min_time=0.008096s; PUT_DATA: req_count=781, req/min=152.70, avg_time=0.008588s, max_time=0.033840s, min_time=0.002718s; GET_DATA: req_count=22, req/min=4.30, avg_time=0.008648s, max_time=0.028083s, min_time=0.005070s[32m [repeated 7x across cluster][0m
[36m(SimpleStorageUnit pid=9486)[0m 2026-07-08 18:24:59,377 - INFO - transfer_queue.utils.perf_utils - TQ_STORAGE_UNIT_1c5adb34: [Performance] Total success requests: 809, Total req/min: 158.18, Total avg process time: 0.0086s; [32m [repeated 6x across cluster][0m
[36m(SimpleStorageUnit pid=9486)[0m Time range: last 5.11 minutes; [32m [repeated 6x across cluster][0m
[36m(AgentLoopWorkerTQ pid=15944)[0m /mnt/tier1/project/p201382/erisa/Internship/Cascade2/verl-version/.venv/lib/python3.12/site-packages/pydantic/main.py:475: UserWarning: Pydantic serializer warnings:
[36m(AgentLoopWorkerTQ pid=15944)[0m   PydanticSerializationUnexpectedValue(Expected `float` - serialized value may not be as expected [field_name='reward_score', input_value=tensor(0.5742), input_type=Tensor])
[36m(AgentLoopWorkerTQ pid=15944)[0m   return self.__pydantic_serializer__.to_python(
[36m(TaskRunnerV1 pid=8235)[0m Training Progress:  81%|████████  | 146/180 [6:05:01<1:21:06, 143.12s/it]
[36m(TransferQueueController pid=9128)[0m 2026-07-08 18:30:03,185 - INFO - transfer_queue.utils.perf_utils - TQ_CONTROLLER_3eaa8a51: [Performance] Total success requests: 13409, Total req/min: 2596.03, Total avg process time: 0.0002s; 
[36m(TransferQueueController pid=9128)[0m Time range: last 5.17 minutes; 
[36m(TransferQueueController pid=9128)[0m Per-operation statistics: KV_LIST: req_count=31, req/min=6.00, avg_time=0.001059s, max_time=0.001505s, min_time=0.000266s; KV_RETRIEVE_META: req_count=4634, req/min=897.16, avg_time=0.000532s, max_time=0.143575s, min_time=0.000210s; NOTIFY_DATA_UPDATE: req_count=4111, req/min=795.90, avg_time=0.000122s, max_time=0.008793s, min_time=0.000088s; SET_CUSTOM_META: req_count=4626, req/min=895.61, avg_time=0.000015s, max_time=0.000675s, min_time=0.000009s; CLEAR_META: req_count=5, req/min=0.97, avg_time=0.011189s, max_time=0.019458s, min_time=0.005598s; KV_RETRIEVE_KEYS: req_count=2, req/min=0.39, avg_time=0.000783s, max_time=0.000806s, min_time=0.000760s
[36m(SimpleStorageUnit pid=9489)[0m Per-operation statistics: GET_DATA: req_count=26, req/min=5.14, avg_time=0.007210s, max_time=0.019517s, min_time=0.003208s; PUT_DATA: req_count=512, req/min=101.13, avg_time=0.008627s, max_time=0.016378s, min_time=0.002733s; CLEAR_DATA: req_count=4, req/min=0.79, avg_time=0.012609s, max_time=0.018488s, min_time=0.007011s
[36m(SimpleStorageUnit pid=9491)[0m Per-operation statistics: CLEAR_DATA: req_count=5, req/min=0.98, avg_time=0.011983s, max_time=0.020007s, min_time=0.007415s; GET_DATA: req_count=26, req/min=5.12, avg_time=0.007519s, max_time=0.021120s, min_time=0.003866s; PUT_DATA: req_count=493, req/min=97.07, avg_time=0.008510s, max_time=0.016021s, min_time=0.002719s
[36m(TaskRunnerV1 pid=8235)[0m Training Progress:  82%|████████▏ | 147/180 [6:07:21<1:18:14, 142.27s/it]
[36m(SimpleStorageUnit pid=9493)[0m 2026-07-08 18:30:03,160 - INFO - transfer_queue.utils.perf_utils - TQ_STORAGE_UNIT_c67b05a2: [Performance] Total success requests: 572, Total req/min: 112.63, Total avg process time: 0.0085s; [32m [repeated 8x across cluster][0m
[36m(SimpleStorageUnit pid=9493)[0m Time range: last 5.08 minutes; [32m [repeated 8x across cluster][0m
[36m(SimpleStorageUnit pid=9486)[0m Per-operation statistics: GET_DATA: req_count=26, req/min=5.14, avg_time=0.007334s, max_time=0.014816s, min_time=0.003102s; PUT_DATA: req_count=521, req/min=102.90, avg_time=0.008348s, max_time=0.016339s, min_time=0.002712s; CLEAR_DATA: req_count=4, req/min=0.79, avg_time=0.012924s, max_time=0.019282s, min_time=0.007347s[32m [repeated 5x across cluster][0m
[36m(SimpleStorageUnit pid=9493)[0m Per-operation statistics: CLEAR_DATA: req_count=5, req/min=0.98, avg_time=0.011883s, max_time=0.019570s, min_time=0.006101s; GET_DATA: req_count=26, req/min=5.12, avg_time=0.007323s, max_time=0.009926s, min_time=0.004688s; PUT_DATA: req_count=541, req/min=106.52, avg_time=0.008512s, max_time=0.017036s, min_time=0.002869s
[36m(TaskRunnerV1 pid=8235)[0m Training Progress:  82%|████████▏ | 148/180 [6:09:41<1:15:34, 141.69s/it]
[36m(TransferQueueController pid=9128)[0m 2026-07-08 18:36:16,277 - INFO - transfer_queue.utils.perf_utils - TQ_CONTROLLER_3eaa8a51: [Performance] Total success requests: 13409, Total req/min: 2156.41, Total avg process time: 0.0003s; 
[36m(TransferQueueController pid=9128)[0m Time range: last 6.22 minutes; 
[36m(TransferQueueController pid=9128)[0m Per-operation statistics: NOTIFY_DATA_UPDATE: req_count=4113, req/min=661.45, avg_time=0.000123s, max_time=0.007189s, min_time=0.000086s; SET_CUSTOM_META: req_count=4628, req/min=744.27, avg_time=0.000016s, max_time=0.000801s, min_time=0.000009s; KV_RETRIEVE_KEYS: req_count=3, req/min=0.48, avg_time=0.000829s, max_time=0.000862s, min_time=0.000783s; KV_RETRIEVE_META: req_count=4634, req/min=745.23, avg_time=0.000610s, max_time=0.103621s, min_time=0.000212s; CLEAR_META: req_count=4, req/min=0.64, avg_time=0.013415s, max_time=0.020520s, min_time=0.006334s; KV_LIST: req_count=27, req/min=4.34, avg_time=0.001090s, max_time=0.002157s, min_time=0.000278s
[36m(SimpleStorageUnit pid=9489)[0m Per-operation statistics: PUT_DATA: req_count=535, req/min=86.01, avg_time=0.008233s, max_time=0.015526s, min_time=0.002722s; GET_DATA: req_count=29, req/min=4.66, avg_time=0.006806s, max_time=0.009883s, min_time=0.004192s; CLEAR_DATA: req_count=4, req/min=0.64, avg_time=0.012843s, max_time=0.020612s, min_time=0.008016s
[36m(TaskRunnerV1 pid=8235)[0m Training Progress:  83%|████████▎ | 149/180 [6:12:02<1:13:05, 141.47s/it]
[36m(RewardLoopWorker pid=11944)[0m ERROR:2026-07-08 18:36:18,365:Unable to detect language for text <> due to No features in text.
[36m(AgentLoopWorkerTQ pid=15944)[0m /mnt/tier1/project/p201382/erisa/Internship/Cascade2/verl-version/.venv/lib/python3.12/site-packages/pydantic/main.py:475: UserWarning: Pydantic serializer warnings:
[36m(AgentLoopWorkerTQ pid=15944)[0m   PydanticSerializationUnexpectedValue(Expected `float` - serialized value may not be as expected [field_name='reward_score', input_value=tensor(-0.1152), input_type=Tensor])
[36m(AgentLoopWorkerTQ pid=15944)[0m   return self.__pydantic_serializer__.to_python(
[36m(SimpleStorageUnit pid=9493)[0m 2026-07-08 18:36:16,347 - INFO - transfer_queue.utils.perf_utils - TQ_STORAGE_UNIT_c67b05a2: [Performance] Total success requests: 557, Total req/min: 89.55, Total avg process time: 0.0079s; [32m [repeated 8x across cluster][0m
[36m(SimpleStorageUnit pid=9493)[0m Time range: last 6.22 minutes; [32m [repeated 8x across cluster][0m
[36m(SimpleStorageUnit pid=9493)[0m Per-operation statistics: PUT_DATA: req_count=524, req/min=84.25, avg_time=0.007911s, max_time=0.016264s, min_time=0.002698s; GET_DATA: req_count=29, req/min=4.66, avg_time=0.006914s, max_time=0.009631s, min_time=0.004587s; CLEAR_DATA: req_count=4, req/min=0.64, avg_time=0.012421s, max_time=0.018882s, min_time=0.007069s[32m [repeated 7x across cluster][0m
[36m(WorkerDict pid=10580)[0m /mnt/tier1/project/p201382/erisa/Internship/Cascade2/verl-version/verl/verl/plugin/platform/platform_cuda.py:99: FutureWarning: torch.cuda._set_allocator_settings is deprecated. Use torch._C._accelerator_setAllocatorSettings instead.
[36m(WorkerDict pid=10580)[0m   torch.cuda.memory._set_allocator_settings(settings)
[36m(AgentLoopWorkerTQ pid=15940)[0m /mnt/tier1/project/p201382/erisa/Internship/Cascade2/verl-version/.venv/lib/python3.12/site-packages/pydantic/main.py:475: UserWarning: Pydantic serializer warnings:
[36m(AgentLoopWorkerTQ pid=15940)[0m   PydanticSerializationUnexpectedValue(Expected `float` - serialized value may not be as expected [field_name='reward_score', input_value=tensor(-0.1406), input_type=Tensor])
[36m(AgentLoopWorkerTQ pid=15940)[0m   return self.__pydantic_serializer__.to_python(
[36m(WorkerDict pid=10578)[0m /mnt/tier1/project/p201382/erisa/Internship/Cascade2/verl-version/verl/verl/plugin/platform/platform_cuda.py:99: FutureWarning: torch.cuda._set_allocator_settings is deprecated. Use torch._C._accelerator_setAllocatorSettings instead.[32m [repeated 3x across cluster][0m
[36m(WorkerDict pid=10578)[0m   torch.cuda.memory._set_allocator_settings(settings)[32m [repeated 3x across cluster][0m
[36m(TaskRunnerV1 pid=8235)[0m Training Progress:  83%|████████▎ | 150/180 [6:15:13<1:18:12, 156.40s/it]
[36m(TransferQueueController pid=9128)[0m 2026-07-08 18:41:50,976 - INFO - transfer_queue.utils.perf_utils - TQ_CONTROLLER_3eaa8a51: [Performance] Total success requests: 29212, Total req/min: 5236.72, Total avg process time: 0.0002s; 
[36m(TransferQueueController pid=9128)[0m Time range: last 5.58 minutes; 
[36m(TransferQueueController pid=9128)[0m Per-operation statistics: KV_RETRIEVE_META: req_count=11401, req/min=2043.81, avg_time=0.000368s, max_time=0.087792s, min_time=0.000194s; CLEAR_META: req_count=6, req/min=1.08, avg_time=0.012460s, max_time=0.018005s, min_time=0.005403s; SET_CUSTOM_META: req_count=11391, req/min=2042.02, avg_time=0.000015s, max_time=0.000728s, min_time=0.000009s; KV_LIST: req_count=48, req/min=8.60, avg_time=0.001968s, max_time=0.004757s, min_time=0.000237s; NOTIFY_DATA_UPDATE: req_count=6364, req/min=1140.85, avg_time=0.000123s, max_time=0.005039s, min_time=0.000085s; KV_RETRIEVE_KEYS: req_count=2, req/min=0.36, avg_time=0.000711s, max_time=0.000734s, min_time=0.000688s
[36m(SimpleStorageUnit pid=9489)[0m Per-operation statistics: CLEAR_DATA: req_count=6, req/min=1.08, avg_time=0.012896s, max_time=0.021729s, min_time=0.006920s; PUT_DATA: req_count=805, req/min=144.31, avg_time=0.007865s, max_time=0.017955s, min_time=0.002727s; GET_DATA: req_count=24, req/min=4.30, avg_time=0.007146s, max_time=0.010071s, min_time=0.003140s
[36m(TaskRunnerV1 pid=8235)[0m Training Progress:  84%|████████▍ | 151/180 [6:17:37<1:13:42, 152.51s/it]
[36m(AgentLoopWorkerTQ pid=15943)[0m /mnt/tier1/project/p201382/erisa/Internship/Cascade2/verl-version/.venv/lib/python3.12/site-packages/pydantic/main.py:475: UserWarning: Pydantic serializer warnings:
[36m(AgentLoopWorkerTQ pid=15943)[0m   PydanticSerializationUnexpectedValue(Expected `float` - serialized value may not be as expected [field_name='reward_score', input_value=tensor(-0.1133), input_type=Tensor])
[36m(AgentLoopWorkerTQ pid=15943)[0m   return self.__pydantic_serializer__.to_python(
[36m(SimpleStorageUnit pid=9493)[0m 2026-07-08 18:41:51,044 - INFO - transfer_queue.utils.perf_utils - TQ_STORAGE_UNIT_c67b05a2: [Performance] Total success requests: 836, Total req/min: 149.87, Total avg process time: 0.0080s; [32m [repeated 8x across cluster][0m
[36m(SimpleStorageUnit pid=9493)[0m Time range: last 5.58 minutes; [32m [repeated 8x across cluster][0m
[36m(SimpleStorageUnit pid=9493)[0m Per-operation statistics: CLEAR_DATA: req_count=6, req/min=1.08, avg_time=0.012672s, max_time=0.018602s, min_time=0.006990s; PUT_DATA: req_count=806, req/min=144.49, avg_time=0.007992s, max_time=0.023865s, min_time=0.002675s; GET_DATA: req_count=24, req/min=4.30, avg_time=0.007860s, max_time=0.009858s, min_time=0.005177s[32m [repeated 7x across cluster][0m
[36m(TaskRunnerV1 pid=8235)[0m Training Progress:  84%|████████▍ | 152/180 [6:19:57<1:09:28, 148.87s/it]
[36m(AgentLoopWorkerTQ pid=15938)[0m /mnt/tier1/project/p201382/erisa/Internship/Cascade2/verl-version/.venv/lib/python3.12/site-packages/pydantic/main.py:475: UserWarning: Pydantic serializer warnings:
[36m(AgentLoopWorkerTQ pid=15938)[0m   PydanticSerializationUnexpectedValue(Expected `float` - serialized value may not be as expected [field_name='reward_score', input_value=tensor(-0.0625), input_type=Tensor])
[36m(AgentLoopWorkerTQ pid=15938)[0m   return self.__pydantic_serializer__.to_python(
[36m(TaskRunnerV1 pid=8235)[0m Training Progress:  85%|████████▌ | 153/180 [6:22:22<1:06:29, 147.76s/it]
[36m(RewardLoopWorker pid=11943)[0m ERROR:2026-07-08 18:46:45,462:Unable to detect language for text 1. 
[36m(RewardLoopWorker pid=11943)[0m 
[36m(RewardLoopWorker pid=11943)[0m   2. 
[36m(RewardLoopWorker pid=11943)[0m 
[36m(RewardLoopWorker pid=11943)[0m   3. 
[36m(RewardLoopWorker pid=11943)[0m 
[36m(RewardLoopWorker pid=11943)[0m   4. 
[36m(RewardLoopWorker pid=11943)[0m 
[36m(RewardLoopWorker pid=11943)[0m   5. 
[36m(RewardLoopWorker pid=11943)[0m 
[36m(RewardLoopWorker pid=11943)[0m   6. 
[36m(RewardLoopWorker pid=11943)[0m 
[36m(RewardLoopWorker pid=11943)[0m   7. 
[36m(RewardLoopWorker pid=11943)[0m 
[36m(RewardLoopWorker pid=11943)[0m   8. 
[36m(RewardLoopWorker pid=11943)[0m 
[36m(RewardLoopWorker pid=11943)[0m   9. 
[36m(RewardLoopWorker pid=11943)[0m 
[36m(RewardLoopWorker pid=11943)[0m   10. 
[36m(RewardLoopWorker pid=11943)[0m 
[36m(RewardLoopWorker pid=11943)[0m   11. 
[36m(RewardLoopWorker pid=11943)[0m 
[36m(RewardLoopWorker pid=11943)[0m   12. 
[36m(RewardLoopWorker pid=11943)[0m 
[36m(RewardLoopWorker pid=11943)[0m   13. 
[36m(RewardLoopWorker pid=11943)[0m 
[36m(RewardLoopWorker pid=11943)[0m   14. 
[36m(RewardLoopWorker pid=11943)[0m 
[36m(RewardLoopWorker pid=11943)[0m   15. 
[36m(RewardLoopWorker pid=11943)[0m 
[36m(RewardLoopWorker pid=11943)[0m   16. 
[36m(RewardLoopWorker pid=11943)[0m 
[36m(RewardLoopWorker pid=11943)[0m   17. 
[36m(RewardLoopWorker pid=11943)[0m 
[36m(RewardLoopWorker pid=11943)[0m   18. 
[36m(RewardLoopWorker pid=11943)[0m 
[36m(RewardLoopWorker pid=11943)[0m   19. 
[36m(RewardLoopWorker pid=11943)[0m 
[36m(RewardLoopWorker pid=11943)[0m   20. 
[36m(RewardLoopWorker pid=11943)[0m 
[36m(RewardLoopWorker pid=11943)[0m   21. 
[36m(RewardLoopWorker pid=11943)[0m 
[36m(RewardLoopWorker pid=11943)[0m   22. 
[36m(RewardLoopWorker pid=11943)[0m 
[36m(RewardLoopWorker pid=11943)[0m   23. 
[36m(RewardLoopWorker pid=11943)[0m 
[36m(RewardLoopWorker pid=11943)[0m   24. 
[36m(RewardLoopWorker pid=11943)[0m 
[36m(RewardLoopWorker pid=11943)[0m   25. 
[36m(RewardLoopWorker pid=11943)[0m 
[36m(RewardLoopWorker pid=11943)[0m   26. 
[36m(RewardLoopWorker pid=11943)[0m 
[36m(RewardLoopWorker pid=11943)[0m   27. 
[36m(RewardLoopWorker pid=11943)[0m 
[36m(RewardLoopWorker pid=11943)[0m   28. 
[36m(RewardLoopWorker pid=11943)[0m 
[36m(RewardLoopWorker pid=11943)[0m   29. 
[36m(RewardLoopWorker pid=11943)[0m 
[36m(RewardLoopWorker pid=11943)[0m   30. 
[36m(RewardLoopWorker pid=11943)[0m 
[36m(RewardLoopWorker pid=11943)[0m   31. 
[36m(RewardLoopWorker pid=11943)[0m 
[36m(RewardLoopWorker pid=11943)[0m   32. 
[36m(RewardLoopWorker pid=11943)[0m 
[36m(RewardLoopWorker pid=11943)[0m   33. 
[36m(RewardLoopWorker pid=11943)[0m 
[36m(RewardLoopWorker pid=11943)[0m   34. 
[36m(RewardLoopWorker pid=11943)[0m 
[36m(RewardLoopWorker pid=11943)[0m   35. 
[36m(RewardLoopWorker pid=11943)[0m 
[36m(RewardLoopWorker pid=11943)[0m   36. 
[36m(RewardLoopWorker pid=11943)[0m 
[36m(RewardLoopWorker pid=11943)[0m   37. 
[36m(RewardLoopWorker pid=11943)[0m 
[36m(RewardLoopWorker pid=11943)[0m   38. 
[36m(RewardLoopWorker pid=11943)[0m 
[36m(RewardLoopWorker pid=11943)[0m   39. 
[36m(RewardLoopWorker pid=11943)[0m 
[36m(RewardLoopWorker pid=11943)[0m   40. 
[36m(RewardLoopWorker pid=11943)[0m 
[36m(RewardLoopWorker pid=11943)[0m   41. 
[36m(RewardLoopWorker pid=11943)[0m 
[36m(RewardLoopWorker pid=11943)[0m   42. 
[36m(RewardLoopWorker pid=11943)[0m 
[36m(RewardLoopWorker pid=11943)[0m   43. 
[36m(RewardLoopWorker pid=11943)[0m 
[36m(RewardLoopWorker pid=11943)[0m   44. 
[36m(RewardLoopWorker pid=11943)[0m 
[36m(RewardLoopWorker pid=11943)[0m   45. 
[36m(RewardLoopWorker pid=11943)[0m 
[36m(RewardLoopWorker pid=11943)[0m   46. 
[36m(RewardLoopWorker pid=11943)[0m 
[36m(RewardLoopWorker pid=11943)[0m   47. 
[36m(RewardLoopWorker pid=11943)[0m 
[36m(RewardLoopWorker pid=11943)[0m   48. 
[36m(RewardLoopWorker pid=11943)[0m 
[36m(RewardLoopWorker pid=11943)[0m   49. 
[36m(RewardLoopWorker pid=11943)[0m 
[36m(RewardLoopWorker pid=11943)[0m   50. 
[36m(RewardLoopWorker pid=11943)[0m 
[36m(RewardLoopWorker pid=11943)[0m   51. 
[36m(RewardLoopWorker pid=11943)[0m 
[36m(RewardLoopWorker pid=11943)[0m   52. 
[36m(RewardLoopWorker pid=11943)[0m 
[36m(RewardLoopWorker pid=11943)[0m   53. 
[36m(RewardLoopWorker pid=11943)[0m 
[36m(RewardLoopWorker pid=11943)[0m   54. 
[36m(RewardLoopWorker pid=11943)[0m 
[36m(RewardLoopWorker pid=11943)[0m   55. 
[36m(RewardLoopWorker pid=11943)[0m 
[36m(RewardLoopWorker pid=11943)[0m   56. 
[36m(RewardLoopWorker pid=11943)[0m 
[36m(RewardLoopWorker pid=11943)[0m   57. 
[36m(RewardLoopWorker pid=11943)[0m 
[36m(RewardLoopWorker pid=11943)[0m   58. 
[36m(RewardLoopWorker pid=11943)[0m 
[36m(RewardLoopWorker pid=11943)[0m   59. 
[36m(RewardLoopWorker pid=11943)[0m 
[36m(RewardLoopWorker pid=11943)[0m   60. 
[36m(RewardLoopWorker pid=11943)[0m 
[36m(RewardLoopWorker pid=11943)[0m   61. 
[36m(RewardLoopWorker pid=11943)[0m 
[36m(RewardLoopWorker pid=11943)[0m   62. 
[36m(RewardLoopWorker pid=11943)[0m 
[36m(RewardLoopWorker pid=11943)[0m   63. 
[36m(RewardLoopWorker pid=11943)[0m 
[36m(RewardLoopWorker pid=11943)[0m   64. 
[36m(RewardLoopWorker pid=11943)[0m 
[36m(RewardLoopWorker pid=11943)[0m   65. 
[36m(RewardLoopWorker pid=11943)[0m 
[36m(RewardLoopWorker pid=11943)[0m   66. 
[36m(RewardLoopWorker pid=11943)[0m 
[36m(RewardLoopWorker pid=11943)[0m   67. 
[36m(RewardLoopWorker pid=11943)[0m 
[36m(RewardLoopWorker pid=11943)[0m   68. 
[36m(RewardLoopWorker pid=11943)[0m 
[36m(RewardLoopWorker pid=11943)[0m   69. 
[36m(RewardLoopWorker pid=11943)[0m 
[36m(RewardLoopWorker pid=11943)[0m   70. 
[36m(RewardLoopWorker pid=11943)[0m 
[36m(RewardLoopWorker pid=11943)[0m   71. 
[36m(RewardLoopWorker pid=11943)[0m 
[36m(RewardLoopWorker pid=11943)[0m   72. 
[36m(RewardLoopWorker pid=11943)[0m 
[36m(RewardLoopWorker pid=11943)[0m   73. 
[36m(RewardLoopWorker pid=11943)[0m 
[36m(RewardLoopWorker pid=11943)[0m   74. 
[36m(RewardLoopWorker pid=11943)[0m 
[36m(RewardLoopWorker pid=11943)[0m   75. 
[36m(RewardLoopWorker pid=11943)[0m 
[36m(RewardLoopWorker pid=11943)[0m   76. 
[36m(RewardLoopWorker pid=11943)[0m 
[36m(RewardLoopWorker pid=11943)[0m   77. 
[36m(RewardLoopWorker pid=11943)[0m 
[36m(RewardLoopWorker pid=11943)[0m   78. 
[36m(RewardLoopWorker pid=11943)[0m 
[36m(RewardLoopWorker pid=11943)[0m   79. 
[36m(RewardLoopWorker pid=11943)[0m 
[36m(RewardLoopWorker pid=11943)[0m   80. 
[36m(RewardLoopWorker pid=11943)[0m 
[36m(RewardLoopWorker pid=11943)[0m   81. 
[36m(RewardLoopWorker pid=11943)[0m 
[36m(RewardLoopWorker pid=11943)[0m   82. 
[36m(RewardLoopWorker pid=11943)[0m 
[36m(RewardLoopWorker pid=11943)[0m   83. 
[36m(RewardLoopWorker pid=11943)[0m 
[36m(RewardLoopWorker pid=11943)[0m   84. 
[36m(RewardLoopWorker pid=11943)[0m 
[36m(RewardLoopWorker pid=11943)[0m   85. 
[36m(RewardLoopWorker pid=11943)[0m 
[36m(RewardLoopWorker pid=11943)[0m   86. 
[36m(RewardLoopWorker pid=11943)[0m 
[36m(RewardLoopWorker pid=11943)[0m   87. 
[36m(RewardLoopWorker pid=11943)[0m 
[36m(RewardLoopWorker pid=11943)[0m   88. 
[36m(RewardLoopWorker pid=11943)[0m 
[36m(RewardLoopWorker pid=11943)[0m   89. 
[36m(RewardLoopWorker pid=11943)[0m 
[36m(RewardLoopWorker pid=11943)[0m   90. 
[36m(RewardLoopWorker pid=11943)[0m 
[36m(RewardLoopWorker pid=11943)[0m   91. 
[36m(RewardLoopWorker pid=11943)[0m 
[36m(RewardLoopWorker pid=11943)[0m   92. 
[36m(RewardLoopWorker pid=11943)[0m 
[36m(RewardLoopWorker pid=11943)[0m   93. 
[36m(RewardLoopWorker pid=11943)[0m 
[36m(RewardLoopWorker pid=11943)[0m   94. 
[36m(RewardLoopWorker pid=11943)[0m 
[36m(RewardLoopWorker pid=11943)[0m   95. 
[36m(RewardLoopWorker pid=11943)[0m 
[36m(RewardLoopWorker pid=11943)[0m   96. 
[36m(RewardLoopWorker pid=11943)[0m 
[36m(RewardLoopWorker pid=11943)[0m   97. 
[36m(RewardLoopWorker pid=11943)[0m 
[36m(RewardLoopWorker pid=11943)[0m   98. 
[36m(RewardLoopWorker pid=11943)[0m 
[36m(RewardLoopWorker pid=11943)[0m   99. 
[36m(RewardLoopWorker pid=11943)[0m 
[36m(RewardLoopWorker pid=11943)[0m   100. due to No features in text.
[36m(TransferQueueController pid=9128)[0m 2026-07-08 18:46:51,221 - INFO - transfer_queue.utils.perf_utils - TQ_CONTROLLER_3eaa8a51: [Performance] Total success requests: 20020, Total req/min: 4000.72, Total avg process time: 0.0002s; 
[36m(TransferQueueController pid=9128)[0m Time range: last 5.00 minutes; 
[36m(TransferQueueController pid=9128)[0m Per-operation statistics: KV_RETRIEVE_META: req_count=6919, req/min=1382.67, avg_time=0.000445s, max_time=0.108902s, min_time=0.000212s; CLEAR_META: req_count=5, req/min=1.00, avg_time=0.013062s, max_time=0.021268s, min_time=0.005632s; SET_CUSTOM_META: req_count=6911, req/min=1381.07, avg_time=0.000015s, max_time=0.001613s, min_time=0.000009s; KV_LIST: req_count=35, req/min=6.99, avg_time=0.000939s, max_time=0.001722s, min_time=0.000217s; NOTIFY_DATA_UPDATE: req_count=6148, req/min=1228.59, avg_time=0.000116s, max_time=0.002260s, min_time=0.000084s; KV_RETRIEVE_KEYS: req_count=2, req/min=0.40, avg_time=0.000879s, max_time=0.000955s, min_time=0.000803s
[36m(SimpleStorageUnit pid=9492)[0m Per-operation statistics: CLEAR_DATA: req_count=5, req/min=1.00, avg_time=0.013089s, max_time=0.018474s, min_time=0.006617s; PUT_DATA: req_count=773, req/min=154.50, avg_time=0.009674s, max_time=0.030674s, min_time=0.002813s; GET_DATA: req_count=22, req/min=4.40, avg_time=0.007282s, max_time=0.010211s, min_time=0.004875s
[36m(SimpleStorageUnit pid=9488)[0m 2026-07-08 18:46:56,284 - INFO - transfer_queue.utils.perf_utils - TQ_STORAGE_UNIT_99f20e51: [Performance] Total success requests: 800, Total req/min: 157.25, Total avg process time: 0.0097s; [32m [repeated 5x across cluster][0m
[36m(SimpleStorageUnit pid=9488)[0m Time range: last 5.09 minutes; [32m [repeated 5x across cluster][0m
[36m(SimpleStorageUnit pid=9488)[0m Per-operation statistics: CLEAR_DATA: req_count=5, req/min=0.98, avg_time=0.013275s, max_time=0.018960s, min_time=0.007527s; PUT_DATA: req_count=773, req/min=151.95, avg_time=0.009757s, max_time=0.029613s, min_time=0.002698s; GET_DATA: req_count=22, req/min=4.32, avg_time=0.007241s, max_time=0.010308s, min_time=0.004624s[32m [repeated 4x across cluster][0m
[36m(AgentLoopWorkerTQ pid=15939)[0m /mnt/tier1/project/p201382/erisa/Internship/Cascade2/verl-version/.venv/lib/python3.12/site-packages/pydantic/main.py:475: UserWarning: Pydantic serializer warnings:
[36m(AgentLoopWorkerTQ pid=15939)[0m   PydanticSerializationUnexpectedValue(Expected `float` - serialized value may not be as expected [field_name='reward_score', input_value=tensor(-0.5117), input_type=Tensor])
[36m(AgentLoopWorkerTQ pid=15939)[0m   return self.__pydantic_serializer__.to_python(
[36m(SimpleStorageUnit pid=9491)[0m 2026-07-08 18:47:01,659 - INFO - transfer_queue.utils.perf_utils - TQ_STORAGE_UNIT_8be3c546: [Performance] Total success requests: 799, Total req/min: 154.34, Total avg process time: 0.0097s; [32m [repeated 2x across cluster][0m
[36m(SimpleStorageUnit pid=9491)[0m Time range: last 5.18 minutes; [32m [repeated 2x across cluster][0m
[36m(SimpleStorageUnit pid=9491)[0m Per-operation statistics: CLEAR_DATA: req_count=6, req/min=1.16, avg_time=0.011805s, max_time=0.016253s, min_time=0.007564s; PUT_DATA: req_count=771, req/min=148.93, avg_time=0.009719s, max_time=0.033617s, min_time=0.002680s; GET_DATA: req_count=22, req/min=4.25, avg_time=0.006664s, max_time=0.009588s, min_time=0.004172s[32m [repeated 2x across cluster][0m
[36m(TaskRunnerV1 pid=8235)[0m Training Progress:  86%|████████▌ | 154/180 [6:24:43<1:03:01, 145.44s/it]
[36m(SimpleStorageUnit pid=9493)[0m 2026-07-08 18:47:01,659 - INFO - transfer_queue.utils.perf_utils - TQ_STORAGE_UNIT_c67b05a2: [Performance] Total success requests: 812, Total req/min: 156.85, Total avg process time: 0.0096s; 
[36m(SimpleStorageUnit pid=9493)[0m Time range: last 5.18 minutes; 
[36m(SimpleStorageUnit pid=9493)[0m Per-operation statistics: CLEAR_DATA: req_count=6, req/min=1.16, avg_time=0.012930s, max_time=0.019964s, min_time=0.007099s; PUT_DATA: req_count=784, req/min=151.44, avg_time=0.009677s, max_time=0.018132s, min_time=0.002738s; GET_DATA: req_count=22, req/min=4.25, avg_time=0.007226s, max_time=0.010531s, min_time=0.004861s
[36m(AgentLoopWorkerTQ pid=15797)[0m /mnt/tier1/project/p201382/erisa/Internship/Cascade2/verl-version/.venv/lib/python3.12/site-packages/pydantic/main.py:475: UserWarning: Pydantic serializer warnings:
[36m(AgentLoopWorkerTQ pid=15797)[0m   PydanticSerializationUnexpectedValue(Expected `float` - serialized value may not be as expected [field_name='reward_score', input_value=tensor(-0.1816), input_type=Tensor])
[36m(AgentLoopWorkerTQ pid=15797)[0m   return self.__pydantic_serializer__.to_python(
[36m(TaskRunnerV1 pid=8235)[0m Training Progress:  86%|████████▌ | 155/180 [6:27:05<1:00:14, 144.58s/it]
[36m(TransferQueueController pid=9128)[0m 2026-07-08 18:52:05,714 - INFO - transfer_queue.utils.perf_utils - TQ_CONTROLLER_3eaa8a51: [Performance] Total success requests: 13439, Total req/min: 2563.94, Total avg process time: 0.0002s; 
[36m(TransferQueueController pid=9128)[0m Time range: last 5.24 minutes; 
[36m(TransferQueueController pid=9128)[0m Per-operation statistics: NOTIFY_DATA_UPDATE: req_count=4117, req/min=785.45, avg_time=0.000128s, max_time=0.009236s, min_time=0.000086s; SET_CUSTOM_META: req_count=4638, req/min=884.85, avg_time=0.000016s, max_time=0.000732s, min_time=0.000009s; KV_RETRIEVE_META: req_count=4645, req/min=886.19, avg_time=0.000558s, max_time=0.129073s, min_time=0.000212s; KV_LIST: req_count=32, req/min=6.11, avg_time=0.001072s, max_time=0.001595s, min_time=0.000184s; CLEAR_META: req_count=5, req/min=0.95, avg_time=0.011362s, max_time=0.019397s, min_time=0.006482s; KV_RETRIEVE_KEYS: req_count=2, req/min=0.38, avg_time=0.000726s, max_time=0.000800s, min_time=0.000653s
[36m(SimpleStorageUnit pid=9489)[0m Per-operation statistics: CLEAR_DATA: req_count=5, req/min=0.98, avg_time=0.013460s, max_time=0.022747s, min_time=0.008707s; GET_DATA: req_count=26, req/min=5.10, avg_time=0.008294s, max_time=0.010859s, min_time=0.003722s; PUT_DATA: req_count=517, req/min=101.37, avg_time=0.009796s, max_time=0.026530s, min_time=0.002843s
[36m(SimpleStorageUnit pid=9490)[0m Per-operation statistics: PUT_DATA: req_count=524, req/min=100.98, avg_time=0.010091s, max_time=0.028301s, min_time=0.002767s; CLEAR_DATA: req_count=5, req/min=0.96, avg_time=0.012466s, max_time=0.017857s, min_time=0.008355s; GET_DATA: req_count=26, req/min=5.01, avg_time=0.008183s, max_time=0.011833s, min_time=0.003204s
[36m(SimpleStorageUnit pid=9491)[0m Per-operation statistics: GET_DATA: req_count=26, req/min=5.13, avg_time=0.008151s, max_time=0.011383s, min_time=0.003781s; PUT_DATA: req_count=497, req/min=98.08, avg_time=0.009988s, max_time=0.026981s, min_time=0.002697s; CLEAR_DATA: req_count=4, req/min=0.79, avg_time=0.013796s, max_time=0.019587s, min_time=0.009197s
[36m(TaskRunnerV1 pid=8235)[0m Training Progress:  87%|████████▋ | 156/180 [6:29:28<57:37, 144.07s/it]  
[36m(SimpleStorageUnit pid=9493)[0m 2026-07-08 18:52:05,685 - INFO - transfer_queue.utils.perf_utils - TQ_STORAGE_UNIT_c67b05a2: [Performance] Total success requests: 572, Total req/min: 112.89, Total avg process time: 0.0094s; [32m [repeated 8x across cluster][0m
[36m(SimpleStorageUnit pid=9493)[0m Time range: last 5.07 minutes; [32m [repeated 8x across cluster][0m
[36m(SimpleStorageUnit pid=9486)[0m Per-operation statistics: CLEAR_DATA: req_count=5, req/min=0.97, avg_time=0.013093s, max_time=0.019685s, min_time=0.008293s; GET_DATA: req_count=26, req/min=5.03, avg_time=0.008210s, max_time=0.012619s, min_time=0.005055s; PUT_DATA: req_count=525, req/min=101.65, avg_time=0.009804s, max_time=0.019009s, min_time=0.002835s[32m [repeated 4x across cluster][0m
[36m(SimpleStorageUnit pid=9493)[0m Per-operation statistics: GET_DATA: req_count=26, req/min=5.13, avg_time=0.008000s, max_time=0.010189s, min_time=0.004295s; PUT_DATA: req_count=542, req/min=106.96, avg_time=0.009371s, max_time=0.023793s, min_time=0.002780s; CLEAR_DATA: req_count=4, req/min=0.79, avg_time=0.015332s, max_time=0.025154s, min_time=0.009232s
[36m(AgentLoopWorkerTQ pid=15937)[0m /mnt/tier1/project/p201382/erisa/Internship/Cascade2/verl-version/.venv/lib/python3.12/site-packages/pydantic/main.py:475: UserWarning: Pydantic serializer warnings:
[36m(AgentLoopWorkerTQ pid=15937)[0m   PydanticSerializationUnexpectedValue(Expected `float` - serialized value may not be as expected [field_name='reward_score', input_value=tensor(-0.0312), input_type=Tensor])
[36m(AgentLoopWorkerTQ pid=15937)[0m   return self.__pydantic_serializer__.to_python(
[36m(TaskRunnerV1 pid=8235)[0m Training Progress:  87%|████████▋ | 157/180 [6:31:52<55:10, 143.93s/it]
[36m(TransferQueueController pid=9128)[0m 2026-07-08 18:58:33,877 - INFO - transfer_queue.utils.perf_utils - TQ_CONTROLLER_3eaa8a51: [Performance] Total success requests: 13410, Total req/min: 2072.84, Total avg process time: 0.0003s; 
[36m(TransferQueueController pid=9128)[0m Time range: last 6.47 minutes; 
[36m(TransferQueueController pid=9128)[0m Per-operation statistics: NOTIFY_DATA_UPDATE: req_count=4113, req/min=635.76, avg_time=0.000119s, max_time=0.002215s, min_time=0.000086s; SET_CUSTOM_META: req_count=4628, req/min=715.37, avg_time=0.000015s, max_time=0.000625s, min_time=0.000009s; KV_RETRIEVE_KEYS: req_count=3, req/min=0.46, avg_time=0.000743s, max_time=0.000884s, min_time=0.000657s; KV_RETRIEVE_META: req_count=4634, req/min=716.30, avg_time=0.000685s, max_time=0.475591s, min_time=0.000211s; CLEAR_META: req_count=4, req/min=0.62, avg_time=0.012326s, max_time=0.019499s, min_time=0.006005s; KV_LIST: req_count=28, req/min=4.33, avg_time=0.001088s, max_time=0.002028s, min_time=0.000200s
[36m(SimpleStorageUnit pid=9489)[0m Per-operation statistics: PUT_DATA: req_count=535, req/min=82.68, avg_time=0.008056s, max_time=0.017762s, min_time=0.002728s; GET_DATA: req_count=29, req/min=4.48, avg_time=0.007603s, max_time=0.009628s, min_time=0.004713s; CLEAR_DATA: req_count=4, req/min=0.62, avg_time=0.014243s, max_time=0.022519s, min_time=0.006894s
[36m(TaskRunnerV1 pid=8235)[0m Training Progress:  88%|████████▊ | 158/180 [6:34:21<53:20, 145.46s/it]
[36m(TaskRunnerV1 pid=8235)[0m Training Progress:  88%|████████▊ | 159/180 [6:36:47<51:00, 145.72s/it]
[36m(SimpleStorageUnit pid=9493)[0m 2026-07-08 18:58:33,937 - INFO - transfer_queue.utils.perf_utils - TQ_STORAGE_UNIT_c67b05a2: [Performance] Total success requests: 555, Total req/min: 85.77, Total avg process time: 0.0080s; [32m [repeated 8x across cluster][0m
[36m(SimpleStorageUnit pid=9493)[0m Time range: last 6.47 minutes; [32m [repeated 8x across cluster][0m
[36m(SimpleStorageUnit pid=9493)[0m Per-operation statistics: PUT_DATA: req_count=522, req/min=80.67, avg_time=0.007970s, max_time=0.017156s, min_time=0.002780s; GET_DATA: req_count=29, req/min=4.48, avg_time=0.007464s, max_time=0.010048s, min_time=0.004542s; CLEAR_DATA: req_count=4, req/min=0.62, avg_time=0.014023s, max_time=0.024447s, min_time=0.006867s[32m [repeated 7x across cluster][0m
[36m(WorkerDict pid=10580)[0m /mnt/tier1/project/p201382/erisa/Internship/Cascade2/verl-version/verl/verl/plugin/platform/platform_cuda.py:99: FutureWarning: torch.cuda._set_allocator_settings is deprecated. Use torch._C._accelerator_setAllocatorSettings instead.
[36m(WorkerDict pid=10580)[0m   torch.cuda.memory._set_allocator_settings(settings)
[36m(TransferQueueController pid=9128)[0m 2026-07-08 19:03:33,878 - INFO - transfer_queue.utils.perf_utils - TQ_CONTROLLER_3eaa8a51: [Performance] Total success requests: 18781, Total req/min: 3756.19, Total avg process time: 0.0002s; 
[36m(TransferQueueController pid=9128)[0m Time range: last 5.00 minutes; 
[36m(TransferQueueController pid=9128)[0m Per-operation statistics: KV_RETRIEVE_META: req_count=7235, req/min=1447.00, avg_time=0.000400s, max_time=0.100947s, min_time=0.000194s; CLEAR_META: req_count=4, req/min=0.80, avg_time=0.011345s, max_time=0.017089s, min_time=0.005265s; SET_CUSTOM_META: req_count=7229, req/min=1445.80, avg_time=0.000014s, max_time=0.000574s, min_time=0.000009s; KV_LIST: req_count=28, req/min=5.60, avg_time=0.001108s, max_time=0.003191s, min_time=0.000140s; NOTIFY_DATA_UPDATE: req_count=4283, req/min=856.60, avg_time=0.000126s, max_time=0.009443s, min_time=0.000085s; KV_RETRIEVE_KEYS: req_count=2, req/min=0.40, avg_time=0.000732s, max_time=0.000751s, min_time=0.000712s
[36m(WorkerDict pid=10578)[0m /mnt/tier1/project/p201382/erisa/Internship/Cascade2/verl-version/verl/verl/plugin/platform/platform_cuda.py:99: FutureWarning: torch.cuda._set_allocator_settings is deprecated. Use torch._C._accelerator_setAllocatorSettings instead.[32m [repeated 3x across cluster][0m
[36m(WorkerDict pid=10578)[0m   torch.cuda.memory._set_allocator_settings(settings)[32m [repeated 3x across cluster][0m
[36m(SimpleStorageUnit pid=9489)[0m Per-operation statistics: CLEAR_DATA: req_count=4, req/min=0.80, avg_time=0.013426s, max_time=0.018252s, min_time=0.008398s; PUT_DATA: req_count=561, req/min=112.19, avg_time=0.009051s, max_time=0.017132s, min_time=0.002919s; GET_DATA: req_count=21, req/min=4.20, avg_time=0.007089s, max_time=0.010342s, min_time=0.004119s
[36m(TaskRunnerV1 pid=8235)[0m Training Progress:  89%|████████▉ | 160/180 [6:40:00<53:15, 159.79s/it]
[36m(SimpleStorageUnit pid=9493)[0m 2026-07-08 19:03:33,976 - INFO - transfer_queue.utils.perf_utils - TQ_STORAGE_UNIT_c67b05a2: [Performance] Total success requests: 567, Total req/min: 113.39, Total avg process time: 0.0089s; [32m [repeated 8x across cluster][0m
[36m(SimpleStorageUnit pid=9493)[0m Time range: last 5.00 minutes; [32m [repeated 8x across cluster][0m
[36m(SimpleStorageUnit pid=9493)[0m Per-operation statistics: CLEAR_DATA: req_count=4, req/min=0.80, avg_time=0.012170s, max_time=0.015851s, min_time=0.008441s; PUT_DATA: req_count=542, req/min=108.39, avg_time=0.008962s, max_time=0.016553s, min_time=0.002701s; GET_DATA: req_count=21, req/min=4.20, avg_time=0.006583s, max_time=0.010033s, min_time=0.003064s[32m [repeated 7x across cluster][0m
[36m(RewardLoopWorker pid=11944)[0m ERROR:2026-07-08 19:04:19,340:Unable to detect language for text [1/5][1/5] due to No features in text.
[36m(AgentLoopWorkerTQ pid=15943)[0m /mnt/tier1/project/p201382/erisa/Internship/Cascade2/verl-version/.venv/lib/python3.12/site-packages/pydantic/main.py:475: UserWarning: Pydantic serializer warnings:
[36m(AgentLoopWorkerTQ pid=15943)[0m   PydanticSerializationUnexpectedValue(Expected `float` - serialized value may not be as expected [field_name='reward_score', input_value=tensor(-0.0977), input_type=Tensor])
[36m(AgentLoopWorkerTQ pid=15943)[0m   return self.__pydantic_serializer__.to_python(
[36m(RewardLoopWorker pid=11939)[0m ERROR:2026-07-08 19:04:20,333:Unable to detect language for text [1/50] due to No features in text.[32m [repeated 3x across cluster][0m
[36m(TaskRunnerV1 pid=8235)[0m Training Progress:  89%|████████▉ | 161/180 [6:42:20<48:47, 154.06s/it]
[36m(AgentLoopWorkerTQ pid=15938)[0m /mnt/tier1/project/p201382/erisa/Internship/Cascade2/verl-version/.venv/lib/python3.12/site-packages/pydantic/main.py:475: UserWarning: Pydantic serializer warnings:
[36m(AgentLoopWorkerTQ pid=15938)[0m   PydanticSerializationUnexpectedValue(Expected `float` - serialized value may not be as expected [field_name='reward_score', input_value=tensor(0.3203), input_type=Tensor])
[36m(AgentLoopWorkerTQ pid=15938)[0m   return self.__pydantic_serializer__.to_python(
[36m(RewardLoopWorker pid=11938)[0m ERROR:2026-07-08 19:06:38,257:Unable to detect language for text 15 %, 5 € due to No features in text.
[36m(RewardLoopWorker pid=11943)[0m ERROR:2026-07-08 19:06:40,658:Unable to detect language for text ****** 1. ****** ****** due to No features in text.
[36m(AgentLoopWorkerTQ pid=15944)[0m /mnt/tier1/project/p201382/erisa/Internship/Cascade2/verl-version/.venv/lib/python3.12/site-packages/pydantic/main.py:475: UserWarning: Pydantic serializer warnings:
[36m(AgentLoopWorkerTQ pid=15944)[0m   PydanticSerializationUnexpectedValue(Expected `float` - serialized value may not be as expected [field_name='reward_score', input_value=tensor(-0.3945), input_type=Tensor])
[36m(AgentLoopWorkerTQ pid=15944)[0m   return self.__pydantic_serializer__.to_python(
[36m(TransferQueueController pid=9128)[0m 2026-07-08 19:08:56,298 - INFO - transfer_queue.utils.perf_utils - TQ_CONTROLLER_3eaa8a51: [Performance] Total success requests: 23819, Total req/min: 4432.54, Total avg process time: 0.0002s; 
[36m(TransferQueueController pid=9128)[0m Time range: last 5.37 minutes; 
[36m(TransferQueueController pid=9128)[0m Per-operation statistics: KV_RETRIEVE_META: req_count=8794, req/min=1636.50, avg_time=0.000433s, max_time=0.201594s, min_time=0.000195s; NOTIFY_DATA_UPDATE: req_count=6189, req/min=1151.73, avg_time=0.000116s, max_time=0.004233s, min_time=0.000085s; SET_CUSTOM_META: req_count=8784, req/min=1634.64, avg_time=0.000015s, max_time=0.000807s, min_time=0.000009s; KV_LIST: req_count=44, req/min=8.19, avg_time=0.001694s, max_time=0.003657s, min_time=0.000175s; CLEAR_META: req_count=6, req/min=1.12, avg_time=0.011340s, max_time=0.017456s, min_time=0.005182s; KV_RETRIEVE_KEYS: req_count=2, req/min=0.37, avg_time=0.000723s, max_time=0.000784s, min_time=0.000661s
[36m(SimpleStorageUnit pid=9489)[0m Per-operation statistics: PUT_DATA: req_count=774, req/min=144.04, avg_time=0.009127s, max_time=0.017484s, min_time=0.002734s; CLEAR_DATA: req_count=6, req/min=1.12, avg_time=0.014643s, max_time=0.021251s, min_time=0.007795s; GET_DATA: req_count=25, req/min=4.65, avg_time=0.007631s, max_time=0.009869s, min_time=0.004293s
[36m(TaskRunnerV1 pid=8235)[0m Training Progress:  90%|█████████ | 162/180 [6:44:42<45:08, 150.46s/it]
[36m(TaskRunnerV1 pid=8235)[0m Training Progress:  91%|█████████ | 163/180 [6:47:07<42:11, 148.89s/it]
[36m(SimpleStorageUnit pid=9493)[0m 2026-07-08 19:08:56,364 - INFO - transfer_queue.utils.perf_utils - TQ_STORAGE_UNIT_c67b05a2: [Performance] Total success requests: 828, Total req/min: 154.10, Total avg process time: 0.0089s; [32m [repeated 8x across cluster][0m
[36m(SimpleStorageUnit pid=9493)[0m Time range: last 5.37 minutes; [32m [repeated 8x across cluster][0m
[36m(SimpleStorageUnit pid=9493)[0m Per-operation statistics: PUT_DATA: req_count=797, req/min=148.33, avg_time=0.008873s, max_time=0.018750s, min_time=0.002692s; CLEAR_DATA: req_count=6, req/min=1.12, avg_time=0.013474s, max_time=0.019497s, min_time=0.007788s; GET_DATA: req_count=25, req/min=4.65, avg_time=0.007221s, max_time=0.009629s, min_time=0.003521s[32m [repeated 7x across cluster][0m
[36m(TaskRunnerV1 pid=8235)[0m Training Progress:  91%|█████████ | 164/180 [6:49:29<39:04, 146.56s/it]
[36m(RewardLoopWorker pid=11937)[0m ERROR:2026-07-08 19:13:44,652:Unable to detect language for text 0,0,1 due to No features in text.
[36m(TransferQueueController pid=9128)[0m 2026-07-08 19:13:56,348 - INFO - transfer_queue.utils.perf_utils - TQ_CONTROLLER_3eaa8a51: [Performance] Total success requests: 19983, Total req/min: 3995.93, Total avg process time: 0.0002s; 
[36m(TransferQueueController pid=9128)[0m Time range: last 5.00 minutes; 
[36m(TransferQueueController pid=9128)[0m Per-operation statistics: KV_RETRIEVE_META: req_count=6906, req/min=1380.97, avg_time=0.000440s, max_time=0.085696s, min_time=0.000210s; CLEAR_META: req_count=5, req/min=1.00, avg_time=0.012731s, max_time=0.021256s, min_time=0.006151s; SET_CUSTOM_META: req_count=6898, req/min=1379.37, avg_time=0.000016s, max_time=0.000651s, min_time=0.000009s; KV_LIST: req_count=34, req/min=6.80, avg_time=0.001019s, max_time=0.001947s, min_time=0.000244s; NOTIFY_DATA_UPDATE: req_count=6138, req/min=1227.39, avg_time=0.000125s, max_time=0.009822s, min_time=0.000087s; KV_RETRIEVE_KEYS: req_count=2, req/min=0.40, avg_time=0.000706s, max_time=0.000760s, min_time=0.000652s
[36m(SimpleStorageUnit pid=9492)[0m Per-operation statistics: CLEAR_DATA: req_count=5, req/min=1.00, avg_time=0.014587s, max_time=0.019595s, min_time=0.007832s; PUT_DATA: req_count=780, req/min=155.91, avg_time=0.008293s, max_time=0.018202s, min_time=0.002730s; GET_DATA: req_count=22, req/min=4.40, avg_time=0.007802s, max_time=0.010913s, min_time=0.003202s
[36m(SimpleStorageUnit pid=9489)[0m 2026-07-08 19:14:08,301 - INFO - transfer_queue.utils.perf_utils - TQ_STORAGE_UNIT_0d563503: [Performance] Total success requests: 816, Total req/min: 156.96, Total avg process time: 0.0084s; [32m [repeated 6x across cluster][0m
[36m(SimpleStorageUnit pid=9489)[0m Time range: last 5.20 minutes; [32m [repeated 6x across cluster][0m
[36m(SimpleStorageUnit pid=9489)[0m Per-operation statistics: CLEAR_DATA: req_count=5, req/min=0.96, avg_time=0.013429s, max_time=0.019925s, min_time=0.007246s; PUT_DATA: req_count=789, req/min=151.76, avg_time=0.008388s, max_time=0.018734s, min_time=0.002717s; GET_DATA: req_count=22, req/min=4.23, avg_time=0.007800s, max_time=0.013336s, min_time=0.004210s[32m [repeated 5x across cluster][0m
[36m(TaskRunnerV1 pid=8235)[0m Training Progress:  92%|█████████▏| 165/180 [6:51:54<36:34, 146.27s/it]
[36m(SimpleStorageUnit pid=9487)[0m 2026-07-08 19:14:09,836 - INFO - transfer_queue.utils.perf_utils - TQ_STORAGE_UNIT_966f8cc4: [Performance] Total success requests: 820, Total req/min: 156.95, Total avg process time: 0.0081s; [32m [repeated 2x across cluster][0m
[36m(SimpleStorageUnit pid=9487)[0m Time range: last 5.22 minutes; [32m [repeated 2x across cluster][0m
[36m(SimpleStorageUnit pid=9487)[0m Per-operation statistics: CLEAR_DATA: req_count=6, req/min=1.15, avg_time=0.012474s, max_time=0.019011s, min_time=0.007107s; PUT_DATA: req_count=792, req/min=151.59, avg_time=0.008047s, max_time=0.020348s, min_time=0.002880s; GET_DATA: req_count=22, req/min=4.21, avg_time=0.008065s, max_time=0.014031s, min_time=0.003894s[32m [repeated 2x across cluster][0m
[36m(AgentLoopWorkerTQ pid=15937)[0m /mnt/tier1/project/p201382/erisa/Internship/Cascade2/verl-version/.venv/lib/python3.12/site-packages/pydantic/main.py:475: UserWarning: Pydantic serializer warnings:
[36m(AgentLoopWorkerTQ pid=15937)[0m   PydanticSerializationUnexpectedValue(Expected `float` - serialized value may not be as expected [field_name='reward_score', input_value=tensor(-0.1270), input_type=Tensor])
[36m(AgentLoopWorkerTQ pid=15937)[0m   return self.__pydantic_serializer__.to_python(
[36m(TaskRunnerV1 pid=8235)[0m Training Progress:  92%|█████████▏| 166/180 [6:54:13<33:37, 144.12s/it]
[36m(RewardLoopWorker pid=11944)[0m ERROR:2026-07-08 19:18:33,602:Unable to detect language for text 1. 
[36m(RewardLoopWorker pid=11944)[0m 2.  
[36m(RewardLoopWorker pid=11944)[0m 3.  
[36m(RewardLoopWorker pid=11944)[0m 4.  
[36m(RewardLoopWorker pid=11944)[0m 5.  
[36m(RewardLoopWorker pid=11944)[0m 6.  
[36m(RewardLoopWorker pid=11944)[0m 7.  
[36m(RewardLoopWorker pid=11944)[0m 8.  
[36m(RewardLoopWorker pid=11944)[0m 9.  
[36m(RewardLoopWorker pid=11944)[0m 10. 
[36m(RewardLoopWorker pid=11944)[0m 11.  
[36m(RewardLoopWorker pid=11944)[0m 12.  
[36m(RewardLoopWorker pid=11944)[0m 13.  
[36m(RewardLoopWorker pid=11944)[0m 14.  
[36m(RewardLoopWorker pid=11944)[0m 15.  
[36m(RewardLoopWorker pid=11944)[0m 16.  
[36m(RewardLoopWorker pid=11944)[0m 17.  
[36m(RewardLoopWorker pid=11944)[0m 18. 
[36m(RewardLoopWorker pid=11944)[0m 19.  
[36m(RewardLoopWorker pid=11944)[0m 20.  
[36m(RewardLoopWorker pid=11944)[0m 21.  
[36m(RewardLoopWorker pid=11944)[0m 22.  
[36m(RewardLoopWorker pid=11944)[0m 23.  
[36m(RewardLoopWorker pid=11944)[0m 24.  
[36m(RewardLoopWorker pid=11944)[0m 25.  
[36m(RewardLoopWorker pid=11944)[0m 26.  
[36m(RewardLoopWorker pid=11944)[0m 27.  
[36m(RewardLoopWorker pid=11944)[0m 28.  
[36m(RewardLoopWorker pid=11944)[0m 29.  
[36m(RewardLoopWorker pid=11944)[0m 30. due to No features in text.
[36m(SimpleStorageUnit pid=9489)[0m 2026-07-08 19:19:16,001 - INFO - transfer_queue.utils.perf_utils - TQ_STORAGE_UNIT_0d563503: [Performance] Total success requests: 567, Total req/min: 110.56, Total avg process time: 0.0095s; 
[36m(SimpleStorageUnit pid=9489)[0m Time range: last 5.13 minutes; 
[36m(SimpleStorageUnit pid=9489)[0m Per-operation statistics: CLEAR_DATA: req_count=5, req/min=0.97, avg_time=0.011987s, max_time=0.019828s, min_time=0.007096s; GET_DATA: req_count=26, req/min=5.07, avg_time=0.007216s, max_time=0.009596s, min_time=0.005028s; PUT_DATA: req_count=536, req/min=104.52, avg_time=0.009635s, max_time=0.022791s, min_time=0.002738s
[36m(SimpleStorageUnit pid=9490)[0m Per-operation statistics: GET_DATA: req_count=26, req/min=5.10, avg_time=0.007112s, max_time=0.009904s, min_time=0.003926s; PUT_DATA: req_count=511, req/min=100.14, avg_time=0.009741s, max_time=0.017853s, min_time=0.002983s; CLEAR_DATA: req_count=4, req/min=0.78, avg_time=0.013154s, max_time=0.018075s, min_time=0.008407s
[36m(SimpleStorageUnit pid=9492)[0m Per-operation statistics: PUT_DATA: req_count=534, req/min=100.29, avg_time=0.009477s, max_time=0.019562s, min_time=0.002757s; CLEAR_DATA: req_count=5, req/min=0.94, avg_time=0.011482s, max_time=0.018678s, min_time=0.006215s; GET_DATA: req_count=26, req/min=4.88, avg_time=0.007015s, max_time=0.009385s, min_time=0.004681s
[36m(TransferQueueController pid=9128)[0m Per-operation statistics: NOTIFY_DATA_UPDATE: req_count=4127, req/min=774.58, avg_time=0.000122s, max_time=0.005449s, min_time=0.000086s; SET_CUSTOM_META: req_count=4651, req/min=872.93, avg_time=0.000015s, max_time=0.000606s, min_time=0.000009s; KV_RETRIEVE_META: req_count=4658, req/min=874.24, avg_time=0.000662s, max_time=0.570213s, min_time=0.000212s; KV_LIST: req_count=33, req/min=6.19, avg_time=0.001078s, max_time=0.001857s, min_time=0.000155s; CLEAR_META: req_count=5, req/min=0.94, avg_time=0.010640s, max_time=0.016805s, min_time=0.006347s; KV_RETRIEVE_KEYS: req_count=2, req/min=0.38, avg_time=0.000680s, max_time=0.000829s, min_time=0.000532s
[36m(TaskRunnerV1 pid=8235)[0m Training Progress:  93%|█████████▎| 167/180 [6:56:39<31:19, 144.55s/it]
[36m(TransferQueueController pid=9128)[0m 2026-07-08 19:19:16,031 - INFO - transfer_queue.utils.perf_utils - TQ_CONTROLLER_3eaa8a51: [Performance] Total success requests: 13476, Total req/min: 2529.26, Total avg process time: 0.0003s; [32m [repeated 8x across cluster][0m
[36m(TransferQueueController pid=9128)[0m Time range: last 5.33 minutes; [32m [repeated 8x across cluster][0m
[36m(SimpleStorageUnit pid=9487)[0m Per-operation statistics: GET_DATA: req_count=26, req/min=5.10, avg_time=0.007007s, max_time=0.008992s, min_time=0.003633s; PUT_DATA: req_count=516, req/min=101.12, avg_time=0.009830s, max_time=0.019472s, min_time=0.002699s; CLEAR_DATA: req_count=4, req/min=0.78, avg_time=0.011854s, max_time=0.016022s, min_time=0.008010s
[36m(SimpleStorageUnit pid=9493)[0m Per-operation statistics: PUT_DATA: req_count=517, req/min=97.09, avg_time=0.009742s, max_time=0.020486s, min_time=0.002770s; CLEAR_DATA: req_count=5, req/min=0.94, avg_time=0.011864s, max_time=0.018388s, min_time=0.006987s; GET_DATA: req_count=26, req/min=4.88, avg_time=0.007004s, max_time=0.009343s, min_time=0.003629s[32m [repeated 4x across cluster][0m
[36m(TaskRunnerV1 pid=8235)[0m Training Progress:  93%|█████████▎| 168/180 [6:59:01<28:47, 143.92s/it]
[36m(TransferQueueController pid=9128)[0m 2026-07-08 19:25:43,869 - INFO - transfer_queue.utils.perf_utils - TQ_CONTROLLER_3eaa8a51: [Performance] Total success requests: 13410, Total req/min: 2074.57, Total avg process time: 0.0003s; 
[36m(TransferQueueController pid=9128)[0m Time range: last 6.46 minutes; 
[36m(TransferQueueController pid=9128)[0m Per-operation statistics: NOTIFY_DATA_UPDATE: req_count=4113, req/min=636.30, avg_time=0.000124s, max_time=0.012952s, min_time=0.000086s; SET_CUSTOM_META: req_count=4628, req/min=715.97, avg_time=0.000016s, max_time=0.000696s, min_time=0.000009s; KV_RETRIEVE_KEYS: req_count=3, req/min=0.46, avg_time=0.000756s, max_time=0.000818s, min_time=0.000695s; KV_RETRIEVE_META: req_count=4634, req/min=716.90, avg_time=0.000601s, max_time=0.088323s, min_time=0.000212s; CLEAR_META: req_count=4, req/min=0.62, avg_time=0.011302s, max_time=0.018001s, min_time=0.006192s; KV_LIST: req_count=28, req/min=4.33, avg_time=0.001072s, max_time=0.001435s, min_time=0.000138s
[36m(SimpleStorageUnit pid=9489)[0m Per-operation statistics: PUT_DATA: req_count=537, req/min=82.92, avg_time=0.009171s, max_time=0.017679s, min_time=0.002817s; GET_DATA: req_count=29, req/min=4.48, avg_time=0.007236s, max_time=0.009310s, min_time=0.005440s; CLEAR_DATA: req_count=4, req/min=0.62, avg_time=0.012330s, max_time=0.020696s, min_time=0.007473s
[36m(TaskRunnerV1 pid=8235)[0m Training Progress:  94%|█████████▍| 169/180 [7:01:30<26:40, 145.48s/it]
[36m(AgentLoopWorkerTQ pid=15943)[0m /mnt/tier1/project/p201382/erisa/Internship/Cascade2/verl-version/.venv/lib/python3.12/site-packages/pydantic/main.py:475: UserWarning: Pydantic serializer warnings:
[36m(AgentLoopWorkerTQ pid=15943)[0m   PydanticSerializationUnexpectedValue(Expected `float` - serialized value may not be as expected [field_name='reward_score', input_value=tensor(-0.2363), input_type=Tensor])
[36m(AgentLoopWorkerTQ pid=15943)[0m   return self.__pydantic_serializer__.to_python(
[36m(SimpleStorageUnit pid=9493)[0m 2026-07-08 19:25:44,577 - INFO - transfer_queue.utils.perf_utils - TQ_STORAGE_UNIT_c67b05a2: [Performance] Total success requests: 560, Total req/min: 86.47, Total avg process time: 0.0087s; [32m [repeated 8x across cluster][0m
[36m(SimpleStorageUnit pid=9493)[0m Time range: last 6.48 minutes; [32m [repeated 8x across cluster][0m
[36m(SimpleStorageUnit pid=9493)[0m Per-operation statistics: PUT_DATA: req_count=527, req/min=81.37, avg_time=0.008730s, max_time=0.016352s, min_time=0.002665s; GET_DATA: req_count=29, req/min=4.48, avg_time=0.007061s, max_time=0.008674s, min_time=0.004187s; CLEAR_DATA: req_count=4, req/min=0.62, avg_time=0.013491s, max_time=0.023178s, min_time=0.006380s[32m [repeated 7x across cluster][0m
[36m(WorkerDict pid=10580)[0m /mnt/tier1/project/p201382/erisa/Internship/Cascade2/verl-version/verl/verl/plugin/platform/platform_cuda.py:99: FutureWarning: torch.cuda._set_allocator_settings is deprecated. Use torch._C._accelerator_setAllocatorSettings instead.
[36m(WorkerDict pid=10580)[0m   torch.cuda.memory._set_allocator_settings(settings)
[36m(TaskRunnerV1 pid=8235)[0m Training Progress:  94%|█████████▍| 170/180 [7:04:31<25:59, 155.98s/it]
[36m(WorkerDict pid=10578)[0m /mnt/tier1/project/p201382/erisa/Internship/Cascade2/verl-version/verl/verl/plugin/platform/platform_cuda.py:99: FutureWarning: torch.cuda._set_allocator_settings is deprecated. Use torch._C._accelerator_setAllocatorSettings instead.[32m [repeated 3x across cluster][0m
[36m(WorkerDict pid=10578)[0m   torch.cuda.memory._set_allocator_settings(settings)[32m [repeated 3x across cluster][0m
[36m(AgentLoopWorkerTQ pid=15797)[0m /mnt/tier1/project/p201382/erisa/Internship/Cascade2/verl-version/.venv/lib/python3.12/site-packages/pydantic/main.py:475: UserWarning: Pydantic serializer warnings:
[36m(AgentLoopWorkerTQ pid=15797)[0m   PydanticSerializationUnexpectedValue(Expected `float` - serialized value may not be as expected [field_name='reward_score', input_value=tensor(-0.1855), input_type=Tensor])
[36m(AgentLoopWorkerTQ pid=15797)[0m   return self.__pydantic_serializer__.to_python(
[36m(TransferQueueController pid=9128)[0m 2026-07-08 19:30:59,797 - INFO - transfer_queue.utils.perf_utils - TQ_CONTROLLER_3eaa8a51: [Performance] Total success requests: 29207, Total req/min: 5546.92, Total avg process time: 0.0002s; 
[36m(TransferQueueController pid=9128)[0m Time range: last 5.27 minutes; 
[36m(TransferQueueController pid=9128)[0m Per-operation statistics: KV_RETRIEVE_META: req_count=11401, req/min=2165.25, avg_time=0.000372s, max_time=0.098312s, min_time=0.000193s; CLEAR_META: req_count=6, req/min=1.14, avg_time=0.012440s, max_time=0.015692s, min_time=0.006013s; SET_CUSTOM_META: req_count=11391, req/min=2163.35, avg_time=0.000014s, max_time=0.000724s, min_time=0.000009s; KV_LIST: req_count=43, req/min=8.17, avg_time=0.001801s, max_time=0.003821s, min_time=0.000193s; NOTIFY_DATA_UPDATE: req_count=6364, req/min=1208.63, avg_time=0.000134s, max_time=0.090583s, min_time=0.000084s; KV_RETRIEVE_KEYS: req_count=2, req/min=0.38, avg_time=0.000758s, max_time=0.000890s, min_time=0.000626s
[36m(SimpleStorageUnit pid=9489)[0m Per-operation statistics: CLEAR_DATA: req_count=6, req/min=1.14, avg_time=0.013558s, max_time=0.018686s, min_time=0.007630s; PUT_DATA: req_count=810, req/min=154.15, avg_time=0.009245s, max_time=0.019112s, min_time=0.002691s; GET_DATA: req_count=24, req/min=4.57, avg_time=0.008016s, max_time=0.011067s, min_time=0.003530s
[36m(TaskRunnerV1 pid=8235)[0m Training Progress:  95%|█████████▌| 171/180 [7:06:46<22:26, 149.62s/it]
[36m(AgentLoopWorkerTQ pid=15939)[0m /mnt/tier1/project/p201382/erisa/Internship/Cascade2/verl-version/.venv/lib/python3.12/site-packages/pydantic/main.py:475: UserWarning: Pydantic serializer warnings:
[36m(AgentLoopWorkerTQ pid=15939)[0m   PydanticSerializationUnexpectedValue(Expected `float` - serialized value may not be as expected [field_name='reward_score', input_value=tensor(-0.2910), input_type=Tensor])
[36m(AgentLoopWorkerTQ pid=15939)[0m   return self.__pydantic_serializer__.to_python(
[36m(SimpleStorageUnit pid=9493)[0m 2026-07-08 19:30:59,856 - INFO - transfer_queue.utils.perf_utils - TQ_STORAGE_UNIT_c67b05a2: [Performance] Total success requests: 838, Total req/min: 159.48, Total avg process time: 0.0094s; [32m [repeated 8x across cluster][0m
[36m(SimpleStorageUnit pid=9493)[0m Time range: last 5.25 minutes; [32m [repeated 8x across cluster][0m
[36m(SimpleStorageUnit pid=9493)[0m Per-operation statistics: CLEAR_DATA: req_count=6, req/min=1.14, avg_time=0.013231s, max_time=0.018720s, min_time=0.007982s; PUT_DATA: req_count=808, req/min=153.77, avg_time=0.009410s, max_time=0.019576s, min_time=0.002791s; GET_DATA: req_count=24, req/min=4.57, avg_time=0.007791s, max_time=0.011369s, min_time=0.004844s[32m [repeated 7x across cluster][0m
[36m(TaskRunnerV1 pid=8235)[0m Training Progress:  96%|█████████▌| 172/180 [7:09:09<19:42, 147.82s/it]
[36m(AgentLoopWorkerTQ pid=15943)[0m /mnt/tier1/project/p201382/erisa/Internship/Cascade2/verl-version/.venv/lib/python3.12/site-packages/pydantic/main.py:475: UserWarning: Pydantic serializer warnings:
[36m(AgentLoopWorkerTQ pid=15943)[0m   PydanticSerializationUnexpectedValue(Expected `float` - serialized value may not be as expected [field_name='reward_score', input_value=tensor(-0.4414), input_type=Tensor])
[36m(AgentLoopWorkerTQ pid=15943)[0m   return self.__pydantic_serializer__.to_python(
[36m(TaskRunnerV1 pid=8235)[0m Training Progress:  96%|█████████▌| 173/180 [7:11:37<17:14, 147.74s/it]
[36m(AgentLoopWorkerTQ pid=15944)[0m /mnt/tier1/project/p201382/erisa/Internship/Cascade2/verl-version/.venv/lib/python3.12/site-packages/pydantic/main.py:475: UserWarning: Pydantic serializer warnings:
[36m(AgentLoopWorkerTQ pid=15944)[0m   PydanticSerializationUnexpectedValue(Expected `float` - serialized value may not be as expected [field_name='reward_score', input_value=tensor(-0.2227), input_type=Tensor])
[36m(AgentLoopWorkerTQ pid=15944)[0m   return self.__pydantic_serializer__.to_python(
[36m(RewardLoopWorker pid=11942)[0m ERROR:2026-07-08 19:35:53,153:Unable to detect language for text <https://example.com/error-correction> due to No features in text.
[36m(TransferQueueController pid=9128)[0m 2026-07-08 19:35:59,800 - INFO - transfer_queue.utils.perf_utils - TQ_CONTROLLER_3eaa8a51: [Performance] Total success requests: 19673, Total req/min: 3934.56, Total avg process time: 0.0002s; 
[36m(TransferQueueController pid=9128)[0m Time range: last 5.00 minutes; 
[36m(TransferQueueController pid=9128)[0m Per-operation statistics: KV_RETRIEVE_META: req_count=6830, req/min=1365.99, avg_time=0.000474s, max_time=0.101056s, min_time=0.000211s; CLEAR_META: req_count=5, req/min=1.00, avg_time=0.013414s, max_time=0.020015s, min_time=0.006362s; SET_CUSTOM_META: req_count=6738, req/min=1347.59, avg_time=0.000017s, max_time=0.001248s, min_time=0.000009s; KV_LIST: req_count=32, req/min=6.40, avg_time=0.001031s, max_time=0.002129s, min_time=0.000190s; NOTIFY_DATA_UPDATE: req_count=6066, req/min=1213.19, avg_time=0.000134s, max_time=0.009421s, min_time=0.000085s; KV_RETRIEVE_KEYS: req_count=2, req/min=0.40, avg_time=0.000806s, max_time=0.000903s, min_time=0.000709s
[36m(SimpleStorageUnit pid=9489)[0m Per-operation statistics: CLEAR_DATA: req_count=5, req/min=1.00, avg_time=0.013446s, max_time=0.019701s, min_time=0.005603s; PUT_DATA: req_count=781, req/min=156.20, avg_time=0.008527s, max_time=0.016368s, min_time=0.002708s; GET_DATA: req_count=22, req/min=4.40, avg_time=0.007335s, max_time=0.010802s, min_time=0.003451s
[36m(AgentLoopWorkerTQ pid=15939)[0m /mnt/tier1/project/p201382/erisa/Internship/Cascade2/verl-version/.venv/lib/python3.12/site-packages/pydantic/main.py:475: UserWarning: Pydantic serializer warnings:
[36m(AgentLoopWorkerTQ pid=15939)[0m   PydanticSerializationUnexpectedValue(Expected `float` - serialized value may not be as expected [field_name='reward_score', input_value=tensor(-0.7207), input_type=Tensor])
[36m(AgentLoopWorkerTQ pid=15939)[0m   return self.__pydantic_serializer__.to_python(
[36m(SimpleStorageUnit pid=9487)[0m 2026-07-08 19:36:00,103 - INFO - transfer_queue.utils.perf_utils - TQ_STORAGE_UNIT_966f8cc4: [Performance] Total success requests: 794, Total req/min: 158.67, Total avg process time: 0.0086s; [32m [repeated 8x across cluster][0m
[36m(SimpleStorageUnit pid=9487)[0m Time range: last 5.00 minutes; [32m [repeated 8x across cluster][0m
[36m(SimpleStorageUnit pid=9487)[0m Per-operation statistics: CLEAR_DATA: req_count=5, req/min=1.00, avg_time=0.013946s, max_time=0.020436s, min_time=0.007507s; PUT_DATA: req_count=767, req/min=153.28, avg_time=0.008565s, max_time=0.021995s, min_time=0.002743s; GET_DATA: req_count=22, req/min=4.40, avg_time=0.007417s, max_time=0.010024s, min_time=0.003683s[32m [repeated 7x across cluster][0m
[36m(TaskRunnerV1 pid=8235)[0m Training Progress:  97%|█████████▋| 174/180 [7:13:56<14:31, 145.26s/it]
[36m(AgentLoopWorkerTQ pid=15937)[0m /mnt/tier1/project/p201382/erisa/Internship/Cascade2/verl-version/.venv/lib/python3.12/site-packages/pydantic/main.py:475: UserWarning: Pydantic serializer warnings:
[36m(AgentLoopWorkerTQ pid=15937)[0m   PydanticSerializationUnexpectedValue(Expected `float` - serialized value may not be as expected [field_name='reward_score', input_value=tensor(-0.3359), input_type=Tensor])
[36m(AgentLoopWorkerTQ pid=15937)[0m   return self.__pydantic_serializer__.to_python(
[36m(TaskRunnerV1 pid=8235)[0m Training Progress:  97%|█████████▋| 175/180 [7:16:14<11:55, 143.04s/it]
[36m(RewardLoopWorker pid=11940)[0m ERROR:2026-07-08 19:40:30,954:Unable to detect language for text 1.3.2 due to No features in text.
[36m(RewardLoopWorker pid=11942)[0m ERROR:2026-07-08 19:40:32,101:Unable to detect language for text [^]
[36m(RewardLoopWorker pid=11942)[0m [^]
[36m(RewardLoopWorker pid=11942)[0m [^] due to No features in text.
[36m(TransferQueueController pid=9128)[0m 2026-07-08 19:41:14,891 - INFO - transfer_queue.utils.perf_utils - TQ_CONTROLLER_3eaa8a51: [Performance] Total success requests: 13786, Total req/min: 2625.14, Total avg process time: 0.0002s; 
[36m(TransferQueueController pid=9128)[0m Time range: last 5.25 minutes; 
[36m(TransferQueueController pid=9128)[0m Per-operation statistics: SET_CUSTOM_META: req_count=4811, req/min=916.11, avg_time=0.000015s, max_time=0.000671s, min_time=0.000009s; KV_RETRIEVE_META: req_count=4734, req/min=901.45, avg_time=0.000537s, max_time=0.105748s, min_time=0.000212s; NOTIFY_DATA_UPDATE: req_count=4199, req/min=799.58, avg_time=0.000123s, max_time=0.004599s, min_time=0.000085s; KV_LIST: req_count=35, req/min=6.66, avg_time=0.001109s, max_time=0.001852s, min_time=0.000222s; CLEAR_META: req_count=5, req/min=0.95, avg_time=0.011392s, max_time=0.018159s, min_time=0.006486s; KV_RETRIEVE_KEYS: req_count=2, req/min=0.38, avg_time=0.000636s, max_time=0.000654s, min_time=0.000617s
[36m(RewardLoopWorker pid=11941)[0m ERROR:2026-07-08 19:40:30,933:Unable to detect language for text 1.3 due to No features in text.[32m [repeated 3x across cluster][0m
[36m(SimpleStorageUnit pid=9489)[0m Per-operation statistics: PUT_DATA: req_count=542, req/min=103.24, avg_time=0.008643s, max_time=0.015306s, min_time=0.002756s; CLEAR_DATA: req_count=5, req/min=0.95, avg_time=0.013241s, max_time=0.022326s, min_time=0.006802s; GET_DATA: req_count=26, req/min=4.95, avg_time=0.007491s, max_time=0.009830s, min_time=0.005785s
[36m(TaskRunnerV1 pid=8235)[0m Training Progress:  98%|█████████▊| 176/180 [7:18:33<09:27, 141.82s/it]
[36m(SimpleStorageUnit pid=9493)[0m 2026-07-08 19:41:14,858 - INFO - transfer_queue.utils.perf_utils - TQ_STORAGE_UNIT_c67b05a2: [Performance] Total success requests: 562, Total req/min: 107.10, Total avg process time: 0.0084s; [32m [repeated 8x across cluster][0m
[36m(SimpleStorageUnit pid=9493)[0m Time range: last 5.25 minutes; [32m [repeated 8x across cluster][0m
[36m(SimpleStorageUnit pid=9493)[0m Per-operation statistics: PUT_DATA: req_count=531, req/min=101.19, avg_time=0.008426s, max_time=0.019397s, min_time=0.002764s; CLEAR_DATA: req_count=5, req/min=0.95, avg_time=0.011595s, max_time=0.018991s, min_time=0.006685s; GET_DATA: req_count=26, req/min=4.95, avg_time=0.007094s, max_time=0.008979s, min_time=0.004373s[32m [repeated 7x across cluster][0m
[36m(AgentLoopWorkerTQ pid=15943)[0m /mnt/tier1/project/p201382/erisa/Internship/Cascade2/verl-version/.venv/lib/python3.12/site-packages/pydantic/main.py:475: UserWarning: Pydantic serializer warnings:
[36m(AgentLoopWorkerTQ pid=15943)[0m   PydanticSerializationUnexpectedValue(Expected `float` - serialized value may not be as expected [field_name='reward_score', input_value=tensor(-0.1699), input_type=Tensor])
[36m(AgentLoopWorkerTQ pid=15943)[0m   return self.__pydantic_serializer__.to_python(
[36m(TaskRunnerV1 pid=8235)[0m Training Progress:  98%|█████████▊| 177/180 [7:20:51<07:01, 140.61s/it]
[36m(TransferQueueController pid=9128)[0m 2026-07-08 19:47:25,462 - INFO - transfer_queue.utils.perf_utils - TQ_CONTROLLER_3eaa8a51: [Performance] Total success requests: 13409, Total req/min: 2171.08, Total avg process time: 0.0003s; 
[36m(TransferQueueController pid=9128)[0m Time range: last 6.18 minutes; 
[36m(TransferQueueController pid=9128)[0m Per-operation statistics: NOTIFY_DATA_UPDATE: req_count=4113, req/min=665.95, avg_time=0.000116s, max_time=0.004724s, min_time=0.000087s; SET_CUSTOM_META: req_count=4628, req/min=749.33, avg_time=0.000015s, max_time=0.000622s, min_time=0.000009s; KV_RETRIEVE_KEYS: req_count=3, req/min=0.49, avg_time=0.000845s, max_time=0.000875s, min_time=0.000809s; KV_RETRIEVE_META: req_count=4634, req/min=750.30, avg_time=0.000616s, max_time=0.203374s, min_time=0.000211s; CLEAR_META: req_count=4, req/min=0.65, avg_time=0.011681s, max_time=0.020214s, min_time=0.005240s; KV_LIST: req_count=27, req/min=4.37, avg_time=0.001070s, max_time=0.001640s, min_time=0.000222s
[36m(SimpleStorageUnit pid=9489)[0m Per-operation statistics: PUT_DATA: req_count=535, req/min=86.60, avg_time=0.008082s, max_time=0.017237s, min_time=0.002695s; GET_DATA: req_count=29, req/min=4.69, avg_time=0.007837s, max_time=0.026663s, min_time=0.003808s; CLEAR_DATA: req_count=4, req/min=0.65, avg_time=0.012177s, max_time=0.017312s, min_time=0.007854s
[36m(TaskRunnerV1 pid=8235)[0m Training Progress:  99%|█████████▉| 178/180 [7:23:11<04:41, 140.54s/it]
[36m(TaskRunnerV1 pid=8235)[0m Training Progress:  99%|█████████▉| 179/180 [7:25:28<02:19, 139.43s/it]
[36m(SimpleStorageUnit pid=9493)[0m 2026-07-08 19:47:25,529 - INFO - transfer_queue.utils.perf_utils - TQ_STORAGE_UNIT_c67b05a2: [Performance] Total success requests: 558, Total req/min: 90.32, Total avg process time: 0.0082s; [32m [repeated 8x across cluster][0m
[36m(SimpleStorageUnit pid=9493)[0m Time range: last 6.18 minutes; [32m [repeated 8x across cluster][0m
[36m(SimpleStorageUnit pid=9493)[0m Per-operation statistics: PUT_DATA: req_count=525, req/min=84.98, avg_time=0.008130s, max_time=0.018913s, min_time=0.002692s; GET_DATA: req_count=29, req/min=4.69, avg_time=0.007996s, max_time=0.024289s, min_time=0.004281s; CLEAR_DATA: req_count=4, req/min=0.65, avg_time=0.013856s, max_time=0.020478s, min_time=0.007935s[32m [repeated 7x across cluster][0m
[36m(RewardLoopWorker pid=11939)[0m ERROR:2026-07-08 19:49:44,510:Unable to detect language for text 3 due to No features in text.
[36m(AgentLoopWorkerTQ pid=15944)[0m /mnt/tier1/project/p201382/erisa/Internship/Cascade2/verl-version/.venv/lib/python3.12/site-packages/pydantic/main.py:475: UserWarning: Pydantic serializer warnings:
[36m(AgentLoopWorkerTQ pid=15944)[0m   PydanticSerializationUnexpectedValue(Expected `float` - serialized value may not be as expected [field_name='reward_score', input_value=tensor(-0.2617), input_type=Tensor])
[36m(AgentLoopWorkerTQ pid=15944)[0m   return self.__pydantic_serializer__.to_python(
[36m(RewardLoopWorker pid=11942)[0m ERROR:2026-07-08 19:49:44,844:Unable to detect language for text 42 due to No features in text.[32m [repeated 2x across cluster][0m
[36m(WorkerDict pid=10580)[0m /mnt/tier1/project/p201382/erisa/Internship/Cascade2/verl-version/verl/verl/plugin/platform/platform_cuda.py:99: FutureWarning: torch.cuda._set_allocator_settings is deprecated. Use torch._C._accelerator_setAllocatorSettings instead.
[36m(WorkerDict pid=10580)[0m   torch.cuda.memory._set_allocator_settings(settings)
[36m(AgentLoopWorkerTQ pid=15939)[0m /mnt/tier1/project/p201382/erisa/Internship/Cascade2/verl-version/.venv/lib/python3.12/site-packages/pydantic/main.py:475: UserWarning: Pydantic serializer warnings:
[36m(AgentLoopWorkerTQ pid=15939)[0m   PydanticSerializationUnexpectedValue(Expected `float` - serialized value may not be as expected [field_name='reward_score', input_value=tensor(-0.8184), input_type=Tensor])
[36m(AgentLoopWorkerTQ pid=15939)[0m   return self.__pydantic_serializer__.to_python(
[36m(TransferQueueController pid=9128)[0m 2026-07-08 19:52:25,705 - INFO - transfer_queue.utils.perf_utils - TQ_CONTROLLER_3eaa8a51: [Performance] Total success requests: 28026, Total req/min: 5600.68, Total avg process time: 0.0002s; 
[36m(TransferQueueController pid=9128)[0m Time range: last 5.00 minutes; 
[36m(TransferQueueController pid=9128)[0m Per-operation statistics: KV_RETRIEVE_META: req_count=10940, req/min=2186.23, avg_time=0.000343s, max_time=0.117240s, min_time=0.000194s; CLEAR_META: req_count=4, req/min=0.80, avg_time=0.012009s, max_time=0.019073s, min_time=0.006137s; SET_CUSTOM_META: req_count=10891, req/min=2176.44, avg_time=0.000015s, max_time=0.001916s, min_time=0.000009s; KV_LIST: req_count=32, req/min=6.39, avg_time=0.001387s, max_time=0.003767s, min_time=0.000314s; NOTIFY_DATA_UPDATE: req_count=6157, req/min=1230.41, avg_time=0.000124s, max_time=0.007472s, min_time=0.000088s; KV_RETRIEVE_KEYS: req_count=2, req/min=0.40, avg_time=0.000774s, max_time=0.000785s, min_time=0.000763s
[36m(WorkerDict pid=10578)[0m /mnt/tier1/project/p201382/erisa/Internship/Cascade2/verl-version/verl/verl/plugin/platform/platform_cuda.py:99: FutureWarning: torch.cuda._set_allocator_settings is deprecated. Use torch._C._accelerator_setAllocatorSettings instead.[32m [repeated 3x across cluster][0m
[36m(WorkerDict pid=10578)[0m   torch.cuda.memory._set_allocator_settings(settings)[32m [repeated 3x across cluster][0m
[36m(SimpleStorageUnit pid=9491)[0m Per-operation statistics: CLEAR_DATA: req_count=4, req/min=0.80, avg_time=0.013275s, max_time=0.019435s, min_time=0.006395s; PUT_DATA: req_count=793, req/min=158.50, avg_time=0.008154s, max_time=0.016949s, min_time=0.002676s; GET_DATA: req_count=21, req/min=4.20, avg_time=0.006662s, max_time=0.009843s, min_time=0.003627s
[36m(SimpleStorageUnit pid=9489)[0m 2026-07-08 19:52:40,355 - INFO - transfer_queue.utils.perf_utils - TQ_STORAGE_UNIT_0d563503: [Performance] Total success requests: 797, Total req/min: 151.89, Total avg process time: 0.0083s; [32m [repeated 8x across cluster][0m
[36m(SimpleStorageUnit pid=9489)[0m Time range: last 5.25 minutes; [32m [repeated 8x across cluster][0m
[36m(SimpleStorageUnit pid=9489)[0m Per-operation statistics: CLEAR_DATA: req_count=4, req/min=0.76, avg_time=0.013629s, max_time=0.021055s, min_time=0.006512s; PUT_DATA: req_count=772, req/min=147.13, avg_time=0.008265s, max_time=0.016980s, min_time=0.002722s; GET_DATA: req_count=21, req/min=4.00, avg_time=0.007186s, max_time=0.009944s, min_time=0.004365s[32m [repeated 7x across cluster][0m
[36m(TaskRunnerV1 pid=8235)[0m Checkpoint tracker file does not exist: /project/home/p201382/erisa/IF_RL/if_rl_verl_binary_checkpoints/latest_checkpointed_iteration.txt
[36m(AgentLoopWorkerTQ pid=15939)[0m Using dataset class: RLHFDataset
[36m(vLLMHttpServer pid=11958)[0m WARNING 07-08 12:22:32 [api_router.py:30] LoRA dynamic loading & unloading is enabled in the API server. This should ONLY be used for local development![32m [repeated 3x across cluster][0m
[36m(vLLMHttpServer pid=11959)[0m WARNING 07-08 12:22:32 [model.py:1477] Default vLLM sampling parameters have been overridden by the model's `generation_config.json`: `{'repetition_penalty': 1.0, 'temperature': 1.0, 'top_k': -1, 'top_p': 1.0, 'max_tokens': 4000}`. If this is not intended, please relaunch vLLM instance with `--generation-config vllm`.[32m [repeated 3x across cluster][0m
[36m(vLLMHttpServer pid=11958)[0m WARNING 07-08 12:23:29 [input_processor.py:282] Passing raw prompts to InputProcessor is deprecated and will be removed in v0.18. You should instead pass the outputs of Renderer.render_cmpl() or Renderer.render_chat().
[36m(AgentLoopWorkerTQ pid=15938)[0m Using dataset class: RLHFDataset[32m [repeated 7x across cluster][0m
[36m(vLLMHttpServer pid=11958)[0m (Worker pid=14286) WARNING 07-08 12:23:29 [jit_monitor.py:106] Triton kernel JIT compilation during inference: _compute_slot_mapping_kernel. This causes a latency spike; consider extending warmup to cover this shape/config.
[36m(TaskRunnerV1 pid=8235)[0m ('Initial validation metrics: '
[36m(TaskRunnerV1 pid=8235)[0m  "{'val-aux/nvidia/Nemotron-Cascade-2-RL-data/reward/mean@1': "
[36m(TaskRunnerV1 pid=8235)[0m  'np.float64(-0.0033642924423758864), '
[36m(TaskRunnerV1 pid=8235)[0m  "'val-core/nvidia/Nemotron-Cascade-2-RL-data/acc/mean@1': "
[36m(TaskRunnerV1 pid=8235)[0m  'np.float64(0.11214539007092199), '
[36m(TaskRunnerV1 pid=8235)[0m  "'val-aux/nvidia/Nemotron-Cascade-2-RL-data/overlong_reward/mean@1': "
[36m(TaskRunnerV1 pid=8235)[0m  'np.float64(-0.11550968251329788), '
[36m(TaskRunnerV1 pid=8235)[0m  "'val-aux/nvidia/Nemotron-Cascade-2-RL-data/overlong/mean@1': "
[36m(TaskRunnerV1 pid=8235)[0m  "np.float64(0.11569148936170212), 'val-aux/num_turns/min': np.int64(2), "
[36m(TaskRunnerV1 pid=8235)[0m  "'val-aux/num_turns/max': np.int64(2), 'val-aux/num_turns/mean': "
[36m(TaskRunnerV1 pid=8235)[0m  'np.float64(2.0)}')
[36m(vLLMHttpServer pid=11960)[0m WARNING 07-08 12:23:29 [input_processor.py:282] Passing raw prompts to InputProcessor is deprecated and will be removed in v0.18. You should instead pass the outputs of Renderer.render_cmpl() or Renderer.render_chat().[32m [repeated 3x across cluster][0m
[36m(vLLMHttpServer pid=11960)[0m (Worker pid=14287) WARNING 07-08 12:23:29 [jit_monitor.py:106] Triton kernel JIT compilation during inference: _compute_slot_mapping_kernel. This causes a latency spike; consider extending warmup to cover this shape/config.[32m [repeated 3x across cluster][0m
[36m(TaskRunnerV1 pid=8235)[0m Training Progress: 100%|██████████| 180/180 [7:28:40<00:00, 155.06s/it]Training Progress: 100%|██████████| 180/180 [7:28:40<00:00, 149.56s/it]
[36m(TaskRunnerV1 pid=8235)[0m ('Final validation metrics: '
[36m(TaskRunnerV1 pid=8235)[0m  "{'val-aux/nvidia/Nemotron-Cascade-2-RL-data/reward/mean@1': "
[36m(TaskRunnerV1 pid=8235)[0m  'np.float64(0.08643617021276596), '
[36m(TaskRunnerV1 pid=8235)[0m  "'val-core/nvidia/Nemotron-Cascade-2-RL-data/acc/mean@1': "
[36m(TaskRunnerV1 pid=8235)[0m  'np.float64(0.16888297872340424), '
[36m(TaskRunnerV1 pid=8235)[0m  "'val-aux/nvidia/Nemotron-Cascade-2-RL-data/overlong_reward/mean@1': "
[36m(TaskRunnerV1 pid=8235)[0m  'np.float64(-0.08244680851063829), '
[36m(TaskRunnerV1 pid=8235)[0m  "'val-aux/nvidia/Nemotron-Cascade-2-RL-data/overlong/mean@1': "
[36m(TaskRunnerV1 pid=8235)[0m  "np.float64(0.08244680851063829), 'val-aux/num_turns/min': np.int64(2), "
[36m(TaskRunnerV1 pid=8235)[0m  "'val-aux/num_turns/max': np.int64(2), 'val-aux/num_turns/mean': "
[36m(TaskRunnerV1 pid=8235)[0m  'np.float64(2.0)}')
./launch.sh: line 74: trainer.experiment_name=if_rl_verl_fraction: command not found
