Using reward file: /project/scratch/p201382/erisa/Internship/Cascade2/verl-version/multi-domain-RL/reward.py
[validate_config] All configuration checks passed successfully!
ray init kwargs: {'num_cpus': None, 'runtime_env': {'env_vars': {'NCCL_DEBUG': 'WARN', 'VLLM_LOGGING_LEVEL': 'WARN', 'VLLM_ALLOW_RUNTIME_LORA_UPDATING': 'true', 'CUDA_DEVICE_MAX_CONNECTIONS': '1', 'VLLM_DISABLE_COMPILE_CACHE': '1', 'HCCL_HOST_SOCKET_PORT_RANGE': 'auto', 'HCCL_NPU_SOCKET_PORT_RANGE': 'auto', 'HSA_NO_SCRATCH_RECLAIM': '1', 'PYTHONHASHSEED': '0', 'VERL_FULL_DETERMINISM': '0', 'VLLM_BATCH_INVARIANT': '0'}, 'working_dir': None}}
[36m(TaskRunnerV1 pid=29009)[0m {'actor_rollout_ref': {'actor': {'_target_': 'verl.workers.config.FSDPActorConfig',
[36m(TaskRunnerV1 pid=29009)[0m                                  'calculate_entropy': False,
[36m(TaskRunnerV1 pid=29009)[0m                                  'calculate_sum_pi_squared': False,
[36m(TaskRunnerV1 pid=29009)[0m                                  'checkpoint': {'_target_': 'verl.trainer.config.CheckpointConfig',
[36m(TaskRunnerV1 pid=29009)[0m                                                 'async_save': False,
[36m(TaskRunnerV1 pid=29009)[0m                                                 'load_contents': ['model',
[36m(TaskRunnerV1 pid=29009)[0m                                                                   'optimizer',
[36m(TaskRunnerV1 pid=29009)[0m                                                                   'extra'],
[36m(TaskRunnerV1 pid=29009)[0m                                                 'save_contents': ['model',
[36m(TaskRunnerV1 pid=29009)[0m                                                                   'optimizer',
[36m(TaskRunnerV1 pid=29009)[0m                                                                   'extra'],
[36m(TaskRunnerV1 pid=29009)[0m                                                 'strict': True},
[36m(TaskRunnerV1 pid=29009)[0m                                  'clip_ratio': 0.2,
[36m(TaskRunnerV1 pid=29009)[0m                                  'clip_ratio_c': 3.0,
[36m(TaskRunnerV1 pid=29009)[0m                                  'clip_ratio_high': 0.28,
[36m(TaskRunnerV1 pid=29009)[0m                                  'clip_ratio_low': 0.2,
[36m(TaskRunnerV1 pid=29009)[0m                                  'data_loader_seed': 42,
[36m(TaskRunnerV1 pid=29009)[0m                                  'entropy_checkpointing': False,
[36m(TaskRunnerV1 pid=29009)[0m                                  'entropy_coeff': 0.0,
[36m(TaskRunnerV1 pid=29009)[0m                                  'entropy_from_logits_chunk_size': 2048,
[36m(TaskRunnerV1 pid=29009)[0m                                  'entropy_from_logits_with_chunking': False,
[36m(TaskRunnerV1 pid=29009)[0m                                  'freeze_vision_tower': False,
[36m(TaskRunnerV1 pid=29009)[0m                                  'fsdp_config': {'_target_': 'verl.workers.config.FSDPEngineConfig',
[36m(TaskRunnerV1 pid=29009)[0m                                                  'dtype': 'bfloat16',
[36m(TaskRunnerV1 pid=29009)[0m                                                  'entropy_checkpointing': False,
[36m(TaskRunnerV1 pid=29009)[0m                                                  'entropy_from_logits_chunk_size': 2048,
[36m(TaskRunnerV1 pid=29009)[0m                                                  'entropy_from_logits_with_chunking': False,
[36m(TaskRunnerV1 pid=29009)[0m                                                  'forward_only': False,
[36m(TaskRunnerV1 pid=29009)[0m                                                  'forward_prefetch': False,
[36m(TaskRunnerV1 pid=29009)[0m                                                  'fsdp_size': -1,
[36m(TaskRunnerV1 pid=29009)[0m                                                  'full_determinism': False,
[36m(TaskRunnerV1 pid=29009)[0m                                                  'model_dtype': 'fp32',
[36m(TaskRunnerV1 pid=29009)[0m                                                  'offload_policy': False,
[36m(TaskRunnerV1 pid=29009)[0m                                                  'optimizer_offload': False,
[36m(TaskRunnerV1 pid=29009)[0m                                                  'param_offload': False,
[36m(TaskRunnerV1 pid=29009)[0m                                                  'qat': {'_target_': 'verl.workers.config.QATEngineConfig',
[36m(TaskRunnerV1 pid=29009)[0m                                                          'activation_observer': 'static_minmax',
[36m(TaskRunnerV1 pid=29009)[0m                                                          'enable': False,
[36m(TaskRunnerV1 pid=29009)[0m                                                          'group_size': 16,
[36m(TaskRunnerV1 pid=29009)[0m                                                          'ignore_patterns': ['lm_head',
[36m(TaskRunnerV1 pid=29009)[0m                                                                              'embed_tokens',
[36m(TaskRunnerV1 pid=29009)[0m                                                                              're:.*mlp.gate$'],
[36m(TaskRunnerV1 pid=29009)[0m                                                          'mode': 'w4a16',
[36m(TaskRunnerV1 pid=29009)[0m                                                          'quantization_config_path': None},
[36m(TaskRunnerV1 pid=29009)[0m                                                  'reshard_after_forward': True,
[36m(TaskRunnerV1 pid=29009)[0m                                                  'seed': 42,
[36m(TaskRunnerV1 pid=29009)[0m                                                  'strategy': 'fsdp',
[36m(TaskRunnerV1 pid=29009)[0m                                                  'ulysses_sequence_parallel_size': 1,
[36m(TaskRunnerV1 pid=29009)[0m                                                  'use_orig_params': False,
[36m(TaskRunnerV1 pid=29009)[0m                                                  'use_torch_compile': True,
[36m(TaskRunnerV1 pid=29009)[0m                                                  'wrap_policy': {'min_num_params': 0}},
[36m(TaskRunnerV1 pid=29009)[0m                                  'grad_clip': 1.0,
[36m(TaskRunnerV1 pid=29009)[0m                                  'kl_loss_coef': 0.001,
[36m(TaskRunnerV1 pid=29009)[0m                                  'kl_loss_type': 'low_var_kl',
[36m(TaskRunnerV1 pid=29009)[0m                                  'loss_agg_mode': 'token-mean',
[36m(TaskRunnerV1 pid=29009)[0m                                  'loss_scale_factor': None,
[36m(TaskRunnerV1 pid=29009)[0m                                  'optim': {'_target_': 'verl.workers.config.FSDPOptimizerConfig',
[36m(TaskRunnerV1 pid=29009)[0m                                            'betas': [0.9, 0.95],
[36m(TaskRunnerV1 pid=29009)[0m                                            'clip_grad': 1.0,
[36m(TaskRunnerV1 pid=29009)[0m                                            'lr': 3e-06,
[36m(TaskRunnerV1 pid=29009)[0m                                            'lr_scheduler_type': 'constant',
[36m(TaskRunnerV1 pid=29009)[0m                                            'lr_warmup_steps': -1,
[36m(TaskRunnerV1 pid=29009)[0m                                            'lr_warmup_steps_ratio': 0.0,
[36m(TaskRunnerV1 pid=29009)[0m                                            'min_lr_ratio': 0.0,
[36m(TaskRunnerV1 pid=29009)[0m                                            'num_cycles': 0.5,
[36m(TaskRunnerV1 pid=29009)[0m                                            'optimizer': 'AdamW',
[36m(TaskRunnerV1 pid=29009)[0m                                            'optimizer_impl': 'torch.optim',
[36m(TaskRunnerV1 pid=29009)[0m                                            'override_optimizer_config': {'fused': True},
[36m(TaskRunnerV1 pid=29009)[0m                                            'total_training_steps': -1,
[36m(TaskRunnerV1 pid=29009)[0m                                            'warmup_style': None,
[36m(TaskRunnerV1 pid=29009)[0m                                            'weight_decay': 0.0,
[36m(TaskRunnerV1 pid=29009)[0m                                            'zero_indexed_step': True},
[36m(TaskRunnerV1 pid=29009)[0m                                  'policy_loss': {'_target_': 'verl.workers.config.PolicyLossConfig',
[36m(TaskRunnerV1 pid=29009)[0m                                                  'clip_cov_lb': 1.0,
[36m(TaskRunnerV1 pid=29009)[0m                                                  'clip_cov_ratio': 0.0002,
[36m(TaskRunnerV1 pid=29009)[0m                                                  'clip_cov_ub': 5.0,
[36m(TaskRunnerV1 pid=29009)[0m                                                  'kl_cov_ratio': 0.0002,
[36m(TaskRunnerV1 pid=29009)[0m                                                  'loss_mode': 'vanilla',
[36m(TaskRunnerV1 pid=29009)[0m                                                  'ppo_kl_coef': 0.1},
[36m(TaskRunnerV1 pid=29009)[0m                                  'ppo_epochs': 1,
[36m(TaskRunnerV1 pid=29009)[0m                                  'ppo_max_token_len_per_gpu': 16384,
[36m(TaskRunnerV1 pid=29009)[0m                                  'ppo_micro_batch_size': None,
[36m(TaskRunnerV1 pid=29009)[0m                                  'ppo_micro_batch_size_per_gpu': None,
[36m(TaskRunnerV1 pid=29009)[0m                                  'ppo_mini_batch_size': 128,
[36m(TaskRunnerV1 pid=29009)[0m                                  'profiler': {'_target_': 'verl.utils.profiler.ProfilerConfig',
[36m(TaskRunnerV1 pid=29009)[0m                                               'all_ranks': False,
[36m(TaskRunnerV1 pid=29009)[0m                                               'enable': False,
[36m(TaskRunnerV1 pid=29009)[0m                                               'ranks': [],
[36m(TaskRunnerV1 pid=29009)[0m                                               'save_path': 'outputs/profile',
[36m(TaskRunnerV1 pid=29009)[0m                                               'tool': None,
[36m(TaskRunnerV1 pid=29009)[0m                                               'tool_config': {'npu': {'_target_': 'verl.utils.profiler.config.NPUToolConfig',
[36m(TaskRunnerV1 pid=29009)[0m                                                                       'analysis': True,
[36m(TaskRunnerV1 pid=29009)[0m                                                                       'contents': [],
[36m(TaskRunnerV1 pid=29009)[0m                                                                       'discrete': False,
[36m(TaskRunnerV1 pid=29009)[0m                                                                       'level': 'level0'},
[36m(TaskRunnerV1 pid=29009)[0m                                                               'nsys': {'_target_': 'verl.utils.profiler.config.NsightToolConfig',
[36m(TaskRunnerV1 pid=29009)[0m                                                                        'discrete': False},
[36m(TaskRunnerV1 pid=29009)[0m                                                               'precision_debugger': {'_target_': 'verl.utils.profiler.config.PrecisionDebuggerToolConfig',
[36m(TaskRunnerV1 pid=29009)[0m                                                                                      'config_path': None,
[36m(TaskRunnerV1 pid=29009)[0m                                                                                      'stages': None,
[36m(TaskRunnerV1 pid=29009)[0m                                                                                      'steps': None,
[36m(TaskRunnerV1 pid=29009)[0m                                                                                      'strict': False},
[36m(TaskRunnerV1 pid=29009)[0m                                                               'torch': {'_target_': 'verl.utils.profiler.config.TorchProfilerToolConfig',
[36m(TaskRunnerV1 pid=29009)[0m                                                                         'contents': [],
[36m(TaskRunnerV1 pid=29009)[0m                                                                         'discrete': False},
[36m(TaskRunnerV1 pid=29009)[0m                                                               'torch_memory': {'_target_': 'verl.utils.profiler.config.TorchMemoryToolConfig',
[36m(TaskRunnerV1 pid=29009)[0m                                                                                'stack_depth': 32,
[36m(TaskRunnerV1 pid=29009)[0m                                                                                'trace_alloc_max_entries': 100000}}},
[36m(TaskRunnerV1 pid=29009)[0m                                  'qat': {'activation_observer': 'static_minmax',
[36m(TaskRunnerV1 pid=29009)[0m                                          'enable': False,
[36m(TaskRunnerV1 pid=29009)[0m                                          'group_size': 16,
[36m(TaskRunnerV1 pid=29009)[0m                                          'ignore_patterns': ['lm_head',
[36m(TaskRunnerV1 pid=29009)[0m                                                              'embed_tokens',
[36m(TaskRunnerV1 pid=29009)[0m                                                              're:.*mlp.gate$'],
[36m(TaskRunnerV1 pid=29009)[0m                                          'mode': 'w4a16',
[36m(TaskRunnerV1 pid=29009)[0m                                          'quantization_config_path': None},
[36m(TaskRunnerV1 pid=29009)[0m                                  'rollout_n': 1,
[36m(TaskRunnerV1 pid=29009)[0m                                  'router_replay': {'_target_': 'verl.workers.config.RouterReplayConfig',
[36m(TaskRunnerV1 pid=29009)[0m                                                    'mode': 'disabled',
[36m(TaskRunnerV1 pid=29009)[0m                                                    'record_file': None,
[36m(TaskRunnerV1 pid=29009)[0m                                                    'replay_file': None},
[36m(TaskRunnerV1 pid=29009)[0m                                  'shuffle': False,
[36m(TaskRunnerV1 pid=29009)[0m                                  'strategy': 'fsdp',
[36m(TaskRunnerV1 pid=29009)[0m                                  'tau_neg': 1.05,
[36m(TaskRunnerV1 pid=29009)[0m                                  'tau_pos': 1.0,
[36m(TaskRunnerV1 pid=29009)[0m                                  'ulysses_sequence_parallel_size': 1,
[36m(TaskRunnerV1 pid=29009)[0m                                  'use_dynamic_bsz': True,
[36m(TaskRunnerV1 pid=29009)[0m                                  'use_fused_kernels': False,
[36m(TaskRunnerV1 pid=29009)[0m                                  'use_kl_loss': False,
[36m(TaskRunnerV1 pid=29009)[0m                                  'use_prefix_grouper': False,
[36m(TaskRunnerV1 pid=29009)[0m                                  'use_remove_padding': True,
[36m(TaskRunnerV1 pid=29009)[0m                                  'use_torch_compile': True},
[36m(TaskRunnerV1 pid=29009)[0m                        'hybrid_engine': True,
[36m(TaskRunnerV1 pid=29009)[0m                        'model': {'_target_': 'verl.workers.config.HFModelConfig',
[36m(TaskRunnerV1 pid=29009)[0m                                  'custom_chat_template': None,
[36m(TaskRunnerV1 pid=29009)[0m                                  'enable_activation_offload': False,
[36m(TaskRunnerV1 pid=29009)[0m                                  'enable_gradient_checkpointing': True,
[36m(TaskRunnerV1 pid=29009)[0m                                  'exclude_modules': None,
[36m(TaskRunnerV1 pid=29009)[0m                                  'external_lib': None,
[36m(TaskRunnerV1 pid=29009)[0m                                  'fused_kernel_options': {'impl_backend': 'torch'},
[36m(TaskRunnerV1 pid=29009)[0m                                  'hf_config_path': None,
[36m(TaskRunnerV1 pid=29009)[0m                                  'lora': {'a2a_experimental': False,
[36m(TaskRunnerV1 pid=29009)[0m                                           'adapter_path': None,
[36m(TaskRunnerV1 pid=29009)[0m                                           'alpha': 32,
[36m(TaskRunnerV1 pid=29009)[0m                                           'dropout': 0.0,
[36m(TaskRunnerV1 pid=29009)[0m                                           'dropout_position': 'pre',
[36m(TaskRunnerV1 pid=29009)[0m                                           'dtype': None,
[36m(TaskRunnerV1 pid=29009)[0m                                           'exclude_modules': [],
[36m(TaskRunnerV1 pid=29009)[0m                                           'freeze_language_model': True,
[36m(TaskRunnerV1 pid=29009)[0m                                           'freeze_vision_model': True,
[36m(TaskRunnerV1 pid=29009)[0m                                           'freeze_vision_projection': True,
[36m(TaskRunnerV1 pid=29009)[0m                                           'lora_A_init_method': 'xavier',
[36m(TaskRunnerV1 pid=29009)[0m                                           'lora_B_init_method': 'zero',
[36m(TaskRunnerV1 pid=29009)[0m                                           'merge': False,
[36m(TaskRunnerV1 pid=29009)[0m                                           'rank': 0,
[36m(TaskRunnerV1 pid=29009)[0m                                           'target_modules': ['linear_qkv',
[36m(TaskRunnerV1 pid=29009)[0m                                                              'linear_proj',
[36m(TaskRunnerV1 pid=29009)[0m                                                              'linear_fc1',
[36m(TaskRunnerV1 pid=29009)[0m                                                              'linear_fc2'],
[36m(TaskRunnerV1 pid=29009)[0m                                           'type': 'lora'},
[36m(TaskRunnerV1 pid=29009)[0m                                  'lora_adapter_path': None,
[36m(TaskRunnerV1 pid=29009)[0m                                  'lora_alpha': 16,
[36m(TaskRunnerV1 pid=29009)[0m                                  'lora_rank': 0,
[36m(TaskRunnerV1 pid=29009)[0m                                  'mtp': {'_target_': 'verl.workers.config.MtpConfig',
[36m(TaskRunnerV1 pid=29009)[0m                                          'detach_encoder': False,
[36m(TaskRunnerV1 pid=29009)[0m                                          'enable': False,
[36m(TaskRunnerV1 pid=29009)[0m                                          'enable_rollout': False,
[36m(TaskRunnerV1 pid=29009)[0m                                          'enable_train': False,
[36m(TaskRunnerV1 pid=29009)[0m                                          'method': 'mtp',
[36m(TaskRunnerV1 pid=29009)[0m                                          'mtp_loss_scaling_factor': 0.1,
[36m(TaskRunnerV1 pid=29009)[0m                                          'num_speculative_tokens': 1,
[36m(TaskRunnerV1 pid=29009)[0m                                          'speculative_algorithm': 'EAGLE',
[36m(TaskRunnerV1 pid=29009)[0m                                          'speculative_eagle_topk': 1,
[36m(TaskRunnerV1 pid=29009)[0m                                          'speculative_num_draft_tokens': 4,
[36m(TaskRunnerV1 pid=29009)[0m                                          'speculative_num_steps': 3},
[36m(TaskRunnerV1 pid=29009)[0m                                  'override_config': {},
[36m(TaskRunnerV1 pid=29009)[0m                                  'path': 'Qwen/Qwen2.5-1.5B-Instruct',
[36m(TaskRunnerV1 pid=29009)[0m                                  'target_modules': 'all-linear',
[36m(TaskRunnerV1 pid=29009)[0m                                  'tiled_mlp': {'enabled': False,
[36m(TaskRunnerV1 pid=29009)[0m                                                'num_shards': 4},
[36m(TaskRunnerV1 pid=29009)[0m                                  'tokenizer_path': None,
[36m(TaskRunnerV1 pid=29009)[0m                                  'trust_remote_code': False,
[36m(TaskRunnerV1 pid=29009)[0m                                  'use_fused_kernels': False,
[36m(TaskRunnerV1 pid=29009)[0m                                  'use_liger': False,
[36m(TaskRunnerV1 pid=29009)[0m                                  'use_remove_padding': True,
[36m(TaskRunnerV1 pid=29009)[0m                                  'use_shm': False},
[36m(TaskRunnerV1 pid=29009)[0m                        'nccl_timeout': 600,
[36m(TaskRunnerV1 pid=29009)[0m                        'ref': {'_target_': 'verl.workers.config.FSDPActorConfig',
[36m(TaskRunnerV1 pid=29009)[0m                                'entropy_checkpointing': False,
[36m(TaskRunnerV1 pid=29009)[0m                                'entropy_from_logits_chunk_size': 2048,
[36m(TaskRunnerV1 pid=29009)[0m                                'entropy_from_logits_with_chunking': False,
[36m(TaskRunnerV1 pid=29009)[0m                                'fsdp_config': {'_target_': 'verl.workers.config.FSDPEngineConfig',
[36m(TaskRunnerV1 pid=29009)[0m                                                'dtype': 'bfloat16',
[36m(TaskRunnerV1 pid=29009)[0m                                                'entropy_checkpointing': False,
[36m(TaskRunnerV1 pid=29009)[0m                                                'entropy_from_logits_chunk_size': 2048,
[36m(TaskRunnerV1 pid=29009)[0m                                                'entropy_from_logits_with_chunking': False,
[36m(TaskRunnerV1 pid=29009)[0m                                                'forward_only': True,
[36m(TaskRunnerV1 pid=29009)[0m                                                'forward_prefetch': False,
[36m(TaskRunnerV1 pid=29009)[0m                                                'fsdp_size': -1,
[36m(TaskRunnerV1 pid=29009)[0m                                                'full_determinism': False,
[36m(TaskRunnerV1 pid=29009)[0m                                                'model_dtype': 'fp32',
[36m(TaskRunnerV1 pid=29009)[0m                                                'offload_policy': False,
[36m(TaskRunnerV1 pid=29009)[0m                                                'optimizer_offload': False,
[36m(TaskRunnerV1 pid=29009)[0m                                                'param_offload': False,
[36m(TaskRunnerV1 pid=29009)[0m                                                'qat': {'_target_': 'verl.workers.config.QATEngineConfig',
[36m(TaskRunnerV1 pid=29009)[0m                                                        'activation_observer': 'static_minmax',
[36m(TaskRunnerV1 pid=29009)[0m                                                        'enable': False,
[36m(TaskRunnerV1 pid=29009)[0m                                                        'group_size': 16,
[36m(TaskRunnerV1 pid=29009)[0m                                                        'ignore_patterns': ['lm_head',
[36m(TaskRunnerV1 pid=29009)[0m                                                                            'embed_tokens',
[36m(TaskRunnerV1 pid=29009)[0m                                                                            're:.*mlp.gate$'],
[36m(TaskRunnerV1 pid=29009)[0m                                                        'mode': 'w4a16',
[36m(TaskRunnerV1 pid=29009)[0m                                                        'quantization_config_path': None},
[36m(TaskRunnerV1 pid=29009)[0m                                                'reshard_after_forward': True,
[36m(TaskRunnerV1 pid=29009)[0m                                                'seed': 42,
[36m(TaskRunnerV1 pid=29009)[0m                                                'strategy': 'fsdp',
[36m(TaskRunnerV1 pid=29009)[0m                                                'ulysses_sequence_parallel_size': 1,
[36m(TaskRunnerV1 pid=29009)[0m                                                'use_orig_params': False,
[36m(TaskRunnerV1 pid=29009)[0m                                                'use_torch_compile': True,
[36m(TaskRunnerV1 pid=29009)[0m                                                'wrap_policy': {'min_num_params': 0}},
[36m(TaskRunnerV1 pid=29009)[0m                                'log_prob_max_token_len_per_gpu': 16384,
[36m(TaskRunnerV1 pid=29009)[0m                                'log_prob_micro_batch_size': None,
[36m(TaskRunnerV1 pid=29009)[0m                                'log_prob_micro_batch_size_per_gpu': None,
[36m(TaskRunnerV1 pid=29009)[0m                                'log_prob_use_dynamic_bsz': True,
[36m(TaskRunnerV1 pid=29009)[0m                                'profiler': {'_target_': 'verl.utils.profiler.ProfilerConfig',
[36m(TaskRunnerV1 pid=29009)[0m                                             'all_ranks': False,
[36m(TaskRunnerV1 pid=29009)[0m                                             'enable': False,
[36m(TaskRunnerV1 pid=29009)[0m                                             'ranks': [],
[36m(TaskRunnerV1 pid=29009)[0m                                             'save_path': 'outputs/profile',
[36m(TaskRunnerV1 pid=29009)[0m                                             'tool': None,
[36m(TaskRunnerV1 pid=29009)[0m                                             'tool_config': {'npu': {'_target_': 'verl.utils.profiler.config.NPUToolConfig',
[36m(TaskRunnerV1 pid=29009)[0m                                                                     'analysis': True,
[36m(TaskRunnerV1 pid=29009)[0m                                                                     'contents': [],
[36m(TaskRunnerV1 pid=29009)[0m                                                                     'discrete': False,
[36m(TaskRunnerV1 pid=29009)[0m                                                                     'level': 'level0'},
[36m(TaskRunnerV1 pid=29009)[0m                                                             'nsys': {'_target_': 'verl.utils.profiler.config.NsightToolConfig',
[36m(TaskRunnerV1 pid=29009)[0m                                                                      'discrete': False},
[36m(TaskRunnerV1 pid=29009)[0m                                                             'precision_debugger': {'_target_': 'verl.utils.profiler.config.PrecisionDebuggerToolConfig',
[36m(TaskRunnerV1 pid=29009)[0m                                                                                    'config_path': None,
[36m(TaskRunnerV1 pid=29009)[0m                                                                                    'stages': None,
[36m(TaskRunnerV1 pid=29009)[0m                                                                                    'steps': None,
[36m(TaskRunnerV1 pid=29009)[0m                                                                                    'strict': False},
[36m(TaskRunnerV1 pid=29009)[0m                                                             'torch': {'_target_': 'verl.utils.profiler.config.TorchProfilerToolConfig',
[36m(TaskRunnerV1 pid=29009)[0m                                                                       'contents': [],
[36m(TaskRunnerV1 pid=29009)[0m                                                                       'discrete': False},
[36m(TaskRunnerV1 pid=29009)[0m                                                             'torch_memory': {'_target_': 'verl.utils.profiler.config.TorchMemoryToolConfig',
[36m(TaskRunnerV1 pid=29009)[0m                                                                              'stack_depth': 32,
[36m(TaskRunnerV1 pid=29009)[0m                                                                              'trace_alloc_max_entries': 100000}}},
[36m(TaskRunnerV1 pid=29009)[0m                                'rollout_n': 1,
[36m(TaskRunnerV1 pid=29009)[0m                                'router_replay': {'_target_': 'verl.workers.config.RouterReplayConfig',
[36m(TaskRunnerV1 pid=29009)[0m                                                  'mode': 'disabled',
[36m(TaskRunnerV1 pid=29009)[0m                                                  'record_file': None,
[36m(TaskRunnerV1 pid=29009)[0m                                                  'replay_file': None},
[36m(TaskRunnerV1 pid=29009)[0m                                'strategy': 'fsdp',
[36m(TaskRunnerV1 pid=29009)[0m                                'ulysses_sequence_parallel_size': 1,
[36m(TaskRunnerV1 pid=29009)[0m                                'use_torch_compile': True},
[36m(TaskRunnerV1 pid=29009)[0m                        'rollout': {'_target_': 'verl.workers.config.RolloutConfig',
[36m(TaskRunnerV1 pid=29009)[0m                                    'agent': {'_target_': 'verl.workers.config.AgentLoopConfig',
[36m(TaskRunnerV1 pid=29009)[0m                                              'agent_loop_config_path': None,
[36m(TaskRunnerV1 pid=29009)[0m                                              'custom_async_server': {'_target_': 'verl.workers.config.CustomAsyncServerConfig',
[36m(TaskRunnerV1 pid=29009)[0m                                                                      'name': None,
[36m(TaskRunnerV1 pid=29009)[0m                                                                      'path': None},
[36m(TaskRunnerV1 pid=29009)[0m                                              'default_agent_loop': 'single_turn_agent',
[36m(TaskRunnerV1 pid=29009)[0m                                              'num_workers': 8},
[36m(TaskRunnerV1 pid=29009)[0m                                    'calculate_log_probs': False,
[36m(TaskRunnerV1 pid=29009)[0m                                    'checkpoint_engine': {'_target_': 'verl.workers.config.CheckpointEngineConfig',
[36m(TaskRunnerV1 pid=29009)[0m                                                          'backend': 'naive',
[36m(TaskRunnerV1 pid=29009)[0m                                                          'custom_backend_module': None,
[36m(TaskRunnerV1 pid=29009)[0m                                                          'engine_kwargs': {},
[36m(TaskRunnerV1 pid=29009)[0m                                                          'update_weights_bucket_megabytes': 2048},
[36m(TaskRunnerV1 pid=29009)[0m                                    'cudagraph_capture_sizes': None,
[36m(TaskRunnerV1 pid=29009)[0m                                    'data_parallel_size': 1,
[36m(TaskRunnerV1 pid=29009)[0m                                    'disable_log_stats': True,
[36m(TaskRunnerV1 pid=29009)[0m                                    'disaggregation': {'bootstrap_port': None,
[36m(TaskRunnerV1 pid=29009)[0m                                                       'decode_replicas': 1,
[36m(TaskRunnerV1 pid=29009)[0m                                                       'decode_tensor_model_parallel_size': None,
[36m(TaskRunnerV1 pid=29009)[0m                                                       'enabled': False,
[36m(TaskRunnerV1 pid=29009)[0m                                                       'ib_device': None,
[36m(TaskRunnerV1 pid=29009)[0m                                                       'prefill_replicas': 1,
[36m(TaskRunnerV1 pid=29009)[0m                                                       'transfer_backend': 'nixl'},
[36m(TaskRunnerV1 pid=29009)[0m                                    'do_sample': True,
[36m(TaskRunnerV1 pid=29009)[0m                                    'dtype': 'bfloat16',
[36m(TaskRunnerV1 pid=29009)[0m                                    'enable_chunked_prefill': True,
[36m(TaskRunnerV1 pid=29009)[0m                                    'enable_prefix_caching': True,
[36m(TaskRunnerV1 pid=29009)[0m                                    'enable_rollout_routing_replay': False,
[36m(TaskRunnerV1 pid=29009)[0m                                    'enforce_eager': False,
[36m(TaskRunnerV1 pid=29009)[0m                                    'engine_kwargs': {'sglang': {},
[36m(TaskRunnerV1 pid=29009)[0m                                                      'trtllm': {},
[36m(TaskRunnerV1 pid=29009)[0m                                                      'vllm': {}},
[36m(TaskRunnerV1 pid=29009)[0m                                    'expert_parallel_size': 1,
[36m(TaskRunnerV1 pid=29009)[0m                                    'free_cache_engine': True,
[36m(TaskRunnerV1 pid=29009)[0m                                    'full_determinism': False,
[36m(TaskRunnerV1 pid=29009)[0m                                    'gpu_memory_utilization': 0.7,
[36m(TaskRunnerV1 pid=29009)[0m                                    'ignore_eos': False,
[36m(TaskRunnerV1 pid=29009)[0m                                    'layered_summon': False,
[36m(TaskRunnerV1 pid=29009)[0m                                    'load_format': 'dummy',
[36m(TaskRunnerV1 pid=29009)[0m                                    'log_prob_max_token_len_per_gpu': 16384,
[36m(TaskRunnerV1 pid=29009)[0m                                    'log_prob_micro_batch_size': None,
[36m(TaskRunnerV1 pid=29009)[0m                                    'log_prob_micro_batch_size_per_gpu': None,
[36m(TaskRunnerV1 pid=29009)[0m                                    'log_prob_use_dynamic_bsz': True,
[36m(TaskRunnerV1 pid=29009)[0m                                    'logprobs_mode': 'processed_logprobs',
[36m(TaskRunnerV1 pid=29009)[0m                                    'max_model_len': 9000,
[36m(TaskRunnerV1 pid=29009)[0m                                    'max_num_batched_tokens': 8192,
[36m(TaskRunnerV1 pid=29009)[0m                                    'max_num_seqs': 1024,
[36m(TaskRunnerV1 pid=29009)[0m                                    'mode': 'async',
[36m(TaskRunnerV1 pid=29009)[0m                                    'moe_load_balance_metrics_interval': 0,
[36m(TaskRunnerV1 pid=29009)[0m                                    'mtp': {'_target_': 'verl.workers.config.MtpConfig',
[36m(TaskRunnerV1 pid=29009)[0m                                            'detach_encoder': False,
[36m(TaskRunnerV1 pid=29009)[0m                                            'enable': False,
[36m(TaskRunnerV1 pid=29009)[0m                                            'enable_rollout': False,
[36m(TaskRunnerV1 pid=29009)[0m                                            'enable_train': False,
[36m(TaskRunnerV1 pid=29009)[0m                                            'method': 'mtp',
[36m(TaskRunnerV1 pid=29009)[0m                                            'mtp_loss_scaling_factor': 0.1,
[36m(TaskRunnerV1 pid=29009)[0m                                            'num_speculative_tokens': 1,
[36m(TaskRunnerV1 pid=29009)[0m                                            'speculative_algorithm': 'EAGLE',
[36m(TaskRunnerV1 pid=29009)[0m                                            'speculative_eagle_topk': 1,
[36m(TaskRunnerV1 pid=29009)[0m                                            'speculative_num_draft_tokens': 4,
[36m(TaskRunnerV1 pid=29009)[0m                                            'speculative_num_steps': 3},
[36m(TaskRunnerV1 pid=29009)[0m                                    'multi_stage_wake_up': False,
[36m(TaskRunnerV1 pid=29009)[0m                                    'multi_turn': {'_target_': 'verl.workers.config.MultiTurnConfig',
[36m(TaskRunnerV1 pid=29009)[0m                                                   'enable': True,
[36m(TaskRunnerV1 pid=29009)[0m                                                   'format': 'hermes',
[36m(TaskRunnerV1 pid=29009)[0m                                                   'function_tool_path': None,
[36m(TaskRunnerV1 pid=29009)[0m                                                   'max_assistant_turns': 6,
[36m(TaskRunnerV1 pid=29009)[0m                                                   'max_parallel_calls': 1,
[36m(TaskRunnerV1 pid=29009)[0m                                                   'max_tool_response_length': 2048,
[36m(TaskRunnerV1 pid=29009)[0m                                                   'max_user_turns': 5,
[36m(TaskRunnerV1 pid=29009)[0m                                                   'num_repeat_rollouts': None,
[36m(TaskRunnerV1 pid=29009)[0m                                                   'tokenization_sanity_check_mode': 'strict',
[36m(TaskRunnerV1 pid=29009)[0m                                                   'tool_config_path': '/project/scratch/p201382/erisa/Internship/Cascade2/verl-version/multi-domain-RL/tools.yaml',
[36m(TaskRunnerV1 pid=29009)[0m                                                   'tool_response_truncate_side': 'middle',
[36m(TaskRunnerV1 pid=29009)[0m                                                   'use_inference_chat_template': False},
[36m(TaskRunnerV1 pid=29009)[0m                                    'n': 1,
[36m(TaskRunnerV1 pid=29009)[0m                                    'n_gpus_per_node': 4,
[36m(TaskRunnerV1 pid=29009)[0m                                    'name': 'vllm',
[36m(TaskRunnerV1 pid=29009)[0m                                    'nnodes': 0,
[36m(TaskRunnerV1 pid=29009)[0m                                    'over_sample_rate': 0,
[36m(TaskRunnerV1 pid=29009)[0m                                    'pipeline_model_parallel_size': 1,
[36m(TaskRunnerV1 pid=29009)[0m                                    'profiler': {'_target_': 'verl.utils.profiler.ProfilerConfig',
[36m(TaskRunnerV1 pid=29009)[0m                                                 'all_ranks': False,
[36m(TaskRunnerV1 pid=29009)[0m                                                 'enable': False,
[36m(TaskRunnerV1 pid=29009)[0m                                                 'ranks': [],
[36m(TaskRunnerV1 pid=29009)[0m                                                 'save_path': 'outputs/profile',
[36m(TaskRunnerV1 pid=29009)[0m                                                 'tool': None,
[36m(TaskRunnerV1 pid=29009)[0m                                                 'tool_config': {'npu': {'_target_': 'verl.utils.profiler.config.NPUToolConfig',
[36m(TaskRunnerV1 pid=29009)[0m                                                                         'analysis': True,
[36m(TaskRunnerV1 pid=29009)[0m                                                                         'contents': [],
[36m(TaskRunnerV1 pid=29009)[0m                                                                         'discrete': False,
[36m(TaskRunnerV1 pid=29009)[0m                                                                         'level': 'level0',
[36m(TaskRunnerV1 pid=29009)[0m                                                                         'profile_token_end': None,
[36m(TaskRunnerV1 pid=29009)[0m                                                                         'profile_token_start': None},
[36m(TaskRunnerV1 pid=29009)[0m                                                                 'precision_debugger': {'_target_': 'verl.utils.profiler.config.PrecisionDebuggerToolConfig',
[36m(TaskRunnerV1 pid=29009)[0m                                                                                        'config_path': None,
[36m(TaskRunnerV1 pid=29009)[0m                                                                                        'stages': None,
[36m(TaskRunnerV1 pid=29009)[0m                                                                                        'steps': None,
[36m(TaskRunnerV1 pid=29009)[0m                                                                                        'strict': False},
[36m(TaskRunnerV1 pid=29009)[0m                                                                 'torch': {'_target_': 'verl.utils.profiler.config.TorchProfilerToolConfig',
[36m(TaskRunnerV1 pid=29009)[0m                                                                           'contents': [],
[36m(TaskRunnerV1 pid=29009)[0m                                                                           'discrete': False,
[36m(TaskRunnerV1 pid=29009)[0m                                                                           'profile_token_end': None,
[36m(TaskRunnerV1 pid=29009)[0m                                                                           'profile_token_start': None}}},
[36m(TaskRunnerV1 pid=29009)[0m                                    'prometheus': {'_target_': 'verl.workers.config.PrometheusConfig',
[36m(TaskRunnerV1 pid=29009)[0m                                                   'enable': False,
[36m(TaskRunnerV1 pid=29009)[0m                                                   'file': '/tmp/ray/session_latest/metrics/prometheus/prometheus.yml',
[36m(TaskRunnerV1 pid=29009)[0m                                                   'port': 9090,
[36m(TaskRunnerV1 pid=29009)[0m                                                   'served_model_name': 'Qwen/Qwen2.5-1.5B-Instruct'},
[36m(TaskRunnerV1 pid=29009)[0m                                    'prompt_length': 5000,
[36m(TaskRunnerV1 pid=29009)[0m                                    'qat': {'_target_': 'verl.workers.config.QATEngineConfig',
[36m(TaskRunnerV1 pid=29009)[0m                                            'activation_observer': 'static_minmax',
[36m(TaskRunnerV1 pid=29009)[0m                                            'enable': False,
[36m(TaskRunnerV1 pid=29009)[0m                                            'group_size': 16,
[36m(TaskRunnerV1 pid=29009)[0m                                            'ignore_patterns': ['lm_head',
[36m(TaskRunnerV1 pid=29009)[0m                                                                'embed_tokens',
[36m(TaskRunnerV1 pid=29009)[0m                                                                're:.*mlp.gate$'],
[36m(TaskRunnerV1 pid=29009)[0m                                            'mode': 'w4a16',
[36m(TaskRunnerV1 pid=29009)[0m                                            'quantization_config_path': None},
[36m(TaskRunnerV1 pid=29009)[0m                                    'quantization': None,
[36m(TaskRunnerV1 pid=29009)[0m                                    'quantization_config_file': None,
[36m(TaskRunnerV1 pid=29009)[0m                                    'response_length': 4000,
[36m(TaskRunnerV1 pid=29009)[0m                                    'scheduling_policy': 'fcfs',
[36m(TaskRunnerV1 pid=29009)[0m                                    'seed': 42,
[36m(TaskRunnerV1 pid=29009)[0m                                    'skip_tokenizer_init': True,
[36m(TaskRunnerV1 pid=29009)[0m                                    'temperature': 1.0,
[36m(TaskRunnerV1 pid=29009)[0m                                    'tensor_model_parallel_size': 1,
[36m(TaskRunnerV1 pid=29009)[0m                                    'top_k': -1,
[36m(TaskRunnerV1 pid=29009)[0m                                    'top_p': 1.0,
[36m(TaskRunnerV1 pid=29009)[0m                                    'trace': {'_target_': 'verl.workers.config.TraceConfig',
[36m(TaskRunnerV1 pid=29009)[0m                                              'backend': None,
[36m(TaskRunnerV1 pid=29009)[0m                                              'experiment_name': 'multi_domain_rl',
[36m(TaskRunnerV1 pid=29009)[0m                                              'max_samples_per_step_per_worker': None,
[36m(TaskRunnerV1 pid=29009)[0m                                              'project_name': 'multi_domain_rl',
[36m(TaskRunnerV1 pid=29009)[0m                                              'token2text': False},
[36m(TaskRunnerV1 pid=29009)[0m                                    'val_kwargs': {'_target_': 'verl.workers.config.SamplingConfig',
[36m(TaskRunnerV1 pid=29009)[0m                                                   'do_sample': False,
[36m(TaskRunnerV1 pid=29009)[0m                                                   'n': 1,
[36m(TaskRunnerV1 pid=29009)[0m                                                   'temperature': 0.0,
[36m(TaskRunnerV1 pid=29009)[0m                                                   'top_k': -1,
[36m(TaskRunnerV1 pid=29009)[0m                                                   'top_p': 1.0}}},
[36m(TaskRunnerV1 pid=29009)[0m  'algorithm': {'_target_': 'verl.trainer.config.AlgoConfig',
[36m(TaskRunnerV1 pid=29009)[0m                'adv_estimator': 'grpo',
[36m(TaskRunnerV1 pid=29009)[0m                'filter_groups': {'enable': True,
[36m(TaskRunnerV1 pid=29009)[0m                                  'max_num_gen_batches': 10,
[36m(TaskRunnerV1 pid=29009)[0m                                  'metric': 'acc'},
[36m(TaskRunnerV1 pid=29009)[0m                'gamma': 1.0,
[36m(TaskRunnerV1 pid=29009)[0m                'kl_ctrl': {'_target_': 'verl.trainer.config.KLControlConfig',
[36m(TaskRunnerV1 pid=29009)[0m                            'horizon': 10000,
[36m(TaskRunnerV1 pid=29009)[0m                            'kl_coef': 0.001,
[36m(TaskRunnerV1 pid=29009)[0m                            'target_kl': 0.1,
[36m(TaskRunnerV1 pid=29009)[0m                            'type': 'fixed'},
[36m(TaskRunnerV1 pid=29009)[0m                'kl_penalty': 'kl',
[36m(TaskRunnerV1 pid=29009)[0m                'lam': 1.0,
[36m(TaskRunnerV1 pid=29009)[0m                'norm_adv_by_std_in_grpo': True,
[36m(TaskRunnerV1 pid=29009)[0m                'pf_ppo': {'reweight_method': 'pow', 'weight_pow': 2.0},
[36m(TaskRunnerV1 pid=29009)[0m                'rollout_correction': {'bypass_mode': False,
[36m(TaskRunnerV1 pid=29009)[0m                                       'loss_type': 'ppo_clip',
[36m(TaskRunnerV1 pid=29009)[0m                                       'rollout_is': None,
[36m(TaskRunnerV1 pid=29009)[0m                                       'rollout_is_batch_normalize': False,
[36m(TaskRunnerV1 pid=29009)[0m                                       'rollout_is_threshold': 2.0,
[36m(TaskRunnerV1 pid=29009)[0m                                       'rollout_rs': None,
[36m(TaskRunnerV1 pid=29009)[0m                                       'rollout_rs_threshold': None},
[36m(TaskRunnerV1 pid=29009)[0m                'use_kl_in_reward': False,
[36m(TaskRunnerV1 pid=29009)[0m                'use_pf_ppo': False},
[36m(TaskRunnerV1 pid=29009)[0m  'critic': {'_target_': 'verl.workers.config.FSDPCriticConfig',
[36m(TaskRunnerV1 pid=29009)[0m             'checkpoint': {'_target_': 'verl.trainer.config.CheckpointConfig',
[36m(TaskRunnerV1 pid=29009)[0m                            'async_save': False,
[36m(TaskRunnerV1 pid=29009)[0m                            'load_contents': ['model', 'optimizer', 'extra'],
[36m(TaskRunnerV1 pid=29009)[0m                            'save_contents': ['model', 'optimizer', 'extra']},
[36m(TaskRunnerV1 pid=29009)[0m             'cliprange_value': 0.5,
[36m(TaskRunnerV1 pid=29009)[0m             'data_loader_seed': 42,
[36m(TaskRunnerV1 pid=29009)[0m             'enable': None,
[36m(TaskRunnerV1 pid=29009)[0m             'forward_max_token_len_per_gpu': 32768,
[36m(TaskRunnerV1 pid=29009)[0m             'forward_micro_batch_size': None,
[36m(TaskRunnerV1 pid=29009)[0m             'forward_micro_batch_size_per_gpu': None,
[36m(TaskRunnerV1 pid=29009)[0m             'fsdp': {'_target_': 'verl.workers.config.FSDPEngineConfig',
[36m(TaskRunnerV1 pid=29009)[0m                      'dtype': 'bfloat16',
[36m(TaskRunnerV1 pid=29009)[0m                      'entropy_checkpointing': False,
[36m(TaskRunnerV1 pid=29009)[0m                      'entropy_from_logits_chunk_size': 2048,
[36m(TaskRunnerV1 pid=29009)[0m                      'entropy_from_logits_with_chunking': False,
[36m(TaskRunnerV1 pid=29009)[0m                      'forward_only': False,
[36m(TaskRunnerV1 pid=29009)[0m                      'forward_prefetch': False,
[36m(TaskRunnerV1 pid=29009)[0m                      'fsdp_size': -1,
[36m(TaskRunnerV1 pid=29009)[0m                      'full_determinism': False,
[36m(TaskRunnerV1 pid=29009)[0m                      'model_dtype': 'fp32',
[36m(TaskRunnerV1 pid=29009)[0m                      'offload_policy': False,
[36m(TaskRunnerV1 pid=29009)[0m                      'optimizer_offload': False,
[36m(TaskRunnerV1 pid=29009)[0m                      'param_offload': False,
[36m(TaskRunnerV1 pid=29009)[0m                      'qat': {'_target_': 'verl.workers.config.QATEngineConfig',
[36m(TaskRunnerV1 pid=29009)[0m                              'activation_observer': 'static_minmax',
[36m(TaskRunnerV1 pid=29009)[0m                              'enable': False,
[36m(TaskRunnerV1 pid=29009)[0m                              'group_size': 16,
[36m(TaskRunnerV1 pid=29009)[0m                              'ignore_patterns': ['lm_head',
[36m(TaskRunnerV1 pid=29009)[0m                                                  'embed_tokens',
[36m(TaskRunnerV1 pid=29009)[0m                                                  're:.*mlp.gate$'],
[36m(TaskRunnerV1 pid=29009)[0m                              'mode': 'w4a16',
[36m(TaskRunnerV1 pid=29009)[0m                              'quantization_config_path': None},
[36m(TaskRunnerV1 pid=29009)[0m                      'reshard_after_forward': True,
[36m(TaskRunnerV1 pid=29009)[0m                      'seed': 42,
[36m(TaskRunnerV1 pid=29009)[0m                      'strategy': 'fsdp',
[36m(TaskRunnerV1 pid=29009)[0m                      'ulysses_sequence_parallel_size': 1,
[36m(TaskRunnerV1 pid=29009)[0m                      'use_orig_params': False,
[36m(TaskRunnerV1 pid=29009)[0m                      'use_torch_compile': True,
[36m(TaskRunnerV1 pid=29009)[0m                      'wrap_policy': {'min_num_params': 0}},
[36m(TaskRunnerV1 pid=29009)[0m             'grad_clip': 1.0,
[36m(TaskRunnerV1 pid=29009)[0m             'loss_agg_mode': 'token-mean',
[36m(TaskRunnerV1 pid=29009)[0m             'model': {'_target_': 'verl.workers.config.HFModelConfig',
[36m(TaskRunnerV1 pid=29009)[0m                       'custom_chat_template': None,
[36m(TaskRunnerV1 pid=29009)[0m                       'enable_activation_offload': False,
[36m(TaskRunnerV1 pid=29009)[0m                       'enable_gradient_checkpointing': True,
[36m(TaskRunnerV1 pid=29009)[0m                       'exclude_modules': None,
[36m(TaskRunnerV1 pid=29009)[0m                       'external_lib': None,
[36m(TaskRunnerV1 pid=29009)[0m                       'fused_kernel_options': {'impl_backend': 'torch'},
[36m(TaskRunnerV1 pid=29009)[0m                       'hf_config_path': None,
[36m(TaskRunnerV1 pid=29009)[0m                       'lora': {'a2a_experimental': False,
[36m(TaskRunnerV1 pid=29009)[0m                                'adapter_path': None,
[36m(TaskRunnerV1 pid=29009)[0m                                'alpha': 32,
[36m(TaskRunnerV1 pid=29009)[0m                                'dropout': 0.0,
[36m(TaskRunnerV1 pid=29009)[0m                                'dropout_position': 'pre',
[36m(TaskRunnerV1 pid=29009)[0m                                'dtype': None,
[36m(TaskRunnerV1 pid=29009)[0m                                'exclude_modules': [],
[36m(TaskRunnerV1 pid=29009)[0m                                'freeze_language_model': True,
[36m(TaskRunnerV1 pid=29009)[0m                                'freeze_vision_model': True,
[36m(TaskRunnerV1 pid=29009)[0m                                'freeze_vision_projection': True,
[36m(TaskRunnerV1 pid=29009)[0m                                'lora_A_init_method': 'xavier',
[36m(TaskRunnerV1 pid=29009)[0m                                'lora_B_init_method': 'zero',
[36m(TaskRunnerV1 pid=29009)[0m                                'merge': False,
[36m(TaskRunnerV1 pid=29009)[0m                                'rank': 0,
[36m(TaskRunnerV1 pid=29009)[0m                                'target_modules': ['linear_qkv',
[36m(TaskRunnerV1 pid=29009)[0m                                                   'linear_proj',
[36m(TaskRunnerV1 pid=29009)[0m                                                   'linear_fc1',
[36m(TaskRunnerV1 pid=29009)[0m                                                   'linear_fc2'],
[36m(TaskRunnerV1 pid=29009)[0m                                'type': 'lora'},
[36m(TaskRunnerV1 pid=29009)[0m                       'lora_adapter_path': None,
[36m(TaskRunnerV1 pid=29009)[0m                       'lora_alpha': 16,
[36m(TaskRunnerV1 pid=29009)[0m                       'lora_rank': 0,
[36m(TaskRunnerV1 pid=29009)[0m                       'mtp': {'_target_': 'verl.workers.config.MtpConfig',
[36m(TaskRunnerV1 pid=29009)[0m                               'detach_encoder': False,
[36m(TaskRunnerV1 pid=29009)[0m                               'enable': False,
[36m(TaskRunnerV1 pid=29009)[0m                               'enable_rollout': False,
[36m(TaskRunnerV1 pid=29009)[0m                               'enable_train': False,
[36m(TaskRunnerV1 pid=29009)[0m                               'method': 'mtp',
[36m(TaskRunnerV1 pid=29009)[0m                               'mtp_loss_scaling_factor': 0.1,
[36m(TaskRunnerV1 pid=29009)[0m                               'num_speculative_tokens': 1,
[36m(TaskRunnerV1 pid=29009)[0m                               'speculative_algorithm': 'EAGLE',
[36m(TaskRunnerV1 pid=29009)[0m                               'speculative_eagle_topk': 1,
[36m(TaskRunnerV1 pid=29009)[0m                               'speculative_num_draft_tokens': 4,
[36m(TaskRunnerV1 pid=29009)[0m                               'speculative_num_steps': 3},
[36m(TaskRunnerV1 pid=29009)[0m                       'override_config': {},
[36m(TaskRunnerV1 pid=29009)[0m                       'path': '~/models/deepseek-llm-7b-chat',
[36m(TaskRunnerV1 pid=29009)[0m                       'target_modules': 'all-linear',
[36m(TaskRunnerV1 pid=29009)[0m                       'tiled_mlp': {'enabled': False, 'num_shards': 4},
[36m(TaskRunnerV1 pid=29009)[0m                       'tokenizer_path': None,
[36m(TaskRunnerV1 pid=29009)[0m                       'trust_remote_code': False,
[36m(TaskRunnerV1 pid=29009)[0m                       'use_fused_kernels': False,
[36m(TaskRunnerV1 pid=29009)[0m                       'use_liger': False,
[36m(TaskRunnerV1 pid=29009)[0m                       'use_remove_padding': True,
[36m(TaskRunnerV1 pid=29009)[0m                       'use_shm': False},
[36m(TaskRunnerV1 pid=29009)[0m             'optim': {'_target_': 'verl.workers.config.FSDPOptimizerConfig',
[36m(TaskRunnerV1 pid=29009)[0m                       'betas': [0.9, 0.999],
[36m(TaskRunnerV1 pid=29009)[0m                       'clip_grad': 1.0,
[36m(TaskRunnerV1 pid=29009)[0m                       'lr': 1e-05,
[36m(TaskRunnerV1 pid=29009)[0m                       'lr_scheduler_type': 'constant',
[36m(TaskRunnerV1 pid=29009)[0m                       'lr_warmup_steps': -1,
[36m(TaskRunnerV1 pid=29009)[0m                       'lr_warmup_steps_ratio': 0.0,
[36m(TaskRunnerV1 pid=29009)[0m                       'min_lr_ratio': 0.0,
[36m(TaskRunnerV1 pid=29009)[0m                       'num_cycles': 0.5,
[36m(TaskRunnerV1 pid=29009)[0m                       'optimizer': 'AdamW',
[36m(TaskRunnerV1 pid=29009)[0m                       'optimizer_impl': 'torch.optim',
[36m(TaskRunnerV1 pid=29009)[0m                       'override_optimizer_config': None,
[36m(TaskRunnerV1 pid=29009)[0m                       'total_training_steps': -1,
[36m(TaskRunnerV1 pid=29009)[0m                       'warmup_style': None,
[36m(TaskRunnerV1 pid=29009)[0m                       'weight_decay': 0.01,
[36m(TaskRunnerV1 pid=29009)[0m                       'zero_indexed_step': True},
[36m(TaskRunnerV1 pid=29009)[0m             'ppo_epochs': 1,
[36m(TaskRunnerV1 pid=29009)[0m             'ppo_max_token_len_per_gpu': 32768,
[36m(TaskRunnerV1 pid=29009)[0m             'ppo_micro_batch_size': None,
[36m(TaskRunnerV1 pid=29009)[0m             'ppo_micro_batch_size_per_gpu': None,
[36m(TaskRunnerV1 pid=29009)[0m             'ppo_mini_batch_size': 128,
[36m(TaskRunnerV1 pid=29009)[0m             'profiler': {'_target_': 'verl.utils.profiler.ProfilerConfig',
[36m(TaskRunnerV1 pid=29009)[0m                          'all_ranks': False,
[36m(TaskRunnerV1 pid=29009)[0m                          'enable': False,
[36m(TaskRunnerV1 pid=29009)[0m                          'ranks': [],
[36m(TaskRunnerV1 pid=29009)[0m                          'save_path': 'outputs/profile',
[36m(TaskRunnerV1 pid=29009)[0m                          'tool': None,
[36m(TaskRunnerV1 pid=29009)[0m                          'tool_config': {'npu': {'_target_': 'verl.utils.profiler.config.NPUToolConfig',
[36m(TaskRunnerV1 pid=29009)[0m                                                  'analysis': True,
[36m(TaskRunnerV1 pid=29009)[0m                                                  'contents': [],
[36m(TaskRunnerV1 pid=29009)[0m                                                  'discrete': False,
[36m(TaskRunnerV1 pid=29009)[0m                                                  'level': 'level0'},
[36m(TaskRunnerV1 pid=29009)[0m                                          'nsys': {'_target_': 'verl.utils.profiler.config.NsightToolConfig',
[36m(TaskRunnerV1 pid=29009)[0m                                                   'discrete': False},
[36m(TaskRunnerV1 pid=29009)[0m                                          'precision_debugger': {'_target_': 'verl.utils.profiler.config.PrecisionDebuggerToolConfig',
[36m(TaskRunnerV1 pid=29009)[0m                                                                 'config_path': None,
[36m(TaskRunnerV1 pid=29009)[0m                                                                 'stages': None,
[36m(TaskRunnerV1 pid=29009)[0m                                                                 'steps': None,
[36m(TaskRunnerV1 pid=29009)[0m                                                                 'strict': False},
[36m(TaskRunnerV1 pid=29009)[0m                                          'torch': {'_target_': 'verl.utils.profiler.config.TorchProfilerToolConfig',
[36m(TaskRunnerV1 pid=29009)[0m                                                    'contents': [],
[36m(TaskRunnerV1 pid=29009)[0m                                                    'discrete': False},
[36m(TaskRunnerV1 pid=29009)[0m                                          'torch_memory': {'_target_': 'verl.utils.profiler.config.TorchMemoryToolConfig',
[36m(TaskRunnerV1 pid=29009)[0m                                                           'stack_depth': 32,
[36m(TaskRunnerV1 pid=29009)[0m                                                           'trace_alloc_max_entries': 100000}}},
[36m(TaskRunnerV1 pid=29009)[0m             'rollout_n': 1,
[36m(TaskRunnerV1 pid=29009)[0m             'shuffle': False,
[36m(TaskRunnerV1 pid=29009)[0m             'strategy': 'fsdp',
[36m(TaskRunnerV1 pid=29009)[0m             'ulysses_sequence_parallel_size': 1,
[36m(TaskRunnerV1 pid=29009)[0m             'use_dynamic_bsz': True},
[36m(TaskRunnerV1 pid=29009)[0m  'custom_reward_function': {'name': None, 'path': None},
[36m(TaskRunnerV1 pid=29009)[0m  'data': {'apply_chat_template_kwargs': {},
[36m(TaskRunnerV1 pid=29009)[0m           'audio_key': 'audios',
[36m(TaskRunnerV1 pid=29009)[0m           'continuous_token': {'enable': False, 'model_family': 'auto'},
[36m(TaskRunnerV1 pid=29009)[0m           'custom_cls': {'name': None, 'path': None},
[36m(TaskRunnerV1 pid=29009)[0m           'dataloader_num_workers': 8,
[36m(TaskRunnerV1 pid=29009)[0m           'filter_overlong_prompts': False,
[36m(TaskRunnerV1 pid=29009)[0m           'filter_overlong_prompts_workers': 1,
[36m(TaskRunnerV1 pid=29009)[0m           'function_tool_path': None,
[36m(TaskRunnerV1 pid=29009)[0m           'image_key': 'images',
[36m(TaskRunnerV1 pid=29009)[0m           'image_patch_size': 14,
[36m(TaskRunnerV1 pid=29009)[0m           'max_prompt_length': 5000,
[36m(TaskRunnerV1 pid=29009)[0m           'max_response_length': 4000,
[36m(TaskRunnerV1 pid=29009)[0m           'mm_processor_kwargs': {},
[36m(TaskRunnerV1 pid=29009)[0m           'prompt_key': 'prompt',
[36m(TaskRunnerV1 pid=29009)[0m           'return_full_prompt': False,
[36m(TaskRunnerV1 pid=29009)[0m           'return_multi_modal_inputs': True,
[36m(TaskRunnerV1 pid=29009)[0m           'return_raw_chat': True,
[36m(TaskRunnerV1 pid=29009)[0m           'return_raw_input_ids': False,
[36m(TaskRunnerV1 pid=29009)[0m           'reward_fn_key': 'data_source',
[36m(TaskRunnerV1 pid=29009)[0m           'seed': None,
[36m(TaskRunnerV1 pid=29009)[0m           'shuffle': True,
[36m(TaskRunnerV1 pid=29009)[0m           'tokenizer': None,
[36m(TaskRunnerV1 pid=29009)[0m           'tool_config_path': '/project/scratch/p201382/erisa/Internship/Cascade2/verl-version/multi-domain-RL/tools.yaml',
[36m(TaskRunnerV1 pid=29009)[0m           'train_batch_size': 128,
[36m(TaskRunnerV1 pid=29009)[0m           'train_files': '/project/scratch/p201382/erisa/Internship/Cascade2/verl-version/multi-domain-RL/workplace-train.parquet',
[36m(TaskRunnerV1 pid=29009)[0m           'train_max_samples': -1,
[36m(TaskRunnerV1 pid=29009)[0m           'truncation': 'error',
[36m(TaskRunnerV1 pid=29009)[0m           'trust_remote_code': False,
[36m(TaskRunnerV1 pid=29009)[0m           'use_shm': False,
[36m(TaskRunnerV1 pid=29009)[0m           'val_batch_size': None,
[36m(TaskRunnerV1 pid=29009)[0m           'val_files': '/project/scratch/p201382/erisa/Internship/Cascade2/verl-version/multi-domain-RL/workplace-test.parquet',
[36m(TaskRunnerV1 pid=29009)[0m           'val_max_samples': -1,
[36m(TaskRunnerV1 pid=29009)[0m           'validation_shuffle': False,
[36m(TaskRunnerV1 pid=29009)[0m           'video_key': 'videos'},
[36m(TaskRunnerV1 pid=29009)[0m  'distillation': {'_target_': 'verl.workers.config.DistillationConfig',
[36m(TaskRunnerV1 pid=29009)[0m                   'distillation_loss': {'_target_': 'verl.workers.config.DistillationLossConfig',
[36m(TaskRunnerV1 pid=29009)[0m                                         'clip_ratio': 0.2,
[36m(TaskRunnerV1 pid=29009)[0m                                         'clip_ratio_high': 0.2,
[36m(TaskRunnerV1 pid=29009)[0m                                         'clip_ratio_low': 0.2,
[36m(TaskRunnerV1 pid=29009)[0m                                         'distillation_loss_coef': 1.0,
[36m(TaskRunnerV1 pid=29009)[0m                                         'log_prob_min_clamp': None,
[36m(TaskRunnerV1 pid=29009)[0m                                         'loss_max_clamp': None,
[36m(TaskRunnerV1 pid=29009)[0m                                         'loss_mode': 'k3',
[36m(TaskRunnerV1 pid=29009)[0m                                         'policy_loss_mode': 'vanilla',
[36m(TaskRunnerV1 pid=29009)[0m                                         'topk': 32,
[36m(TaskRunnerV1 pid=29009)[0m                                         'use_policy_gradient': False,
[36m(TaskRunnerV1 pid=29009)[0m                                         'use_task_rewards': True},
[36m(TaskRunnerV1 pid=29009)[0m                   'enabled': False,
[36m(TaskRunnerV1 pid=29009)[0m                   'n_gpus_per_node': 8,
[36m(TaskRunnerV1 pid=29009)[0m                   'nnodes': 0,
[36m(TaskRunnerV1 pid=29009)[0m                   'teacher_key': 'data_source',
[36m(TaskRunnerV1 pid=29009)[0m                   'teacher_models': {'teacher_model': {'_target_': 'verl.workers.config.DistillationTeacherModelConfig',
[36m(TaskRunnerV1 pid=29009)[0m                                                        'inference': {'_target_': 'verl.workers.config.RolloutConfig',
[36m(TaskRunnerV1 pid=29009)[0m                                                                      'cudagraph_capture_sizes': None,
[36m(TaskRunnerV1 pid=29009)[0m                                                                      'data_parallel_size': 1,
[36m(TaskRunnerV1 pid=29009)[0m                                                                      'disable_log_stats': True,
[36m(TaskRunnerV1 pid=29009)[0m                                                                      'dtype': 'bfloat16',
[36m(TaskRunnerV1 pid=29009)[0m                                                                      'enable_chunked_prefill': True,
[36m(TaskRunnerV1 pid=29009)[0m                                                                      'enable_prefix_caching': True,
[36m(TaskRunnerV1 pid=29009)[0m                                                                      'enforce_eager': True,
[36m(TaskRunnerV1 pid=29009)[0m                                                                      'engine_kwargs': {},
[36m(TaskRunnerV1 pid=29009)[0m                                                                      'expert_parallel_size': 1,
[36m(TaskRunnerV1 pid=29009)[0m                                                                      'free_cache_engine': True,
[36m(TaskRunnerV1 pid=29009)[0m                                                                      'gpu_memory_utilization': 0.5,
[36m(TaskRunnerV1 pid=29009)[0m                                                                      'limit_images': None,
[36m(TaskRunnerV1 pid=29009)[0m                                                                      'load_format': 'auto',
[36m(TaskRunnerV1 pid=29009)[0m                                                                      'max_model_len': None,
[36m(TaskRunnerV1 pid=29009)[0m                                                                      'max_num_batched_tokens': 8192,
[36m(TaskRunnerV1 pid=29009)[0m                                                                      'max_num_seqs': 1024,
[36m(TaskRunnerV1 pid=29009)[0m                                                                      'name': 'vllm',
[36m(TaskRunnerV1 pid=29009)[0m                                                                      'prompt_length': 5000,
[36m(TaskRunnerV1 pid=29009)[0m                                                                      'response_length': 4000,
[36m(TaskRunnerV1 pid=29009)[0m                                                                      'skip_tokenizer_init': True,
[36m(TaskRunnerV1 pid=29009)[0m                                                                      'temperature': 1.0,
[36m(TaskRunnerV1 pid=29009)[0m                                                                      'tensor_model_parallel_size': 2},
[36m(TaskRunnerV1 pid=29009)[0m                                                        'key': None,
[36m(TaskRunnerV1 pid=29009)[0m                                                        'model_path': None,
[36m(TaskRunnerV1 pid=29009)[0m                                                        'num_replicas': 0}}},
[36m(TaskRunnerV1 pid=29009)[0m  'global_profiler': {'_target_': 'verl.utils.profiler.ProfilerConfig',
[36m(TaskRunnerV1 pid=29009)[0m                      'global_tool_config': {'nsys': {'_target_': 'verl.utils.profiler.config.NsightToolConfig',
[36m(TaskRunnerV1 pid=29009)[0m                                                      'controller_nsight_options': {'cuda-graph-trace': 'graph',
[36m(TaskRunnerV1 pid=29009)[0m                                                                                    'cuda-memory-usage': 'true',
[36m(TaskRunnerV1 pid=29009)[0m                                                                                    'trace': 'cuda,nvtx,cublas,ucx'},
[36m(TaskRunnerV1 pid=29009)[0m                                                      'discrete': False,
[36m(TaskRunnerV1 pid=29009)[0m                                                      'worker_nsight_options': {'capture-range': 'cudaProfilerApi',
[36m(TaskRunnerV1 pid=29009)[0m                                                                                'capture-range-end': None,
[36m(TaskRunnerV1 pid=29009)[0m                                                                                'cuda-graph-trace': 'graph',
[36m(TaskRunnerV1 pid=29009)[0m                                                                                'cuda-memory-usage': 'true',
[36m(TaskRunnerV1 pid=29009)[0m                                                                                'kill': 'none',
[36m(TaskRunnerV1 pid=29009)[0m                                                                                'trace': 'cuda,nvtx,cublas,ucx'}},
[36m(TaskRunnerV1 pid=29009)[0m                                             'precision_debugger': {'_target_': 'verl.utils.profiler.config.PrecisionDebuggerToolConfig',
[36m(TaskRunnerV1 pid=29009)[0m                                                                    'config_path': None,
[36m(TaskRunnerV1 pid=29009)[0m                                                                    'stages': None,
[36m(TaskRunnerV1 pid=29009)[0m                                                                    'steps': None,
[36m(TaskRunnerV1 pid=29009)[0m                                                                    'strict': False},
[36m(TaskRunnerV1 pid=29009)[0m                                             'torch_memory': {'context': 'all',
[36m(TaskRunnerV1 pid=29009)[0m                                                              'kw_args': {},
[36m(TaskRunnerV1 pid=29009)[0m                                                              'stack_depth': 32,
[36m(TaskRunnerV1 pid=29009)[0m                                                              'stacks': 'all',
[36m(TaskRunnerV1 pid=29009)[0m                                                              'trace_alloc_max_entries': 100000}},
[36m(TaskRunnerV1 pid=29009)[0m                      'profile_continuous_steps': False,
[36m(TaskRunnerV1 pid=29009)[0m                      'save_path': 'outputs/profile',
[36m(TaskRunnerV1 pid=29009)[0m                      'steps': None,
[36m(TaskRunnerV1 pid=29009)[0m                      'tool': None},
[36m(TaskRunnerV1 pid=29009)[0m  'model_engine': 'dp',
[36m(TaskRunnerV1 pid=29009)[0m  'ray_kwargs': {'ray_init': {'num_cpus': None}, 'timeline_json_file': None},
[36m(TaskRunnerV1 pid=29009)[0m  'reward': {'_target_': 'verl.workers.config.RewardConfig',
[36m(TaskRunnerV1 pid=29009)[0m             'custom_reward_function': {'name': 'multi_domain_reward_fn',
[36m(TaskRunnerV1 pid=29009)[0m                                        'path': '/project/scratch/p201382/erisa/Internship/Cascade2/verl-version/multi-domain-RL/reward.py'},
[36m(TaskRunnerV1 pid=29009)[0m             'num_workers': 8,
[36m(TaskRunnerV1 pid=29009)[0m             'reward_kwargs': {'max_resp_len': 4000,
[36m(TaskRunnerV1 pid=29009)[0m                               'overlong_penalty': {'enable': True,
[36m(TaskRunnerV1 pid=29009)[0m                                                    'log': True}},
[36m(TaskRunnerV1 pid=29009)[0m             'reward_manager': {'_target_': 'verl.workers.config.reward.RewardManagerConfig',
[36m(TaskRunnerV1 pid=29009)[0m                                'module': {'_target_': 'verl.trainer.config.config.ModuleConfig',
[36m(TaskRunnerV1 pid=29009)[0m                                           'name': 'custom_reward_manager',
[36m(TaskRunnerV1 pid=29009)[0m                                           'path': None},
[36m(TaskRunnerV1 pid=29009)[0m                                'name': 'dapo_overlong_penalty',
[36m(TaskRunnerV1 pid=29009)[0m                                'source': 'register'},
[36m(TaskRunnerV1 pid=29009)[0m             'reward_model': {'_target_': 'verl.workers.config.RewardModelConfig',
[36m(TaskRunnerV1 pid=29009)[0m                              'enable': False,
[36m(TaskRunnerV1 pid=29009)[0m                              'enable_resource_pool': False,
[36m(TaskRunnerV1 pid=29009)[0m                              'model_path': None,
[36m(TaskRunnerV1 pid=29009)[0m                              'n_gpus_per_node': 8,
[36m(TaskRunnerV1 pid=29009)[0m                              'nnodes': 0,
[36m(TaskRunnerV1 pid=29009)[0m                              'rollout': {'_target_': 'verl.workers.config.RolloutConfig',
[36m(TaskRunnerV1 pid=29009)[0m                                          'cudagraph_capture_sizes': None,
[36m(TaskRunnerV1 pid=29009)[0m                                          'data_parallel_size': 1,
[36m(TaskRunnerV1 pid=29009)[0m                                          'disable_log_stats': True,
[36m(TaskRunnerV1 pid=29009)[0m                                          'disaggregation': {'bootstrap_port': None,
[36m(TaskRunnerV1 pid=29009)[0m                                                             'decode_replicas': 1,
[36m(TaskRunnerV1 pid=29009)[0m                                                             'decode_tensor_model_parallel_size': None,
[36m(TaskRunnerV1 pid=29009)[0m                                                             'enabled': False,
[36m(TaskRunnerV1 pid=29009)[0m                                                             'ib_device': None,
[36m(TaskRunnerV1 pid=29009)[0m                                                             'prefill_replicas': 1,
[36m(TaskRunnerV1 pid=29009)[0m                                                             'transfer_backend': 'nixl'},
[36m(TaskRunnerV1 pid=29009)[0m                                          'do_sample': True,
[36m(TaskRunnerV1 pid=29009)[0m                                          'dtype': 'bfloat16',
[36m(TaskRunnerV1 pid=29009)[0m                                          'enable_chunked_prefill': True,
[36m(TaskRunnerV1 pid=29009)[0m                                          'enable_prefix_caching': True,
[36m(TaskRunnerV1 pid=29009)[0m                                          'enforce_eager': True,
[36m(TaskRunnerV1 pid=29009)[0m                                          'engine_kwargs': {},
[36m(TaskRunnerV1 pid=29009)[0m                                          'expert_parallel_size': 1,
[36m(TaskRunnerV1 pid=29009)[0m                                          'free_cache_engine': True,
[36m(TaskRunnerV1 pid=29009)[0m                                          'full_determinism': False,
[36m(TaskRunnerV1 pid=29009)[0m                                          'gpu_memory_utilization': 0.5,
[36m(TaskRunnerV1 pid=29009)[0m                                          'ignore_eos': False,
[36m(TaskRunnerV1 pid=29009)[0m                                          'layered_summon': False,
[36m(TaskRunnerV1 pid=29009)[0m                                          'limit_images': None,
[36m(TaskRunnerV1 pid=29009)[0m                                          'load_format': 'auto',
[36m(TaskRunnerV1 pid=29009)[0m                                          'max_model_len': None,
[36m(TaskRunnerV1 pid=29009)[0m                                          'max_num_batched_tokens': 8192,
[36m(TaskRunnerV1 pid=29009)[0m                                          'max_num_seqs': 1024,
[36m(TaskRunnerV1 pid=29009)[0m                                          'mtp': None,
[36m(TaskRunnerV1 pid=29009)[0m                                          'multi_stage_wake_up': False,
[36m(TaskRunnerV1 pid=29009)[0m                                          'n': 1,
[36m(TaskRunnerV1 pid=29009)[0m                                          'name': '???',
[36m(TaskRunnerV1 pid=29009)[0m                                          'pipeline_model_parallel_size': 1,
[36m(TaskRunnerV1 pid=29009)[0m                                          'prompt_length': 2048,
[36m(TaskRunnerV1 pid=29009)[0m                                          'quantization': None,
[36m(TaskRunnerV1 pid=29009)[0m                                          'quantization_config_file': None,
[36m(TaskRunnerV1 pid=29009)[0m                                          'response_length': 2048,
[36m(TaskRunnerV1 pid=29009)[0m                                          'scheduling_policy': 'fcfs',
[36m(TaskRunnerV1 pid=29009)[0m                                          'seed': 42,
[36m(TaskRunnerV1 pid=29009)[0m                                          'skip_tokenizer_init': False,
[36m(TaskRunnerV1 pid=29009)[0m                                          'temperature': 1.0,
[36m(TaskRunnerV1 pid=29009)[0m                                          'tensor_model_parallel_size': 2,
[36m(TaskRunnerV1 pid=29009)[0m                                          'top_k': -1,
[36m(TaskRunnerV1 pid=29009)[0m                                          'top_p': 1}},
[36m(TaskRunnerV1 pid=29009)[0m             'sandbox_fusion': {'_target_': 'verl.workers.config.SandboxFusionConfig',
[36m(TaskRunnerV1 pid=29009)[0m                                'max_concurrent': 64,
[36m(TaskRunnerV1 pid=29009)[0m                                'memory_limit_mb': 1024,
[36m(TaskRunnerV1 pid=29009)[0m                                'url': None}},
[36m(TaskRunnerV1 pid=29009)[0m  'reward_model': {'enable': None,
[36m(TaskRunnerV1 pid=29009)[0m                   'enable_resource_pool': None,
[36m(TaskRunnerV1 pid=29009)[0m                   'model': {'external_lib': None,
[36m(TaskRunnerV1 pid=29009)[0m                             'path': None,
[36m(TaskRunnerV1 pid=29009)[0m                             'trust_remote_code': None},
[36m(TaskRunnerV1 pid=29009)[0m                   'n_gpus_per_node': None,
[36m(TaskRunnerV1 pid=29009)[0m                   'nnodes': None,
[36m(TaskRunnerV1 pid=29009)[0m                   'num_workers': None,
[36m(TaskRunnerV1 pid=29009)[0m                   'reward_loop_class_name': None,
[36m(TaskRunnerV1 pid=29009)[0m                   'reward_loop_module_path': None,
[36m(TaskRunnerV1 pid=29009)[0m                   'reward_loop_source': None,
[36m(TaskRunnerV1 pid=29009)[0m                   'reward_manager': None,
[36m(TaskRunnerV1 pid=29009)[0m                   'rollout': {'cudagraph_capture_sizes': None,
[36m(TaskRunnerV1 pid=29009)[0m                               'data_parallel_size': None,
[36m(TaskRunnerV1 pid=29009)[0m                               'disable_log_stats': None,
[36m(TaskRunnerV1 pid=29009)[0m                               'dtype': None,
[36m(TaskRunnerV1 pid=29009)[0m                               'enable_chunked_prefill': None,
[36m(TaskRunnerV1 pid=29009)[0m                               'enable_prefix_caching': None,
[36m(TaskRunnerV1 pid=29009)[0m                               'enforce_eager': None,
[36m(TaskRunnerV1 pid=29009)[0m                               'engine_kwargs': None,
[36m(TaskRunnerV1 pid=29009)[0m                               'expert_parallel_size': None,
[36m(TaskRunnerV1 pid=29009)[0m                               'free_cache_engine': None,
[36m(TaskRunnerV1 pid=29009)[0m                               'gpu_memory_utilization': None,
[36m(TaskRunnerV1 pid=29009)[0m                               'limit_images': None,
[36m(TaskRunnerV1 pid=29009)[0m                               'load_format': None,
[36m(TaskRunnerV1 pid=29009)[0m                               'max_model_len': None,
[36m(TaskRunnerV1 pid=29009)[0m                               'max_num_batched_tokens': None,
[36m(TaskRunnerV1 pid=29009)[0m                               'max_num_seqs': None,
[36m(TaskRunnerV1 pid=29009)[0m                               'name': None,
[36m(TaskRunnerV1 pid=29009)[0m                               'prompt_length': None,
[36m(TaskRunnerV1 pid=29009)[0m                               'response_length': None,
[36m(TaskRunnerV1 pid=29009)[0m                               'skip_tokenizer_init': None,
[36m(TaskRunnerV1 pid=29009)[0m                               'tensor_model_parallel_size': None}},
[36m(TaskRunnerV1 pid=29009)[0m  'sandbox_fusion': {'max_concurrent': None,
[36m(TaskRunnerV1 pid=29009)[0m                     'memory_limit_mb': None,
[36m(TaskRunnerV1 pid=29009)[0m                     'url': None},
[36m(TaskRunnerV1 pid=29009)[0m  'skip': {'_target_': 'verl.utils.skip.SkipManagerConfig',
[36m(TaskRunnerV1 pid=29009)[0m           'async_rollout': {'action': 'cache',
[36m(TaskRunnerV1 pid=29009)[0m                             'dump_dir': '~/.verl/rollout_dump',
[36m(TaskRunnerV1 pid=29009)[0m                             'enable': False,
[36m(TaskRunnerV1 pid=29009)[0m                             'steps': []},
[36m(TaskRunnerV1 pid=29009)[0m           'rollout': {'action': 'cache',
[36m(TaskRunnerV1 pid=29009)[0m                       'dump_dir': '~/.verl/rollout_dump',
[36m(TaskRunnerV1 pid=29009)[0m                       'enable': False,
[36m(TaskRunnerV1 pid=29009)[0m                       'steps': []}},
[36m(TaskRunnerV1 pid=29009)[0m  'trainer': {'balance_batch': True,
[36m(TaskRunnerV1 pid=29009)[0m              'critic_warmup': 0,
[36m(TaskRunnerV1 pid=29009)[0m              'default_hdfs_dir': None,
[36m(TaskRunnerV1 pid=29009)[0m              'default_local_dir': '/project/home/p201382/erisa/Multi-Domain-RL/checkpoints',
[36m(TaskRunnerV1 pid=29009)[0m              'del_local_ckpt_after_load': False,
[36m(TaskRunnerV1 pid=29009)[0m              'device': 'cuda',
[36m(TaskRunnerV1 pid=29009)[0m              'esi_redundant_time': 0,
[36m(TaskRunnerV1 pid=29009)[0m              'experiment_name': 'multi_domain_rl',
[36m(TaskRunnerV1 pid=29009)[0m              'log_val_generations': 8,
[36m(TaskRunnerV1 pid=29009)[0m              'logger': ['wandb'],
[36m(TaskRunnerV1 pid=29009)[0m              'max_actor_ckpt_to_keep': None,
[36m(TaskRunnerV1 pid=29009)[0m              'max_critic_ckpt_to_keep': None,
[36m(TaskRunnerV1 pid=29009)[0m              'n_gpus_per_node': 4,
[36m(TaskRunnerV1 pid=29009)[0m              'nnodes': 1,
[36m(TaskRunnerV1 pid=29009)[0m              'project_name': 'multi_domain_rl',
[36m(TaskRunnerV1 pid=29009)[0m              'ray_wait_register_center_timeout': 300,
[36m(TaskRunnerV1 pid=29009)[0m              'resume_from_path': None,
[36m(TaskRunnerV1 pid=29009)[0m              'resume_mode': 'disable',
[36m(TaskRunnerV1 pid=29009)[0m              'rollout_data_dir': None,
[36m(TaskRunnerV1 pid=29009)[0m              'save_freq': 5,
[36m(TaskRunnerV1 pid=29009)[0m              'test_freq': 5,
[36m(TaskRunnerV1 pid=29009)[0m              'total_epochs': 30,
[36m(TaskRunnerV1 pid=29009)[0m              'total_training_steps': 20,
[36m(TaskRunnerV1 pid=29009)[0m              'use_v1': True,
[36m(TaskRunnerV1 pid=29009)[0m              'v1': {'colocate_async': {'num_warmup_batches': 1},
[36m(TaskRunnerV1 pid=29009)[0m                     'sampler': {'custom_sampler': {'name': None, 'path': None},
[36m(TaskRunnerV1 pid=29009)[0m                                 'max_off_policy_strategy': 'drop',
[36m(TaskRunnerV1 pid=29009)[0m                                 'max_off_policy_threshold': 8,
[36m(TaskRunnerV1 pid=29009)[0m                                 'sampler_kwargs': {}},
[36m(TaskRunnerV1 pid=29009)[0m                     'separate_async': {'num_warmup_batches': 4,
[36m(TaskRunnerV1 pid=29009)[0m                                        'parameter_sync_step': 4},
[36m(TaskRunnerV1 pid=29009)[0m                     'sync': {},
[36m(TaskRunnerV1 pid=29009)[0m                     'trainer_mode': 'sync'},
[36m(TaskRunnerV1 pid=29009)[0m              'val_before_train': True,
[36m(TaskRunnerV1 pid=29009)[0m              'val_only': False,
[36m(TaskRunnerV1 pid=29009)[0m              'validation_data_dir': '/project/home/p201382/erisa/Multi-Domain-RL/checkpoints/Validation'},
[36m(TaskRunnerV1 pid=29009)[0m  'transfer_queue': {'backend': {'MooncakeStore': {'auto_init': False,
[36m(TaskRunnerV1 pid=29009)[0m                                                   'device_name': '',
[36m(TaskRunnerV1 pid=29009)[0m                                                   'global_segment_size': 4294967296,
[36m(TaskRunnerV1 pid=29009)[0m                                                   'local_buffer_size': 1073741824,
[36m(TaskRunnerV1 pid=29009)[0m                                                   'local_hostname': 'localhost',
[36m(TaskRunnerV1 pid=29009)[0m                                                   'master_server_address': 'localhost:50124',
[36m(TaskRunnerV1 pid=29009)[0m                                                   'metadata_server': 'localhost:50123',
[36m(TaskRunnerV1 pid=29009)[0m                                                   'protocol': 'tcp'},
[36m(TaskRunnerV1 pid=29009)[0m                                 'SimpleStorage': {'num_data_storage_units': 8,
[36m(TaskRunnerV1 pid=29009)[0m                                                   'total_storage_size': 100000},
[36m(TaskRunnerV1 pid=29009)[0m                                 'storage_backend': 'SimpleStorage'},
[36m(TaskRunnerV1 pid=29009)[0m                     'enable': True,
[36m(TaskRunnerV1 pid=29009)[0m                     'metrics': {'enabled': False, 'port': 0}}}
[36m(TaskRunnerV1 pid=29009)[0m Using dataset class: RLHFDataset
[36m(TaskRunnerV1 pid=29009)[0m {
[36m(TaskRunnerV1 pid=29009)[0m   "type": "function",
[36m(TaskRunnerV1 pid=29009)[0m   "function": {
[36m(TaskRunnerV1 pid=29009)[0m     "name": "analytics_get_visitor_information_by_id",
[36m(TaskRunnerV1 pid=29009)[0m     "description": "Returns the analytics data for a given visitor ID.",
[36m(TaskRunnerV1 pid=29009)[0m     "parameters": {
[36m(TaskRunnerV1 pid=29009)[0m       "type": "object",
[36m(TaskRunnerV1 pid=29009)[0m       "properties": {
[36m(TaskRunnerV1 pid=29009)[0m         "visitor_id": {
[36m(TaskRunnerV1 pid=29009)[0m           "type": "string",
[36m(TaskRunnerV1 pid=29009)[0m           "description": "ID of the visitor"
[36m(TaskRunnerV1 pid=29009)[0m         }
[36m(TaskRunnerV1 pid=29009)[0m       },
[36m(TaskRunnerV1 pid=29009)[0m       "required": [
[36m(TaskRunnerV1 pid=29009)[0m         "visitor_id"
[36m(TaskRunnerV1 pid=29009)[0m       ]
[36m(TaskRunnerV1 pid=29009)[0m     },
[36m(TaskRunnerV1 pid=29009)[0m     "strict": false
[36m(TaskRunnerV1 pid=29009)[0m   }
[36m(TaskRunnerV1 pid=29009)[0m }
[36m(TaskRunnerV1 pid=29009)[0m {
[36m(TaskRunnerV1 pid=29009)[0m   "type": "function",
[36m(TaskRunnerV1 pid=29009)[0m   "function": {
[36m(TaskRunnerV1 pid=29009)[0m     "name": "analytics_create_plot",
[36m(TaskRunnerV1 pid=29009)[0m     "description": "Plots the analytics data for a given time range and value.",
[36m(TaskRunnerV1 pid=29009)[0m     "parameters": {
[36m(TaskRunnerV1 pid=29009)[0m       "type": "object",
[36m(TaskRunnerV1 pid=29009)[0m       "properties": {
[36m(TaskRunnerV1 pid=29009)[0m         "time_min": {
[36m(TaskRunnerV1 pid=29009)[0m           "type": "string",
[36m(TaskRunnerV1 pid=29009)[0m           "description": "Start date of the time range. Date format is YYYY-MM-DD"
[36m(TaskRunnerV1 pid=29009)[0m         },
[36m(TaskRunnerV1 pid=29009)[0m         "time_max": {
[36m(TaskRunnerV1 pid=29009)[0m           "type": "string",
[36m(TaskRunnerV1 pid=29009)[0m           "description": "End date of the time range. Date format is YYYY-MM-DD"
[36m(TaskRunnerV1 pid=29009)[0m         },
[36m(TaskRunnerV1 pid=29009)[0m         "value_to_plot": {
[36m(TaskRunnerV1 pid=29009)[0m           "type": "string",
[36m(TaskRunnerV1 pid=29009)[0m           "description": "Value to plot. Available values are: 'total_visits', 'session_duration_seconds', 'user_engaged', 'visits_direct', 'visits_referral', 'visits_search_engine', 'visits_social_media'"
[36m(TaskRunnerV1 pid=29009)[0m         },
[36m(TaskRunnerV1 pid=29009)[0m         "plot_type": {
[36m(TaskRunnerV1 pid=29009)[0m           "type": "string",
[36m(TaskRunnerV1 pid=29009)[0m           "description": "Type of plot. Can be 'bar', 'line', 'scatter' or 'histogram'"
[36m(TaskRunnerV1 pid=29009)[0m         }
[36m(TaskRunnerV1 pid=29009)[0m       },
[36m(TaskRunnerV1 pid=29009)[0m       "required": [
[36m(TaskRunnerV1 pid=29009)[0m         "time_min",
[36m(TaskRunnerV1 pid=29009)[0m         "time_max",
[36m(TaskRunnerV1 pid=29009)[0m         "value_to_plot",
[36m(TaskRunnerV1 pid=29009)[0m         "plot_type"
[36m(TaskRunnerV1 pid=29009)[0m       ]
[36m(TaskRunnerV1 pid=29009)[0m     },
[36m(TaskRunnerV1 pid=29009)[0m     "strict": false
[36m(TaskRunnerV1 pid=29009)[0m   }
[36m(TaskRunnerV1 pid=29009)[0m }
[36m(TaskRunnerV1 pid=29009)[0m {
[36m(TaskRunnerV1 pid=29009)[0m   "type": "function",
[36m(TaskRunnerV1 pid=29009)[0m   "function": {
[36m(TaskRunnerV1 pid=29009)[0m     "name": "analytics_total_visits_count",
[36m(TaskRunnerV1 pid=29009)[0m     "description": "Returns the total number of visits within a specified time range.",
[36m(TaskRunnerV1 pid=29009)[0m     "parameters": {
[36m(TaskRunnerV1 pid=29009)[0m       "type": "object",
[36m(TaskRunnerV1 pid=29009)[0m       "properties": {
[36m(TaskRunnerV1 pid=29009)[0m         "time_min": {
[36m(TaskRunnerV1 pid=29009)[0m           "type": "string",
[36m(TaskRunnerV1 pid=29009)[0m           "description": "Start date of the time range. Date format is YYYY-MM-DD"
[36m(TaskRunnerV1 pid=29009)[0m         },
[36m(TaskRunnerV1 pid=29009)[0m         "time_max": {
[36m(TaskRunnerV1 pid=29009)[0m           "type": "string",
[36m(TaskRunnerV1 pid=29009)[0m           "description": "End date of the time range. Date format is YYYY-MM-DD"
[36m(TaskRunnerV1 pid=29009)[0m         }
[36m(TaskRunnerV1 pid=29009)[0m       },
[36m(TaskRunnerV1 pid=29009)[0m       "required": []
[36m(TaskRunnerV1 pid=29009)[0m     },
[36m(TaskRunnerV1 pid=29009)[0m     "strict": false
[36m(TaskRunnerV1 pid=29009)[0m   }
[36m(TaskRunnerV1 pid=29009)[0m }
[36m(TaskRunnerV1 pid=29009)[0m {
[36m(TaskRunnerV1 pid=29009)[0m   "type": "function",
[36m(TaskRunnerV1 pid=29009)[0m   "function": {
[36m(TaskRunnerV1 pid=29009)[0m     "name": "analytics_engaged_users_count",
[36m(TaskRunnerV1 pid=29009)[0m     "description": "Returns the number of engaged users within a specified time range.",
[36m(TaskRunnerV1 pid=29009)[0m     "parameters": {
[36m(TaskRunnerV1 pid=29009)[0m       "type": "object",
[36m(TaskRunnerV1 pid=29009)[0m       "properties": {
[36m(TaskRunnerV1 pid=29009)[0m         "time_min": {
[36m(TaskRunnerV1 pid=29009)[0m           "type": "string",
[36m(TaskRunnerV1 pid=29009)[0m           "description": "Start date of the time range. Date format is YYYY-MM-DD"
[36m(TaskRunnerV1 pid=29009)[0m         },
[36m(TaskRunnerV1 pid=29009)[0m         "time_max": {
[36m(TaskRunnerV1 pid=29009)[0m           "type": "string",
[36m(TaskRunnerV1 pid=29009)[0m           "description": "End date of the time range. Date format is YYYY-MM-DD"
[36m(TaskRunnerV1 pid=29009)[0m         }
[36m(TaskRunnerV1 pid=29009)[0m       },
[36m(TaskRunnerV1 pid=29009)[0m       "required": []
[36m(TaskRunnerV1 pid=29009)[0m     },
[36m(TaskRunnerV1 pid=29009)[0m     "strict": false
[36m(TaskRunnerV1 pid=29009)[0m   }
[36m(TaskRunnerV1 pid=29009)[0m }
[36m(TaskRunnerV1 pid=29009)[0m {
[36m(TaskRunnerV1 pid=29009)[0m   "type": "function",
[36m(TaskRunnerV1 pid=29009)[0m   "function": {
[36m(TaskRunnerV1 pid=29009)[0m     "name": "analytics_traffic_source_count",
[36m(TaskRunnerV1 pid=29009)[0m     "description": "Returns the number of visits from a specific traffic source within a specified time range.",
[36m(TaskRunnerV1 pid=29009)[0m     "parameters": {
[36m(TaskRunnerV1 pid=29009)[0m       "type": "object",
[36m(TaskRunnerV1 pid=29009)[0m       "properties": {
[36m(TaskRunnerV1 pid=29009)[0m         "time_min": {
[36m(TaskRunnerV1 pid=29009)[0m           "type": "string",
[36m(TaskRunnerV1 pid=29009)[0m           "description": "Start date of the time range. Date format is YYYY-MM-DD"
[36m(TaskRunnerV1 pid=29009)[0m         },
[36m(TaskRunnerV1 pid=29009)[0m         "time_max": {
[36m(TaskRunnerV1 pid=29009)[0m           "type": "string",
[36m(TaskRunnerV1 pid=29009)[0m           "description": "End date of the time range. Date format is YYYY-MM-DD"
[36m(TaskRunnerV1 pid=29009)[0m         },
[36m(TaskRunnerV1 pid=29009)[0m         "traffic_source": {
[36m(TaskRunnerV1 pid=29009)[0m           "type": "string",
[36m(TaskRunnerV1 pid=29009)[0m           "description": "Traffic source to filter the visits. Available values are: 'direct', 'referral', 'search engine', 'social media'"
[36m(TaskRunnerV1 pid=29009)[0m         }
[36m(TaskRunnerV1 pid=29009)[0m       },
[36m(TaskRunnerV1 pid=29009)[0m       "required": []
[36m(TaskRunnerV1 pid=29009)[0m     },
[36m(TaskRunnerV1 pid=29009)[0m     "strict": false
[36m(TaskRunnerV1 pid=29009)[0m   }
[36m(TaskRunnerV1 pid=29009)[0m }
[36m(TaskRunnerV1 pid=29009)[0m {
[36m(TaskRunnerV1 pid=29009)[0m   "type": "function",
[36m(TaskRunnerV1 pid=29009)[0m   "function": {
[36m(TaskRunnerV1 pid=29009)[0m     "name": "analytics_get_average_session_duration",
[36m(TaskRunnerV1 pid=29009)[0m     "description": "Returns the average session duration within a specified time range.",
[36m(TaskRunnerV1 pid=29009)[0m     "parameters": {
[36m(TaskRunnerV1 pid=29009)[0m       "type": "object",
[36m(TaskRunnerV1 pid=29009)[0m       "properties": {
[36m(TaskRunnerV1 pid=29009)[0m         "time_min": {
[36m(TaskRunnerV1 pid=29009)[0m           "type": "string",
[36m(TaskRunnerV1 pid=29009)[0m           "description": "Start date of the time range. Date format is YYYY-MM-DD"
[36m(TaskRunnerV1 pid=29009)[0m         },
[36m(TaskRunnerV1 pid=29009)[0m         "time_max": {
[36m(TaskRunnerV1 pid=29009)[0m           "type": "string",
[36m(TaskRunnerV1 pid=29009)[0m           "description": "End date of the time range. Date format is YYYY-MM-DD"
[36m(TaskRunnerV1 pid=29009)[0m         }
[36m(TaskRunnerV1 pid=29009)[0m       },
[36m(TaskRunnerV1 pid=29009)[0m       "required": []
[36m(TaskRunnerV1 pid=29009)[0m     },
[36m(TaskRunnerV1 pid=29009)[0m     "strict": false
[36m(TaskRunnerV1 pid=29009)[0m   }
[36m(TaskRunnerV1 pid=29009)[0m }
[36m(TaskRunnerV1 pid=29009)[0m {
[36m(TaskRunnerV1 pid=29009)[0m   "type": "function",
[36m(TaskRunnerV1 pid=29009)[0m   "function": {
[36m(TaskRunnerV1 pid=29009)[0m     "name": "calendar_get_event_information_by_id",
[36m(TaskRunnerV1 pid=29009)[0m     "description": "Returns the event for a given ID.",
[36m(TaskRunnerV1 pid=29009)[0m     "parameters": {
[36m(TaskRunnerV1 pid=29009)[0m       "type": "object",
[36m(TaskRunnerV1 pid=29009)[0m       "properties": {
[36m(TaskRunnerV1 pid=29009)[0m         "event_id": {
[36m(TaskRunnerV1 pid=29009)[0m           "type": "string",
[36m(TaskRunnerV1 pid=29009)[0m           "description": "8-digit ID of the event"
[36m(TaskRunnerV1 pid=29009)[0m         },
[36m(TaskRunnerV1 pid=29009)[0m         "field": {
[36m(TaskRunnerV1 pid=29009)[0m           "type": "string",
[36m(TaskRunnerV1 pid=29009)[0m           "description": "Field to return. Available fields are: 'event_id', 'event_name', 'participant_email', 'event_start', 'duration'"
[36m(TaskRunnerV1 pid=29009)[0m         }
[36m(TaskRunnerV1 pid=29009)[0m       },
[36m(TaskRunnerV1 pid=29009)[0m       "required": [
[36m(TaskRunnerV1 pid=29009)[0m         "event_id",
[36m(TaskRunnerV1 pid=29009)[0m         "field"
[36m(TaskRunnerV1 pid=29009)[0m       ]
[36m(TaskRunnerV1 pid=29009)[0m     },
[36m(TaskRunnerV1 pid=29009)[0m     "strict": false
[36m(TaskRunnerV1 pid=29009)[0m   }
[36m(TaskRunnerV1 pid=29009)[0m }
[36m(TaskRunnerV1 pid=29009)[0m {
[36m(TaskRunnerV1 pid=29009)[0m   "type": "function",
[36m(TaskRunnerV1 pid=29009)[0m   "function": {
[36m(TaskRunnerV1 pid=29009)[0m     "name": "calendar_search_events",
[36m(TaskRunnerV1 pid=29009)[0m     "description": "Returns the events for a given query with pagination support.",
[36m(TaskRunnerV1 pid=29009)[0m     "parameters": {
[36m(TaskRunnerV1 pid=29009)[0m       "type": "object",
[36m(TaskRunnerV1 pid=29009)[0m       "properties": {
[36m(TaskRunnerV1 pid=29009)[0m         "query": {
[36m(TaskRunnerV1 pid=29009)[0m           "type": "string",
[36m(TaskRunnerV1 pid=29009)[0m           "description": "Query to search for. Terms will be matched in the event_name and participant_email fields"
[36m(TaskRunnerV1 pid=29009)[0m         },
[36m(TaskRunnerV1 pid=29009)[0m         "time_min": {
[36m(TaskRunnerV1 pid=29009)[0m           "type": "string",
[36m(TaskRunnerV1 pid=29009)[0m           "description": "Lower bound (inclusive) for an event's end time to filter by. Format: YYYY-MM-DD HH:MM:SS"
[36m(TaskRunnerV1 pid=29009)[0m         },
[36m(TaskRunnerV1 pid=29009)[0m         "time_max": {
[36m(TaskRunnerV1 pid=29009)[0m           "type": "string",
[36m(TaskRunnerV1 pid=29009)[0m           "description": "Upper bound (inclusive) for an event's start time to filter by. Format: YYYY-MM-DD HH:MM:SS"
[36m(TaskRunnerV1 pid=29009)[0m         },
[36m(TaskRunnerV1 pid=29009)[0m         "page": {
[36m(TaskRunnerV1 pid=29009)[0m           "type": "integer",
[36m(TaskRunnerV1 pid=29009)[0m           "description": "Page number of results to return"
[36m(TaskRunnerV1 pid=29009)[0m         },
[36m(TaskRunnerV1 pid=29009)[0m         "page_size": {
[36m(TaskRunnerV1 pid=29009)[0m           "type": "integer",
[36m(TaskRunnerV1 pid=29009)[0m           "description": "Number of events per page"
[36m(TaskRunnerV1 pid=29009)[0m         }
[36m(TaskRunnerV1 pid=29009)[0m       },
[36m(TaskRunnerV1 pid=29009)[0m       "required": []
[36m(TaskRunnerV1 pid=29009)[0m     },
[36m(TaskRunnerV1 pid=29009)[0m     "strict": false
[36m(TaskRunnerV1 pid=29009)[0m   }
[36m(TaskRunnerV1 pid=29009)[0m }
[36m(TaskRunnerV1 pid=29009)[0m {
[36m(TaskRunnerV1 pid=29009)[0m   "type": "function",
[36m(TaskRunnerV1 pid=29009)[0m   "function": {
[36m(TaskRunnerV1 pid=29009)[0m     "name": "calendar_create_event",
[36m(TaskRunnerV1 pid=29009)[0m     "description": "Creates a new event.",
[36m(TaskRunnerV1 pid=29009)[0m     "parameters": {
[36m(TaskRunnerV1 pid=29009)[0m       "type": "object",
[36m(TaskRunnerV1 pid=29009)[0m       "properties": {
[36m(TaskRunnerV1 pid=29009)[0m         "event_name": {
[36m(TaskRunnerV1 pid=29009)[0m           "type": "string",
[36m(TaskRunnerV1 pid=29009)[0m           "description": "Name of the event"
[36m(TaskRunnerV1 pid=29009)[0m         },
[36m(TaskRunnerV1 pid=29009)[0m         "participant_email": {
[36m(TaskRunnerV1 pid=29009)[0m           "type": "string",
[36m(TaskRunnerV1 pid=29009)[0m           "description": "Email of the participant"
[36m(TaskRunnerV1 pid=29009)[0m         },
[36m(TaskRunnerV1 pid=29009)[0m         "event_start": {
[36m(TaskRunnerV1 pid=29009)[0m           "type": "string",
[36m(TaskRunnerV1 pid=29009)[0m           "description": "Start time of the event. Format: YYYY-MM-DD HH:MM:SS"
[36m(TaskRunnerV1 pid=29009)[0m         },
[36m(TaskRunnerV1 pid=29009)[0m         "duration": {
[36m(TaskRunnerV1 pid=29009)[0m           "type": "string",
[36m(TaskRunnerV1 pid=29009)[0m           "description": "Duration of the event in minutes"
[36m(TaskRunnerV1 pid=29009)[0m         }
[36m(TaskRunnerV1 pid=29009)[0m       },
[36m(TaskRunnerV1 pid=29009)[0m       "required": [
[36m(TaskRunnerV1 pid=29009)[0m         "event_name",
[36m(TaskRunnerV1 pid=29009)[0m         "participant_email",
[36m(TaskRunnerV1 pid=29009)[0m         "event_start",
[36m(TaskRunnerV1 pid=29009)[0m         "duration"
[36m(TaskRunnerV1 pid=29009)[0m       ]
[36m(TaskRunnerV1 pid=29009)[0m     },
[36m(TaskRunnerV1 pid=29009)[0m     "strict": false
[36m(TaskRunnerV1 pid=29009)[0m   }
[36m(TaskRunnerV1 pid=29009)[0m }
[36m(TaskRunnerV1 pid=29009)[0m {
[36m(TaskRunnerV1 pid=29009)[0m   "type": "function",
[36m(TaskRunnerV1 pid=29009)[0m   "function": {
[36m(TaskRunnerV1 pid=29009)[0m     "name": "calendar_delete_event",
[36m(TaskRunnerV1 pid=29009)[0m     "description": "Deletes an event.",
[36m(TaskRunnerV1 pid=29009)[0m     "parameters": {
[36m(TaskRunnerV1 pid=29009)[0m       "type": "object",
[36m(TaskRunnerV1 pid=29009)[0m       "properties": {
[36m(TaskRunnerV1 pid=29009)[0m         "event_id": {
[36m(TaskRunnerV1 pid=29009)[0m           "type": "string",
[36m(TaskRunnerV1 pid=29009)[0m           "description": "8-digit ID of the event"
[36m(TaskRunnerV1 pid=29009)[0m         }
[36m(TaskRunnerV1 pid=29009)[0m       },
[36m(TaskRunnerV1 pid=29009)[0m       "required": [
[36m(TaskRunnerV1 pid=29009)[0m         "event_id"
[36m(TaskRunnerV1 pid=29009)[0m       ]
[36m(TaskRunnerV1 pid=29009)[0m     },
[36m(TaskRunnerV1 pid=29009)[0m     "strict": false
[36m(TaskRunnerV1 pid=29009)[0m   }
[36m(TaskRunnerV1 pid=29009)[0m }
[36m(TaskRunnerV1 pid=29009)[0m {
[36m(TaskRunnerV1 pid=29009)[0m   "type": "function",
[36m(TaskRunnerV1 pid=29009)[0m   "function": {
[36m(TaskRunnerV1 pid=29009)[0m     "name": "calendar_update_event",
[36m(TaskRunnerV1 pid=29009)[0m     "description": "Updates an event.",
[36m(TaskRunnerV1 pid=29009)[0m     "parameters": {
[36m(TaskRunnerV1 pid=29009)[0m       "type": "object",
[36m(TaskRunnerV1 pid=29009)[0m       "properties": {
[36m(TaskRunnerV1 pid=29009)[0m         "event_id": {
[36m(TaskRunnerV1 pid=29009)[0m           "type": "string",
[36m(TaskRunnerV1 pid=29009)[0m           "description": "8-digit ID of the event"
[36m(TaskRunnerV1 pid=29009)[0m         },
[36m(TaskRunnerV1 pid=29009)[0m         "field": {
[36m(TaskRunnerV1 pid=29009)[0m           "type": "string",
[36m(TaskRunnerV1 pid=29009)[0m           "description": "Field to update. Available fields are: 'event_name', 'participant_email', 'event_start', 'duration'"
[36m(TaskRunnerV1 pid=29009)[0m         },
[36m(TaskRunnerV1 pid=29009)[0m         "new_value": {
[36m(TaskRunnerV1 pid=29009)[0m           "type": "string",
[36m(TaskRunnerV1 pid=29009)[0m           "description": "New value for the field"
[36m(TaskRunnerV1 pid=29009)[0m         }
[36m(TaskRunnerV1 pid=29009)[0m       },
[36m(TaskRunnerV1 pid=29009)[0m       "required": [
[36m(TaskRunnerV1 pid=29009)[0m         "event_id",
[36m(TaskRunnerV1 pid=29009)[0m         "field",
[36m(TaskRunnerV1 pid=29009)[0m         "new_value"
[36m(TaskRunnerV1 pid=29009)[0m       ]
[36m(TaskRunnerV1 pid=29009)[0m     },
[36m(TaskRunnerV1 pid=29009)[0m     "strict": false
[36m(TaskRunnerV1 pid=29009)[0m   }
[36m(TaskRunnerV1 pid=29009)[0m }
[36m(TaskRunnerV1 pid=29009)[0m {
[36m(TaskRunnerV1 pid=29009)[0m   "type": "function",
[36m(TaskRunnerV1 pid=29009)[0m   "function": {
[36m(TaskRunnerV1 pid=29009)[0m     "name": "company_directory_find_email_address",
[36m(TaskRunnerV1 pid=29009)[0m     "description": "Finds all email addresses containing the given name (case-insensitive search).",
[36m(TaskRunnerV1 pid=29009)[0m     "parameters": {
[36m(TaskRunnerV1 pid=29009)[0m       "type": "object",
[36m(TaskRunnerV1 pid=29009)[0m       "properties": {
[36m(TaskRunnerV1 pid=29009)[0m         "name": {
[36m(TaskRunnerV1 pid=29009)[0m           "type": "string",
[36m(TaskRunnerV1 pid=29009)[0m           "description": "Name or partial name to search for in email addresses"
[36m(TaskRunnerV1 pid=29009)[0m         }
[36m(TaskRunnerV1 pid=29009)[0m       },
[36m(TaskRunnerV1 pid=29009)[0m       "required": []
[36m(TaskRunnerV1 pid=29009)[0m     },
[36m(TaskRunnerV1 pid=29009)[0m     "strict": false
[36m(TaskRunnerV1 pid=29009)[0m   }
[36m(TaskRunnerV1 pid=29009)[0m }
[36m(TaskRunnerV1 pid=29009)[0m {
[36m(TaskRunnerV1 pid=29009)[0m   "type": "function",
[36m(TaskRunnerV1 pid=29009)[0m   "function": {
[36m(TaskRunnerV1 pid=29009)[0m     "name": "customer_relationship_manager_search_customers",
[36m(TaskRunnerV1 pid=29009)[0m     "description": "Searches for customers based on the given parameters with pagination support.",
[36m(TaskRunnerV1 pid=29009)[0m     "parameters": {
[36m(TaskRunnerV1 pid=29009)[0m       "type": "object",
[36m(TaskRunnerV1 pid=29009)[0m       "properties": {
[36m(TaskRunnerV1 pid=29009)[0m         "customer_name": {
[36m(TaskRunnerV1 pid=29009)[0m           "type": "string",
[36m(TaskRunnerV1 pid=29009)[0m           "description": "Name of the customer"
[36m(TaskRunnerV1 pid=29009)[0m         },
[36m(TaskRunnerV1 pid=29009)[0m         "customer_email": {
[36m(TaskRunnerV1 pid=29009)[0m           "type": "string",
[36m(TaskRunnerV1 pid=29009)[0m           "description": "Email address of the customer"
[36m(TaskRunnerV1 pid=29009)[0m         },
[36m(TaskRunnerV1 pid=29009)[0m         "product_interest": {
[36m(TaskRunnerV1 pid=29009)[0m           "type": "string",
[36m(TaskRunnerV1 pid=29009)[0m           "description": "Product interest of the customer"
[36m(TaskRunnerV1 pid=29009)[0m         },
[36m(TaskRunnerV1 pid=29009)[0m         "status": {
[36m(TaskRunnerV1 pid=29009)[0m           "type": "string",
[36m(TaskRunnerV1 pid=29009)[0m           "description": "Current status of the customer"
[36m(TaskRunnerV1 pid=29009)[0m         },
[36m(TaskRunnerV1 pid=29009)[0m         "assigned_to_email": {
[36m(TaskRunnerV1 pid=29009)[0m           "type": "string",
[36m(TaskRunnerV1 pid=29009)[0m           "description": "Email address of the person assigned to the customer"
[36m(TaskRunnerV1 pid=29009)[0m         },
[36m(TaskRunnerV1 pid=29009)[0m         "last_contact_date_min": {
[36m(TaskRunnerV1 pid=29009)[0m           "type": "string",
[36m(TaskRunnerV1 pid=29009)[0m           "description": "Minimum last contact date. Format: YYYY-MM-DD"
[36m(TaskRunnerV1 pid=29009)[0m         },
[36m(TaskRunnerV1 pid=29009)[0m         "last_contact_date_max": {
[36m(TaskRunnerV1 pid=29009)[0m           "type": "string",
[36m(TaskRunnerV1 pid=29009)[0m           "description": "Maximum last contact date. Format: YYYY-MM-DD"
[36m(TaskRunnerV1 pid=29009)[0m         },
[36m(TaskRunnerV1 pid=29009)[0m         "follow_up_by_min": {
[36m(TaskRunnerV1 pid=29009)[0m           "type": "string",
[36m(TaskRunnerV1 pid=29009)[0m           "description": "Minimum follow up date. Format: YYYY-MM-DD"
[36m(TaskRunnerV1 pid=29009)[0m         },
[36m(TaskRunnerV1 pid=29009)[0m         "follow_up_by_max": {
[36m(TaskRunnerV1 pid=29009)[0m           "type": "string",
[36m(TaskRunnerV1 pid=29009)[0m           "description": "Maximum follow up date. Format: YYYY-MM-DD"
[36m(TaskRunnerV1 pid=29009)[0m         },
[36m(TaskRunnerV1 pid=29009)[0m         "page": {
[36m(TaskRunnerV1 pid=29009)[0m           "type": "integer",
[36m(TaskRunnerV1 pid=29009)[0m           "description": "Page number of results to return"
[36m(TaskRunnerV1 pid=29009)[0m         },
[36m(TaskRunnerV1 pid=29009)[0m         "page_size": {
[36m(TaskRunnerV1 pid=29009)[0m           "type": "integer",
[36m(TaskRunnerV1 pid=29009)[0m           "description": "Number of customers per page"
[36m(TaskRunnerV1 pid=29009)[0m         }
[36m(TaskRunnerV1 pid=29009)[0m       },
[36m(TaskRunnerV1 pid=29009)[0m       "required": []
[36m(TaskRunnerV1 pid=29009)[0m     },
[36m(TaskRunnerV1 pid=29009)[0m     "strict": false
[36m(TaskRunnerV1 pid=29009)[0m   }
[36m(TaskRunnerV1 pid=29009)[0m }
[36m(TaskRunnerV1 pid=29009)[0m {
[36m(TaskRunnerV1 pid=29009)[0m   "type": "function",
[36m(TaskRunnerV1 pid=29009)[0m   "function": {
[36m(TaskRunnerV1 pid=29009)[0m     "name": "customer_relationship_manager_update_customer",
[36m(TaskRunnerV1 pid=29009)[0m     "description": "Updates a customer record by ID.",
[36m(TaskRunnerV1 pid=29009)[0m     "parameters": {
[36m(TaskRunnerV1 pid=29009)[0m       "type": "object",
[36m(TaskRunnerV1 pid=29009)[0m       "properties": {
[36m(TaskRunnerV1 pid=29009)[0m         "customer_id": {
[36m(TaskRunnerV1 pid=29009)[0m           "type": "string",
[36m(TaskRunnerV1 pid=29009)[0m           "description": "ID of the customer"
[36m(TaskRunnerV1 pid=29009)[0m         },
[36m(TaskRunnerV1 pid=29009)[0m         "field": {
[36m(TaskRunnerV1 pid=29009)[0m           "type": "string",
[36m(TaskRunnerV1 pid=29009)[0m           "description": "Field to update. Available fields are: 'customer_name', 'assigned_to_email', 'customer_email', 'customer_phone', 'last_contact_date', 'product_interest', 'status', 'notes', 'follow_up_by'"
[36m(TaskRunnerV1 pid=29009)[0m         },
[36m(TaskRunnerV1 pid=29009)[0m         "new_value": {
[36m(TaskRunnerV1 pid=29009)[0m           "type": "string",
[36m(TaskRunnerV1 pid=29009)[0m           "description": "New value for the field"
[36m(TaskRunnerV1 pid=29009)[0m         }
[36m(TaskRunnerV1 pid=29009)[0m       },
[36m(TaskRunnerV1 pid=29009)[0m       "required": [
[36m(TaskRunnerV1 pid=29009)[0m         "customer_id",
[36m(TaskRunnerV1 pid=29009)[0m         "field",
[36m(TaskRunnerV1 pid=29009)[0m         "new_value"
[36m(TaskRunnerV1 pid=29009)[0m       ]
[36m(TaskRunnerV1 pid=29009)[0m     },
[36m(TaskRunnerV1 pid=29009)[0m     "strict": false
[36m(TaskRunnerV1 pid=29009)[0m   }
[36m(TaskRunnerV1 pid=29009)[0m }
[36m(TaskRunnerV1 pid=29009)[0m {
[36m(TaskRunnerV1 pid=29009)[0m   "type": "function",
[36m(TaskRunnerV1 pid=29009)[0m   "function": {
[36m(TaskRunnerV1 pid=29009)[0m     "name": "customer_relationship_manager_add_customer",
[36m(TaskRunnerV1 pid=29009)[0m     "description": "Adds a new customer record.",
[36m(TaskRunnerV1 pid=29009)[0m     "parameters": {
[36m(TaskRunnerV1 pid=29009)[0m       "type": "object",
[36m(TaskRunnerV1 pid=29009)[0m       "properties": {
[36m(TaskRunnerV1 pid=29009)[0m         "customer_name": {
[36m(TaskRunnerV1 pid=29009)[0m           "type": "string",
[36m(TaskRunnerV1 pid=29009)[0m           "description": "Name of the customer"
[36m(TaskRunnerV1 pid=29009)[0m         },
[36m(TaskRunnerV1 pid=29009)[0m         "assigned_to_email": {
[36m(TaskRunnerV1 pid=29009)[0m           "type": "string",
[36m(TaskRunnerV1 pid=29009)[0m           "description": "Email address of the person assigned to the customer"
[36m(TaskRunnerV1 pid=29009)[0m         },
[36m(TaskRunnerV1 pid=29009)[0m         "status": {
[36m(TaskRunnerV1 pid=29009)[0m           "type": "string",
[36m(TaskRunnerV1 pid=29009)[0m           "description": "Current status of the customer. One of: 'Qualified', 'Won', 'Lost', 'Lead', 'Proposal'"
[36m(TaskRunnerV1 pid=29009)[0m         },
[36m(TaskRunnerV1 pid=29009)[0m         "customer_email": {
[36m(TaskRunnerV1 pid=29009)[0m           "type": "string",
[36m(TaskRunnerV1 pid=29009)[0m           "description": "Email address of the customer"
[36m(TaskRunnerV1 pid=29009)[0m         },
[36m(TaskRunnerV1 pid=29009)[0m         "customer_phone": {
[36m(TaskRunnerV1 pid=29009)[0m           "type": "string",
[36m(TaskRunnerV1 pid=29009)[0m           "description": "Phone number of the customer"
[36m(TaskRunnerV1 pid=29009)[0m         },
[36m(TaskRunnerV1 pid=29009)[0m         "last_contact_date": {
[36m(TaskRunnerV1 pid=29009)[0m           "type": "string",
[36m(TaskRunnerV1 pid=29009)[0m           "description": "The last date the customer was contacted. Format: YYYY-MM-DD"
[36m(TaskRunnerV1 pid=29009)[0m         },
[36m(TaskRunnerV1 pid=29009)[0m         "product_interest": {
[36m(TaskRunnerV1 pid=29009)[0m           "type": "string",
[36m(TaskRunnerV1 pid=29009)[0m           "description": "Product interest of the customer. One of: 'Software', 'Hardware', 'Services', 'Consulting', 'Training'"
[36m(TaskRunnerV1 pid=29009)[0m         },
[36m(TaskRunnerV1 pid=29009)[0m         "notes": {
[36m(TaskRunnerV1 pid=29009)[0m           "type": "string",
[36m(TaskRunnerV1 pid=29009)[0m           "description": "Notes about the customer"
[36m(TaskRunnerV1 pid=29009)[0m         },
[36m(TaskRunnerV1 pid=29009)[0m         "follow_up_by": {
[36m(TaskRunnerV1 pid=29009)[0m           "type": "string",
[36m(TaskRunnerV1 pid=29009)[0m           "description": "Date for the next follow up. Format: YYYY-MM-DD"
[36m(TaskRunnerV1 pid=29009)[0m         }
[36m(TaskRunnerV1 pid=29009)[0m       },
[36m(TaskRunnerV1 pid=29009)[0m       "required": [
[36m(TaskRunnerV1 pid=29009)[0m         "customer_name",
[36m(TaskRunnerV1 pid=29009)[0m         "assigned_to_email",
[36m(TaskRunnerV1 pid=29009)[0m         "status"
[36m(TaskRunnerV1 pid=29009)[0m       ]
[36m(TaskRunnerV1 pid=29009)[0m     },
[36m(TaskRunnerV1 pid=29009)[0m     "strict": false
[36m(TaskRunnerV1 pid=29009)[0m   }
[36m(TaskRunnerV1 pid=29009)[0m }
[36m(TaskRunnerV1 pid=29009)[0m {
[36m(TaskRunnerV1 pid=29009)[0m   "type": "function",
[36m(TaskRunnerV1 pid=29009)[0m   "function": {
[36m(TaskRunnerV1 pid=29009)[0m     "name": "customer_relationship_manager_delete_customer",
[36m(TaskRunnerV1 pid=29009)[0m     "description": "Deletes a customer record by ID.",
[36m(TaskRunnerV1 pid=29009)[0m     "parameters": {
[36m(TaskRunnerV1 pid=29009)[0m       "type": "object",
[36m(TaskRunnerV1 pid=29009)[0m       "properties": {
[36m(TaskRunnerV1 pid=29009)[0m         "customer_id": {
[36m(TaskRunnerV1 pid=29009)[0m           "type": "string",
[36m(TaskRunnerV1 pid=29009)[0m           "description": "ID of the customer"
[36m(TaskRunnerV1 pid=29009)[0m         }
[36m(TaskRunnerV1 pid=29009)[0m       },
[36m(TaskRunnerV1 pid=29009)[0m       "required": [
[36m(TaskRunnerV1 pid=29009)[0m         "customer_id"
[36m(TaskRunnerV1 pid=29009)[0m       ]
[36m(TaskRunnerV1 pid=29009)[0m     },
[36m(TaskRunnerV1 pid=29009)[0m     "strict": false
[36m(TaskRunnerV1 pid=29009)[0m   }
[36m(TaskRunnerV1 pid=29009)[0m }
[36m(TaskRunnerV1 pid=29009)[0m {
[36m(TaskRunnerV1 pid=29009)[0m   "type": "function",
[36m(TaskRunnerV1 pid=29009)[0m   "function": {
[36m(TaskRunnerV1 pid=29009)[0m     "name": "email_get_email_information_by_id",
[36m(TaskRunnerV1 pid=29009)[0m     "description": "Retrieves specific details of an email by its ID.",
[36m(TaskRunnerV1 pid=29009)[0m     "parameters": {
[36m(TaskRunnerV1 pid=29009)[0m       "type": "object",
[36m(TaskRunnerV1 pid=29009)[0m       "properties": {
[36m(TaskRunnerV1 pid=29009)[0m         "email_id": {
[36m(TaskRunnerV1 pid=29009)[0m           "type": "string",
[36m(TaskRunnerV1 pid=29009)[0m           "description": "Unique ID of the email"
[36m(TaskRunnerV1 pid=29009)[0m         },
[36m(TaskRunnerV1 pid=29009)[0m         "field": {
[36m(TaskRunnerV1 pid=29009)[0m           "type": "string",
[36m(TaskRunnerV1 pid=29009)[0m           "description": "Specific field to return. Available fields: 'email_id', 'inbox/outbox', 'sender/recipient', 'subject', 'sent_datetime', 'body'"
[36m(TaskRunnerV1 pid=29009)[0m         }
[36m(TaskRunnerV1 pid=29009)[0m       },
[36m(TaskRunnerV1 pid=29009)[0m       "required": [
[36m(TaskRunnerV1 pid=29009)[0m         "email_id",
[36m(TaskRunnerV1 pid=29009)[0m         "field"
[36m(TaskRunnerV1 pid=29009)[0m       ]
[36m(TaskRunnerV1 pid=29009)[0m     },
[36m(TaskRunnerV1 pid=29009)[0m     "strict": false
[36m(TaskRunnerV1 pid=29009)[0m   }
[36m(TaskRunnerV1 pid=29009)[0m }
[36m(TaskRunnerV1 pid=29009)[0m {
[36m(TaskRunnerV1 pid=29009)[0m   "type": "function",
[36m(TaskRunnerV1 pid=29009)[0m   "function": {
[36m(TaskRunnerV1 pid=29009)[0m     "name": "email_search_emails",
[36m(TaskRunnerV1 pid=29009)[0m     "description": "Searches for emails matching the given query across subject, body, or sender fields. The function matches an email if all words in the query appear in any of these fields.",
[36m(TaskRunnerV1 pid=29009)[0m     "parameters": {
[36m(TaskRunnerV1 pid=29009)[0m       "type": "object",
[36m(TaskRunnerV1 pid=29009)[0m       "properties": {
[36m(TaskRunnerV1 pid=29009)[0m         "query": {
[36m(TaskRunnerV1 pid=29009)[0m           "type": "string",
[36m(TaskRunnerV1 pid=29009)[0m           "description": "Search query, matching terms in subject, body, or sender/recipient fields"
[36m(TaskRunnerV1 pid=29009)[0m         },
[36m(TaskRunnerV1 pid=29009)[0m         "date_min": {
[36m(TaskRunnerV1 pid=29009)[0m           "type": "string",
[36m(TaskRunnerV1 pid=29009)[0m           "description": "Lower date limit for the email's sent date (inclusive). Format: YYYY-MM-DD"
[36m(TaskRunnerV1 pid=29009)[0m         },
[36m(TaskRunnerV1 pid=29009)[0m         "date_max": {
[36m(TaskRunnerV1 pid=29009)[0m           "type": "string",
[36m(TaskRunnerV1 pid=29009)[0m           "description": "Upper date limit for the email's sent date (inclusive). Format: YYYY-MM-DD"
[36m(TaskRunnerV1 pid=29009)[0m         },
[36m(TaskRunnerV1 pid=29009)[0m         "page": {
[36m(TaskRunnerV1 pid=29009)[0m           "type": "integer",
[36m(TaskRunnerV1 pid=29009)[0m           "description": "Page number of results to return"
[36m(TaskRunnerV1 pid=29009)[0m         },
[36m(TaskRunnerV1 pid=29009)[0m         "page_size": {
[36m(TaskRunnerV1 pid=29009)[0m           "type": "integer",
[36m(TaskRunnerV1 pid=29009)[0m           "description": "Number of emails per page"
[36m(TaskRunnerV1 pid=29009)[0m         }
[36m(TaskRunnerV1 pid=29009)[0m       },
[36m(TaskRunnerV1 pid=29009)[0m       "required": []
[36m(TaskRunnerV1 pid=29009)[0m     },
[36m(TaskRunnerV1 pid=29009)[0m     "strict": false
[36m(TaskRunnerV1 pid=29009)[0m   }
[36m(TaskRunnerV1 pid=29009)[0m }
[36m(TaskRunnerV1 pid=29009)[0m {
[36m(TaskRunnerV1 pid=29009)[0m   "type": "function",
[36m(TaskRunnerV1 pid=29009)[0m   "function": {
[36m(TaskRunnerV1 pid=29009)[0m     "name": "email_send_email",
[36m(TaskRunnerV1 pid=29009)[0m     "description": "Sends an email to the specified recipient.",
[36m(TaskRunnerV1 pid=29009)[0m     "parameters": {
[36m(TaskRunnerV1 pid=29009)[0m       "type": "object",
[36m(TaskRunnerV1 pid=29009)[0m       "properties": {
[36m(TaskRunnerV1 pid=29009)[0m         "recipient": {
[36m(TaskRunnerV1 pid=29009)[0m           "type": "string",
[36m(TaskRunnerV1 pid=29009)[0m           "description": "Email address of the recipient"
[36m(TaskRunnerV1 pid=29009)[0m         },
[36m(TaskRunnerV1 pid=29009)[0m         "subject": {
[36m(TaskRunnerV1 pid=29009)[0m           "type": "string",
[36m(TaskRunnerV1 pid=29009)[0m           "description": "Subject line of the email"
[36m(TaskRunnerV1 pid=29009)[0m         },
[36m(TaskRunnerV1 pid=29009)[0m         "body": {
[36m(TaskRunnerV1 pid=29009)[0m           "type": "string",
[36m(TaskRunnerV1 pid=29009)[0m           "description": "Body content of the email"
[36m(TaskRunnerV1 pid=29009)[0m         }
[36m(TaskRunnerV1 pid=29009)[0m       },
[36m(TaskRunnerV1 pid=29009)[0m       "required": [
[36m(TaskRunnerV1 pid=29009)[0m         "recipient",
[36m(TaskRunnerV1 pid=29009)[0m         "subject",
[36m(TaskRunnerV1 pid=29009)[0m         "body"
[36m(TaskRunnerV1 pid=29009)[0m       ]
[36m(TaskRunnerV1 pid=29009)[0m     },
[36m(TaskRunnerV1 pid=29009)[0m     "strict": false
[36m(TaskRunnerV1 pid=29009)[0m   }
[36m(TaskRunnerV1 pid=29009)[0m }
[36m(TaskRunnerV1 pid=29009)[0m {
[36m(TaskRunnerV1 pid=29009)[0m   "type": "function",
[36m(TaskRunnerV1 pid=29009)[0m   "function": {
[36m(TaskRunnerV1 pid=29009)[0m     "name": "email_delete_email",
[36m(TaskRunnerV1 pid=29009)[0m     "description": "Deletes an email by its ID.",
[36m(TaskRunnerV1 pid=29009)[0m     "parameters": {
[36m(TaskRunnerV1 pid=29009)[0m       "type": "object",
[36m(TaskRunnerV1 pid=29009)[0m       "properties": {
[36m(TaskRunnerV1 pid=29009)[0m         "email_id": {
[36m(TaskRunnerV1 pid=29009)[0m           "type": "string",
[36m(TaskRunnerV1 pid=29009)[0m           "description": "Unique ID of the email to be deleted"
[36m(TaskRunnerV1 pid=29009)[0m         }
[36m(TaskRunnerV1 pid=29009)[0m       },
[36m(TaskRunnerV1 pid=29009)[0m       "required": [
[36m(TaskRunnerV1 pid=29009)[0m         "email_id"
[36m(TaskRunnerV1 pid=29009)[0m       ]
[36m(TaskRunnerV1 pid=29009)[0m     },
[36m(TaskRunnerV1 pid=29009)[0m     "strict": false
[36m(TaskRunnerV1 pid=29009)[0m   }
[36m(TaskRunnerV1 pid=29009)[0m }
[36m(TaskRunnerV1 pid=29009)[0m {
[36m(TaskRunnerV1 pid=29009)[0m   "type": "function",
[36m(TaskRunnerV1 pid=29009)[0m   "function": {
[36m(TaskRunnerV1 pid=29009)[0m     "name": "email_forward_email",
[36m(TaskRunnerV1 pid=29009)[0m     "description": "Forwards an email to the specified recipient.",
[36m(TaskRunnerV1 pid=29009)[0m     "parameters": {
[36m(TaskRunnerV1 pid=29009)[0m       "type": "object",
[36m(TaskRunnerV1 pid=29009)[0m       "properties": {
[36m(TaskRunnerV1 pid=29009)[0m         "email_id": {
[36m(TaskRunnerV1 pid=29009)[0m           "type": "string",
[36m(TaskRunnerV1 pid=29009)[0m           "description": "Unique ID of the email to be forwarded"
[36m(TaskRunnerV1 pid=29009)[0m         },
[36m(TaskRunnerV1 pid=29009)[0m         "recipient": {
[36m(TaskRunnerV1 pid=29009)[0m           "type": "string",
[36m(TaskRunnerV1 pid=29009)[0m           "description": "Email address of the recipient"
[36m(TaskRunnerV1 pid=29009)[0m         }
[36m(TaskRunnerV1 pid=29009)[0m       },
[36m(TaskRunnerV1 pid=29009)[0m       "required": [
[36m(TaskRunnerV1 pid=29009)[0m         "email_id",
[36m(TaskRunnerV1 pid=29009)[0m         "recipient"
[36m(TaskRunnerV1 pid=29009)[0m       ]
[36m(TaskRunnerV1 pid=29009)[0m     },
[36m(TaskRunnerV1 pid=29009)[0m     "strict": false
[36m(TaskRunnerV1 pid=29009)[0m   }
[36m(TaskRunnerV1 pid=29009)[0m }
[36m(TaskRunnerV1 pid=29009)[0m {
[36m(TaskRunnerV1 pid=29009)[0m   "type": "function",
[36m(TaskRunnerV1 pid=29009)[0m   "function": {
[36m(TaskRunnerV1 pid=29009)[0m     "name": "email_reply_email",
[36m(TaskRunnerV1 pid=29009)[0m     "description": "Replies to an email by its ID.",
[36m(TaskRunnerV1 pid=29009)[0m     "parameters": {
[36m(TaskRunnerV1 pid=29009)[0m       "type": "object",
[36m(TaskRunnerV1 pid=29009)[0m       "properties": {
[36m(TaskRunnerV1 pid=29009)[0m         "email_id": {
[36m(TaskRunnerV1 pid=29009)[0m           "type": "string",
[36m(TaskRunnerV1 pid=29009)[0m           "description": "Unique ID of the email to be replied"
[36m(TaskRunnerV1 pid=29009)[0m         },
[36m(TaskRunnerV1 pid=29009)[0m         "body": {
[36m(TaskRunnerV1 pid=29009)[0m           "type": "string",
[36m(TaskRunnerV1 pid=29009)[0m           "description": "Body content of the email"
[36m(TaskRunnerV1 pid=29009)[0m         }
[36m(TaskRunnerV1 pid=29009)[0m       },
[36m(TaskRunnerV1 pid=29009)[0m       "required": [
[36m(TaskRunnerV1 pid=29009)[0m         "email_id",
[36m(TaskRunnerV1 pid=29009)[0m         "body"
[36m(TaskRunnerV1 pid=29009)[0m       ]
[36m(TaskRunnerV1 pid=29009)[0m     },
[36m(TaskRunnerV1 pid=29009)[0m     "strict": false
[36m(TaskRunnerV1 pid=29009)[0m   }
[36m(TaskRunnerV1 pid=29009)[0m }
[36m(TaskRunnerV1 pid=29009)[0m {
[36m(TaskRunnerV1 pid=29009)[0m   "type": "function",
[36m(TaskRunnerV1 pid=29009)[0m   "function": {
[36m(TaskRunnerV1 pid=29009)[0m     "name": "project_management_get_task_information_by_id",
[36m(TaskRunnerV1 pid=29009)[0m     "description": "Returns the task information for a given ID.",
[36m(TaskRunnerV1 pid=29009)[0m     "parameters": {
[36m(TaskRunnerV1 pid=29009)[0m       "type": "object",
[36m(TaskRunnerV1 pid=29009)[0m       "properties": {
[36m(TaskRunnerV1 pid=29009)[0m         "task_id": {
[36m(TaskRunnerV1 pid=29009)[0m           "type": "string",
[36m(TaskRunnerV1 pid=29009)[0m           "description": "8-digit ID of the task"
[36m(TaskRunnerV1 pid=29009)[0m         },
[36m(TaskRunnerV1 pid=29009)[0m         "field": {
[36m(TaskRunnerV1 pid=29009)[0m           "type": "string",
[36m(TaskRunnerV1 pid=29009)[0m           "description": "Field to return. Available fields are: 'task_id', 'task_name', 'assigned_to_email', 'list_name', 'due_date', 'board'"
[36m(TaskRunnerV1 pid=29009)[0m         }
[36m(TaskRunnerV1 pid=29009)[0m       },
[36m(TaskRunnerV1 pid=29009)[0m       "required": [
[36m(TaskRunnerV1 pid=29009)[0m         "task_id",
[36m(TaskRunnerV1 pid=29009)[0m         "field"
[36m(TaskRunnerV1 pid=29009)[0m       ]
[36m(TaskRunnerV1 pid=29009)[0m     },
[36m(TaskRunnerV1 pid=29009)[0m     "strict": false
[36m(TaskRunnerV1 pid=29009)[0m   }
[36m(TaskRunnerV1 pid=29009)[0m }
[36m(TaskRunnerV1 pid=29009)[0m {
[36m(TaskRunnerV1 pid=29009)[0m   "type": "function",
[36m(TaskRunnerV1 pid=29009)[0m   "function": {
[36m(TaskRunnerV1 pid=29009)[0m     "name": "project_management_search_tasks",
[36m(TaskRunnerV1 pid=29009)[0m     "description": "Searches for tasks based on the given parameters.",
[36m(TaskRunnerV1 pid=29009)[0m     "parameters": {
[36m(TaskRunnerV1 pid=29009)[0m       "type": "object",
[36m(TaskRunnerV1 pid=29009)[0m       "properties": {
[36m(TaskRunnerV1 pid=29009)[0m         "task_name": {
[36m(TaskRunnerV1 pid=29009)[0m           "type": "string",
[36m(TaskRunnerV1 pid=29009)[0m           "description": "Name of the task"
[36m(TaskRunnerV1 pid=29009)[0m         },
[36m(TaskRunnerV1 pid=29009)[0m         "assigned_to_email": {
[36m(TaskRunnerV1 pid=29009)[0m           "type": "string",
[36m(TaskRunnerV1 pid=29009)[0m           "description": "Email address of the person assigned to the task"
[36m(TaskRunnerV1 pid=29009)[0m         },
[36m(TaskRunnerV1 pid=29009)[0m         "list_name": {
[36m(TaskRunnerV1 pid=29009)[0m           "type": "string",
[36m(TaskRunnerV1 pid=29009)[0m           "description": "Name of the list the task belongs to"
[36m(TaskRunnerV1 pid=29009)[0m         },
[36m(TaskRunnerV1 pid=29009)[0m         "due_date": {
[36m(TaskRunnerV1 pid=29009)[0m           "type": "string",
[36m(TaskRunnerV1 pid=29009)[0m           "description": "Due date of the task in YYYY-MM-DD format"
[36m(TaskRunnerV1 pid=29009)[0m         },
[36m(TaskRunnerV1 pid=29009)[0m         "board": {
[36m(TaskRunnerV1 pid=29009)[0m           "type": "string",
[36m(TaskRunnerV1 pid=29009)[0m           "description": "Name of the board the task belongs to"
[36m(TaskRunnerV1 pid=29009)[0m         }
[36m(TaskRunnerV1 pid=29009)[0m       },
[36m(TaskRunnerV1 pid=29009)[0m       "required": []
[36m(TaskRunnerV1 pid=29009)[0m     },
[36m(TaskRunnerV1 pid=29009)[0m     "strict": false
[36m(TaskRunnerV1 pid=29009)[0m   }
[36m(TaskRunnerV1 pid=29009)[0m }
[36m(TaskRunnerV1 pid=29009)[0m {
[36m(TaskRunnerV1 pid=29009)[0m   "type": "function",
[36m(TaskRunnerV1 pid=29009)[0m   "function": {
[36m(TaskRunnerV1 pid=29009)[0m     "name": "project_management_create_task",
[36m(TaskRunnerV1 pid=29009)[0m     "description": "Creates a new task.",
[36m(TaskRunnerV1 pid=29009)[0m     "parameters": {
[36m(TaskRunnerV1 pid=29009)[0m       "type": "object",
[36m(TaskRunnerV1 pid=29009)[0m       "properties": {
[36m(TaskRunnerV1 pid=29009)[0m         "task_name": {
[36m(TaskRunnerV1 pid=29009)[0m           "type": "string",
[36m(TaskRunnerV1 pid=29009)[0m           "description": "Name of the task"
[36m(TaskRunnerV1 pid=29009)[0m         },
[36m(TaskRunnerV1 pid=29009)[0m         "assigned_to_email": {
[36m(TaskRunnerV1 pid=29009)[0m           "type": "string",
[36m(TaskRunnerV1 pid=29009)[0m           "description": "Email address of the person assigned to the task"
[36m(TaskRunnerV1 pid=29009)[0m         },
[36m(TaskRunnerV1 pid=29009)[0m         "list_name": {
[36m(TaskRunnerV1 pid=29009)[0m           "type": "string",
[36m(TaskRunnerV1 pid=29009)[0m           "description": "Name of the list the task belongs to. One of: 'Backlog', 'In Progress', 'In Review', 'Completed'"
[36m(TaskRunnerV1 pid=29009)[0m         },
[36m(TaskRunnerV1 pid=29009)[0m         "due_date": {
[36m(TaskRunnerV1 pid=29009)[0m           "type": "string",
[36m(TaskRunnerV1 pid=29009)[0m           "description": "Due date of the task in YYYY-MM-DD format"
[36m(TaskRunnerV1 pid=29009)[0m         },
[36m(TaskRunnerV1 pid=29009)[0m         "board": {
[36m(TaskRunnerV1 pid=29009)[0m           "type": "string",
[36m(TaskRunnerV1 pid=29009)[0m           "description": "Name of the board the task belongs to. One of: 'Back end', 'Front end', 'Design'"
[36m(TaskRunnerV1 pid=29009)[0m         }
[36m(TaskRunnerV1 pid=29009)[0m       },
[36m(TaskRunnerV1 pid=29009)[0m       "required": [
[36m(TaskRunnerV1 pid=29009)[0m         "task_name",
[36m(TaskRunnerV1 pid=29009)[0m         "assigned_to_email",
[36m(TaskRunnerV1 pid=29009)[0m         "list_name",
[36m(TaskRunnerV1 pid=29009)[0m         "due_date",
[36m(TaskRunnerV1 pid=29009)[0m         "board"
[36m(TaskRunnerV1 pid=29009)[0m       ]
[36m(TaskRunnerV1 pid=29009)[0m     },
[36m(TaskRunnerV1 pid=29009)[0m     "strict": false
[36m(TaskRunnerV1 pid=29009)[0m   }
[36m(TaskRunnerV1 pid=29009)[0m }
[36m(TaskRunnerV1 pid=29009)[0m {
[36m(TaskRunnerV1 pid=29009)[0m   "type": "function",
[36m(TaskRunnerV1 pid=29009)[0m   "function": {
[36m(TaskRunnerV1 pid=29009)[0m     "name": "project_management_delete_task",
[36m(TaskRunnerV1 pid=29009)[0m     "description": "Deletes a task by ID.",
[36m(TaskRunnerV1 pid=29009)[0m     "parameters": {
[36m(TaskRunnerV1 pid=29009)[0m       "type": "object",
[36m(TaskRunnerV1 pid=29009)[0m       "properties": {
[36m(TaskRunnerV1 pid=29009)[0m         "task_id": {
[36m(TaskRunnerV1 pid=29009)[0m           "type": "string",
[36m(TaskRunnerV1 pid=29009)[0m           "description": "8-digit ID of the task"
[36m(TaskRunnerV1 pid=29009)[0m         }
[36m(TaskRunnerV1 pid=29009)[0m       },
[36m(TaskRunnerV1 pid=29009)[0m       "required": [
[36m(TaskRunnerV1 pid=29009)[0m         "task_id"
[36m(TaskRunnerV1 pid=29009)[0m       ]
[36m(TaskRunnerV1 pid=29009)[0m     },
[36m(TaskRunnerV1 pid=29009)[0m     "strict": false
[36m(TaskRunnerV1 pid=29009)[0m   }
[36m(TaskRunnerV1 pid=29009)[0m }
[36m(TaskRunnerV1 pid=29009)[0m {
[36m(TaskRunnerV1 pid=29009)[0m   "type": "function",
[36m(TaskRunnerV1 pid=29009)[0m   "function": {
[36m(TaskRunnerV1 pid=29009)[0m     "name": "project_management_update_task",
[36m(TaskRunnerV1 pid=29009)[0m     "description": "Updates a task by ID.",
[36m(TaskRunnerV1 pid=29009)[0m     "parameters": {
[36m(TaskRunnerV1 pid=29009)[0m       "type": "object",
[36m(TaskRunnerV1 pid=29009)[0m       "properties": {
[36m(TaskRunnerV1 pid=29009)[0m         "task_id": {
[36m(TaskRunnerV1 pid=29009)[0m           "type": "string",
[36m(TaskRunnerV1 pid=29009)[0m           "description": "8-digit ID of the task"
[36m(TaskRunnerV1 pid=29009)[0m         },
[36m(TaskRunnerV1 pid=29009)[0m         "field": {
[36m(TaskRunnerV1 pid=29009)[0m           "type": "string",
[36m(TaskRunnerV1 pid=29009)[0m           "description": "Field to update. Available fields are: 'task_name', 'assigned_to_email', 'list_name', 'due_date', 'board'"
[36m(TaskRunnerV1 pid=29009)[0m         },
[36m(TaskRunnerV1 pid=29009)[0m         "new_value": {
[36m(TaskRunnerV1 pid=29009)[0m           "type": "string",
[36m(TaskRunnerV1 pid=29009)[0m           "description": "New value for the field"
[36m(TaskRunnerV1 pid=29009)[0m         }
[36m(TaskRunnerV1 pid=29009)[0m       },
[36m(TaskRunnerV1 pid=29009)[0m       "required": [
[36m(TaskRunnerV1 pid=29009)[0m         "task_id",
[36m(TaskRunnerV1 pid=29009)[0m         "field",
[36m(TaskRunnerV1 pid=29009)[0m         "new_value"
[36m(TaskRunnerV1 pid=29009)[0m       ]
[36m(TaskRunnerV1 pid=29009)[0m     },
[36m(TaskRunnerV1 pid=29009)[0m     "strict": false
[36m(TaskRunnerV1 pid=29009)[0m   }
[36m(TaskRunnerV1 pid=29009)[0m }
[36m(TaskRunnerV1 pid=29009)[0m dataset len: 4978
[36m(TaskRunnerV1 pid=29009)[0m Using dataset class: RLHFDataset
[36m(TaskRunnerV1 pid=29009)[0m {
[36m(TaskRunnerV1 pid=29009)[0m   "type": "function",
[36m(TaskRunnerV1 pid=29009)[0m   "function": {
[36m(TaskRunnerV1 pid=29009)[0m     "name": "analytics_get_visitor_information_by_id",
[36m(TaskRunnerV1 pid=29009)[0m     "description": "Returns the analytics data for a given visitor ID.",
[36m(TaskRunnerV1 pid=29009)[0m     "parameters": {
[36m(TaskRunnerV1 pid=29009)[0m       "type": "object",
[36m(TaskRunnerV1 pid=29009)[0m       "properties": {
[36m(TaskRunnerV1 pid=29009)[0m         "visitor_id": {
[36m(TaskRunnerV1 pid=29009)[0m           "type": "string",
[36m(TaskRunnerV1 pid=29009)[0m           "description": "ID of the visitor"
[36m(TaskRunnerV1 pid=29009)[0m         }
[36m(TaskRunnerV1 pid=29009)[0m       },
[36m(TaskRunnerV1 pid=29009)[0m       "required": [
[36m(TaskRunnerV1 pid=29009)[0m         "visitor_id"
[36m(TaskRunnerV1 pid=29009)[0m       ]
[36m(TaskRunnerV1 pid=29009)[0m     },
[36m(TaskRunnerV1 pid=29009)[0m     "strict": false
[36m(TaskRunnerV1 pid=29009)[0m   }
[36m(TaskRunnerV1 pid=29009)[0m }
[36m(TaskRunnerV1 pid=29009)[0m {
[36m(TaskRunnerV1 pid=29009)[0m   "type": "function",
[36m(TaskRunnerV1 pid=29009)[0m   "function": {
[36m(TaskRunnerV1 pid=29009)[0m     "name": "analytics_create_plot",
[36m(TaskRunnerV1 pid=29009)[0m     "description": "Plots the analytics data for a given time range and value.",
[36m(TaskRunnerV1 pid=29009)[0m     "parameters": {
[36m(TaskRunnerV1 pid=29009)[0m       "type": "object",
[36m(TaskRunnerV1 pid=29009)[0m       "properties": {
[36m(TaskRunnerV1 pid=29009)[0m         "time_min": {
[36m(TaskRunnerV1 pid=29009)[0m           "type": "string",
[36m(TaskRunnerV1 pid=29009)[0m           "description": "Start date of the time range. Date format is YYYY-MM-DD"
[36m(TaskRunnerV1 pid=29009)[0m         },
[36m(TaskRunnerV1 pid=29009)[0m         "time_max": {
[36m(TaskRunnerV1 pid=29009)[0m           "type": "string",
[36m(TaskRunnerV1 pid=29009)[0m           "description": "End date of the time range. Date format is YYYY-MM-DD"
[36m(TaskRunnerV1 pid=29009)[0m         },
[36m(TaskRunnerV1 pid=29009)[0m         "value_to_plot": {
[36m(TaskRunnerV1 pid=29009)[0m           "type": "string",
[36m(TaskRunnerV1 pid=29009)[0m           "description": "Value to plot. Available values are: 'total_visits', 'session_duration_seconds', 'user_engaged', 'visits_direct', 'visits_referral', 'visits_search_engine', 'visits_social_media'"
[36m(TaskRunnerV1 pid=29009)[0m         },
[36m(TaskRunnerV1 pid=29009)[0m         "plot_type": {
[36m(TaskRunnerV1 pid=29009)[0m           "type": "string",
[36m(TaskRunnerV1 pid=29009)[0m           "description": "Type of plot. Can be 'bar', 'line', 'scatter' or 'histogram'"
[36m(TaskRunnerV1 pid=29009)[0m         }
[36m(TaskRunnerV1 pid=29009)[0m       },
[36m(TaskRunnerV1 pid=29009)[0m       "required": [
[36m(TaskRunnerV1 pid=29009)[0m         "time_min",
[36m(TaskRunnerV1 pid=29009)[0m         "time_max",
[36m(TaskRunnerV1 pid=29009)[0m         "value_to_plot",
[36m(TaskRunnerV1 pid=29009)[0m         "plot_type"
[36m(TaskRunnerV1 pid=29009)[0m       ]
[36m(TaskRunnerV1 pid=29009)[0m     },
[36m(TaskRunnerV1 pid=29009)[0m     "strict": false
[36m(TaskRunnerV1 pid=29009)[0m   }
[36m(TaskRunnerV1 pid=29009)[0m }
[36m(TaskRunnerV1 pid=29009)[0m {
[36m(TaskRunnerV1 pid=29009)[0m   "type": "function",
[36m(TaskRunnerV1 pid=29009)[0m   "function": {
[36m(TaskRunnerV1 pid=29009)[0m     "name": "analytics_total_visits_count",
[36m(TaskRunnerV1 pid=29009)[0m     "description": "Returns the total number of visits within a specified time range.",
[36m(TaskRunnerV1 pid=29009)[0m     "parameters": {
[36m(TaskRunnerV1 pid=29009)[0m       "type": "object",
[36m(TaskRunnerV1 pid=29009)[0m       "properties": {
[36m(TaskRunnerV1 pid=29009)[0m         "time_min": {
[36m(TaskRunnerV1 pid=29009)[0m           "type": "string",
[36m(TaskRunnerV1 pid=29009)[0m           "description": "Start date of the time range. Date format is YYYY-MM-DD"
[36m(TaskRunnerV1 pid=29009)[0m         },
[36m(TaskRunnerV1 pid=29009)[0m         "time_max": {
[36m(TaskRunnerV1 pid=29009)[0m           "type": "string",
[36m(TaskRunnerV1 pid=29009)[0m           "description": "End date of the time range. Date format is YYYY-MM-DD"
[36m(TaskRunnerV1 pid=29009)[0m         }
[36m(TaskRunnerV1 pid=29009)[0m       },
[36m(TaskRunnerV1 pid=29009)[0m       "required": []
[36m(TaskRunnerV1 pid=29009)[0m     },
[36m(TaskRunnerV1 pid=29009)[0m     "strict": false
[36m(TaskRunnerV1 pid=29009)[0m   }
[36m(TaskRunnerV1 pid=29009)[0m }
[36m(TaskRunnerV1 pid=29009)[0m {
[36m(TaskRunnerV1 pid=29009)[0m   "type": "function",
[36m(TaskRunnerV1 pid=29009)[0m   "function": {
[36m(TaskRunnerV1 pid=29009)[0m     "name": "analytics_engaged_users_count",
[36m(TaskRunnerV1 pid=29009)[0m     "description": "Returns the number of engaged users within a specified time range.",
[36m(TaskRunnerV1 pid=29009)[0m     "parameters": {
[36m(TaskRunnerV1 pid=29009)[0m       "type": "object",
[36m(TaskRunnerV1 pid=29009)[0m       "properties": {
[36m(TaskRunnerV1 pid=29009)[0m         "time_min": {
[36m(TaskRunnerV1 pid=29009)[0m           "type": "string",
[36m(TaskRunnerV1 pid=29009)[0m           "description": "Start date of the time range. Date format is YYYY-MM-DD"
[36m(TaskRunnerV1 pid=29009)[0m         },
[36m(TaskRunnerV1 pid=29009)[0m         "time_max": {
[36m(TaskRunnerV1 pid=29009)[0m           "type": "string",
[36m(TaskRunnerV1 pid=29009)[0m           "description": "End date of the time range. Date format is YYYY-MM-DD"
[36m(TaskRunnerV1 pid=29009)[0m         }
[36m(TaskRunnerV1 pid=29009)[0m       },
[36m(TaskRunnerV1 pid=29009)[0m       "required": []
[36m(TaskRunnerV1 pid=29009)[0m     },
[36m(TaskRunnerV1 pid=29009)[0m     "strict": false
[36m(TaskRunnerV1 pid=29009)[0m   }
[36m(TaskRunnerV1 pid=29009)[0m }
[36m(TaskRunnerV1 pid=29009)[0m {
[36m(TaskRunnerV1 pid=29009)[0m   "type": "function",
[36m(TaskRunnerV1 pid=29009)[0m   "function": {
[36m(TaskRunnerV1 pid=29009)[0m     "name": "analytics_traffic_source_count",
[36m(TaskRunnerV1 pid=29009)[0m     "description": "Returns the number of visits from a specific traffic source within a specified time range.",
[36m(TaskRunnerV1 pid=29009)[0m     "parameters": {
[36m(TaskRunnerV1 pid=29009)[0m       "type": "object",
[36m(TaskRunnerV1 pid=29009)[0m       "properties": {
[36m(TaskRunnerV1 pid=29009)[0m         "time_min": {
[36m(TaskRunnerV1 pid=29009)[0m           "type": "string",
[36m(TaskRunnerV1 pid=29009)[0m           "description": "Start date of the time range. Date format is YYYY-MM-DD"
[36m(TaskRunnerV1 pid=29009)[0m         },
[36m(TaskRunnerV1 pid=29009)[0m         "time_max": {
[36m(TaskRunnerV1 pid=29009)[0m           "type": "string",
[36m(TaskRunnerV1 pid=29009)[0m           "description": "End date of the time range. Date format is YYYY-MM-DD"
[36m(TaskRunnerV1 pid=29009)[0m         },
[36m(TaskRunnerV1 pid=29009)[0m         "traffic_source": {
[36m(TaskRunnerV1 pid=29009)[0m           "type": "string",
[36m(TaskRunnerV1 pid=29009)[0m           "description": "Traffic source to filter the visits. Available values are: 'direct', 'referral', 'search engine', 'social media'"
[36m(TaskRunnerV1 pid=29009)[0m         }
[36m(TaskRunnerV1 pid=29009)[0m       },
[36m(TaskRunnerV1 pid=29009)[0m       "required": []
[36m(TaskRunnerV1 pid=29009)[0m     },
[36m(TaskRunnerV1 pid=29009)[0m     "strict": false
[36m(TaskRunnerV1 pid=29009)[0m   }
[36m(TaskRunnerV1 pid=29009)[0m }
[36m(TaskRunnerV1 pid=29009)[0m {
[36m(TaskRunnerV1 pid=29009)[0m   "type": "function",
[36m(TaskRunnerV1 pid=29009)[0m   "function": {
[36m(TaskRunnerV1 pid=29009)[0m     "name": "analytics_get_average_session_duration",
[36m(TaskRunnerV1 pid=29009)[0m     "description": "Returns the average session duration within a specified time range.",
[36m(TaskRunnerV1 pid=29009)[0m     "parameters": {
[36m(TaskRunnerV1 pid=29009)[0m       "type": "object",
[36m(TaskRunnerV1 pid=29009)[0m       "properties": {
[36m(TaskRunnerV1 pid=29009)[0m         "time_min": {
[36m(TaskRunnerV1 pid=29009)[0m           "type": "string",
[36m(TaskRunnerV1 pid=29009)[0m           "description": "Start date of the time range. Date format is YYYY-MM-DD"
[36m(TaskRunnerV1 pid=29009)[0m         },
[36m(TaskRunnerV1 pid=29009)[0m         "time_max": {
[36m(TaskRunnerV1 pid=29009)[0m           "type": "string",
[36m(TaskRunnerV1 pid=29009)[0m           "description": "End date of the time range. Date format is YYYY-MM-DD"
[36m(TaskRunnerV1 pid=29009)[0m         }
[36m(TaskRunnerV1 pid=29009)[0m       },
[36m(TaskRunnerV1 pid=29009)[0m       "required": []
[36m(TaskRunnerV1 pid=29009)[0m     },
[36m(TaskRunnerV1 pid=29009)[0m     "strict": false
[36m(TaskRunnerV1 pid=29009)[0m   }
[36m(TaskRunnerV1 pid=29009)[0m }
[36m(TaskRunnerV1 pid=29009)[0m {
[36m(TaskRunnerV1 pid=29009)[0m   "type": "function",
[36m(TaskRunnerV1 pid=29009)[0m   "function": {
[36m(TaskRunnerV1 pid=29009)[0m     "name": "calendar_get_event_information_by_id",
[36m(TaskRunnerV1 pid=29009)[0m     "description": "Returns the event for a given ID.",
[36m(TaskRunnerV1 pid=29009)[0m     "parameters": {
[36m(TaskRunnerV1 pid=29009)[0m       "type": "object",
[36m(TaskRunnerV1 pid=29009)[0m       "properties": {
[36m(TaskRunnerV1 pid=29009)[0m         "event_id": {
[36m(TaskRunnerV1 pid=29009)[0m           "type": "string",
[36m(TaskRunnerV1 pid=29009)[0m           "description": "8-digit ID of the event"
[36m(TaskRunnerV1 pid=29009)[0m         },
[36m(TaskRunnerV1 pid=29009)[0m         "field": {
[36m(TaskRunnerV1 pid=29009)[0m           "type": "string",
[36m(TaskRunnerV1 pid=29009)[0m           "description": "Field to return. Available fields are: 'event_id', 'event_name', 'participant_email', 'event_start', 'duration'"
[36m(TaskRunnerV1 pid=29009)[0m         }
[36m(TaskRunnerV1 pid=29009)[0m       },
[36m(TaskRunnerV1 pid=29009)[0m       "required": [
[36m(TaskRunnerV1 pid=29009)[0m         "event_id",
[36m(TaskRunnerV1 pid=29009)[0m         "field"
[36m(TaskRunnerV1 pid=29009)[0m       ]
[36m(TaskRunnerV1 pid=29009)[0m     },
[36m(TaskRunnerV1 pid=29009)[0m     "strict": false
[36m(TaskRunnerV1 pid=29009)[0m   }
[36m(TaskRunnerV1 pid=29009)[0m }
[36m(TaskRunnerV1 pid=29009)[0m {
[36m(TaskRunnerV1 pid=29009)[0m   "type": "function",
[36m(TaskRunnerV1 pid=29009)[0m   "function": {
[36m(TaskRunnerV1 pid=29009)[0m     "name": "calendar_search_events",
[36m(TaskRunnerV1 pid=29009)[0m     "description": "Returns the events for a given query with pagination support.",
[36m(TaskRunnerV1 pid=29009)[0m     "parameters": {
[36m(TaskRunnerV1 pid=29009)[0m       "type": "object",
[36m(TaskRunnerV1 pid=29009)[0m       "properties": {
[36m(TaskRunnerV1 pid=29009)[0m         "query": {
[36m(TaskRunnerV1 pid=29009)[0m           "type": "string",
[36m(TaskRunnerV1 pid=29009)[0m           "description": "Query to search for. Terms will be matched in the event_name and participant_email fields"
[36m(TaskRunnerV1 pid=29009)[0m         },
[36m(TaskRunnerV1 pid=29009)[0m         "time_min": {
[36m(TaskRunnerV1 pid=29009)[0m           "type": "string",
[36m(TaskRunnerV1 pid=29009)[0m           "description": "Lower bound (inclusive) for an event's end time to filter by. Format: YYYY-MM-DD HH:MM:SS"
[36m(TaskRunnerV1 pid=29009)[0m         },
[36m(TaskRunnerV1 pid=29009)[0m         "time_max": {
[36m(TaskRunnerV1 pid=29009)[0m           "type": "string",
[36m(TaskRunnerV1 pid=29009)[0m           "description": "Upper bound (inclusive) for an event's start time to filter by. Format: YYYY-MM-DD HH:MM:SS"
[36m(TaskRunnerV1 pid=29009)[0m         },
[36m(TaskRunnerV1 pid=29009)[0m         "page": {
[36m(TaskRunnerV1 pid=29009)[0m           "type": "integer",
[36m(TaskRunnerV1 pid=29009)[0m           "description": "Page number of results to return"
[36m(TaskRunnerV1 pid=29009)[0m         },
[36m(TaskRunnerV1 pid=29009)[0m         "page_size": {
[36m(TaskRunnerV1 pid=29009)[0m           "type": "integer",
[36m(TaskRunnerV1 pid=29009)[0m           "description": "Number of events per page"
[36m(TaskRunnerV1 pid=29009)[0m         }
[36m(TaskRunnerV1 pid=29009)[0m       },
[36m(TaskRunnerV1 pid=29009)[0m       "required": []
[36m(TaskRunnerV1 pid=29009)[0m     },
[36m(TaskRunnerV1 pid=29009)[0m     "strict": false
[36m(TaskRunnerV1 pid=29009)[0m   }
[36m(TaskRunnerV1 pid=29009)[0m }
[36m(TaskRunnerV1 pid=29009)[0m {
[36m(TaskRunnerV1 pid=29009)[0m   "type": "function",
[36m(TaskRunnerV1 pid=29009)[0m   "function": {
[36m(TaskRunnerV1 pid=29009)[0m     "name": "calendar_create_event",
[36m(TaskRunnerV1 pid=29009)[0m     "description": "Creates a new event.",
[36m(TaskRunnerV1 pid=29009)[0m     "parameters": {
[36m(TaskRunnerV1 pid=29009)[0m       "type": "object",
[36m(TaskRunnerV1 pid=29009)[0m       "properties": {
[36m(TaskRunnerV1 pid=29009)[0m         "event_name": {
[36m(TaskRunnerV1 pid=29009)[0m           "type": "string",
[36m(TaskRunnerV1 pid=29009)[0m           "description": "Name of the event"
[36m(TaskRunnerV1 pid=29009)[0m         },
[36m(TaskRunnerV1 pid=29009)[0m         "participant_email": {
[36m(TaskRunnerV1 pid=29009)[0m           "type": "string",
[36m(TaskRunnerV1 pid=29009)[0m           "description": "Email of the participant"
[36m(TaskRunnerV1 pid=29009)[0m         },
[36m(TaskRunnerV1 pid=29009)[0m         "event_start": {
[36m(TaskRunnerV1 pid=29009)[0m           "type": "string",
[36m(TaskRunnerV1 pid=29009)[0m           "description": "Start time of the event. Format: YYYY-MM-DD HH:MM:SS"
[36m(TaskRunnerV1 pid=29009)[0m         },
[36m(TaskRunnerV1 pid=29009)[0m         "duration": {
[36m(TaskRunnerV1 pid=29009)[0m           "type": "string",
[36m(TaskRunnerV1 pid=29009)[0m           "description": "Duration of the event in minutes"
[36m(TaskRunnerV1 pid=29009)[0m         }
[36m(TaskRunnerV1 pid=29009)[0m       },
[36m(TaskRunnerV1 pid=29009)[0m       "required": [
[36m(TaskRunnerV1 pid=29009)[0m         "event_name",
[36m(TaskRunnerV1 pid=29009)[0m         "participant_email",
[36m(TaskRunnerV1 pid=29009)[0m         "event_start",
[36m(TaskRunnerV1 pid=29009)[0m         "duration"
[36m(TaskRunnerV1 pid=29009)[0m       ]
[36m(TaskRunnerV1 pid=29009)[0m     },
[36m(TaskRunnerV1 pid=29009)[0m     "strict": false
[36m(TaskRunnerV1 pid=29009)[0m   }
[36m(TaskRunnerV1 pid=29009)[0m }
[36m(TaskRunnerV1 pid=29009)[0m {
[36m(TaskRunnerV1 pid=29009)[0m   "type": "function",
[36m(TaskRunnerV1 pid=29009)[0m   "function": {
[36m(TaskRunnerV1 pid=29009)[0m     "name": "calendar_delete_event",
[36m(TaskRunnerV1 pid=29009)[0m     "description": "Deletes an event.",
[36m(TaskRunnerV1 pid=29009)[0m     "parameters": {
[36m(TaskRunnerV1 pid=29009)[0m       "type": "object",
[36m(TaskRunnerV1 pid=29009)[0m       "properties": {
[36m(TaskRunnerV1 pid=29009)[0m         "event_id": {
[36m(TaskRunnerV1 pid=29009)[0m           "type": "string",
[36m(TaskRunnerV1 pid=29009)[0m           "description": "8-digit ID of the event"
[36m(TaskRunnerV1 pid=29009)[0m         }
[36m(TaskRunnerV1 pid=29009)[0m       },
[36m(TaskRunnerV1 pid=29009)[0m       "required": [
[36m(TaskRunnerV1 pid=29009)[0m         "event_id"
[36m(TaskRunnerV1 pid=29009)[0m       ]
[36m(TaskRunnerV1 pid=29009)[0m     },
[36m(TaskRunnerV1 pid=29009)[0m     "strict": false
[36m(TaskRunnerV1 pid=29009)[0m   }
[36m(TaskRunnerV1 pid=29009)[0m }
[36m(TaskRunnerV1 pid=29009)[0m {
[36m(TaskRunnerV1 pid=29009)[0m   "type": "function",
[36m(TaskRunnerV1 pid=29009)[0m   "function": {
[36m(TaskRunnerV1 pid=29009)[0m     "name": "calendar_update_event",
[36m(TaskRunnerV1 pid=29009)[0m     "description": "Updates an event.",
[36m(TaskRunnerV1 pid=29009)[0m     "parameters": {
[36m(TaskRunnerV1 pid=29009)[0m       "type": "object",
[36m(TaskRunnerV1 pid=29009)[0m       "properties": {
[36m(TaskRunnerV1 pid=29009)[0m         "event_id": {
[36m(TaskRunnerV1 pid=29009)[0m           "type": "string",
[36m(TaskRunnerV1 pid=29009)[0m           "description": "8-digit ID of the event"
[36m(TaskRunnerV1 pid=29009)[0m         },
[36m(TaskRunnerV1 pid=29009)[0m         "field": {
[36m(TaskRunnerV1 pid=29009)[0m           "type": "string",
[36m(TaskRunnerV1 pid=29009)[0m           "description": "Field to update. Available fields are: 'event_name', 'participant_email', 'event_start', 'duration'"
[36m(TaskRunnerV1 pid=29009)[0m         },
[36m(TaskRunnerV1 pid=29009)[0m         "new_value": {
[36m(TaskRunnerV1 pid=29009)[0m           "type": "string",
[36m(TaskRunnerV1 pid=29009)[0m           "description": "New value for the field"
[36m(TaskRunnerV1 pid=29009)[0m         }
[36m(TaskRunnerV1 pid=29009)[0m       },
[36m(TaskRunnerV1 pid=29009)[0m       "required": [
[36m(TaskRunnerV1 pid=29009)[0m         "event_id",
[36m(TaskRunnerV1 pid=29009)[0m         "field",
[36m(TaskRunnerV1 pid=29009)[0m         "new_value"
[36m(TaskRunnerV1 pid=29009)[0m       ]
[36m(TaskRunnerV1 pid=29009)[0m     },
[36m(TaskRunnerV1 pid=29009)[0m     "strict": false
[36m(TaskRunnerV1 pid=29009)[0m   }
[36m(TaskRunnerV1 pid=29009)[0m }
[36m(TaskRunnerV1 pid=29009)[0m {
[36m(TaskRunnerV1 pid=29009)[0m   "type": "function",
[36m(TaskRunnerV1 pid=29009)[0m   "function": {
[36m(TaskRunnerV1 pid=29009)[0m     "name": "company_directory_find_email_address",
[36m(TaskRunnerV1 pid=29009)[0m     "description": "Finds all email addresses containing the given name (case-insensitive search).",
[36m(TaskRunnerV1 pid=29009)[0m     "parameters": {
[36m(TaskRunnerV1 pid=29009)[0m       "type": "object",
[36m(TaskRunnerV1 pid=29009)[0m       "properties": {
[36m(TaskRunnerV1 pid=29009)[0m         "name": {
[36m(TaskRunnerV1 pid=29009)[0m           "type": "string",
[36m(TaskRunnerV1 pid=29009)[0m           "description": "Name or partial name to search for in email addresses"
[36m(TaskRunnerV1 pid=29009)[0m         }
[36m(TaskRunnerV1 pid=29009)[0m       },
[36m(TaskRunnerV1 pid=29009)[0m       "required": []
[36m(TaskRunnerV1 pid=29009)[0m     },
[36m(TaskRunnerV1 pid=29009)[0m     "strict": false
[36m(TaskRunnerV1 pid=29009)[0m   }
[36m(TaskRunnerV1 pid=29009)[0m }
[36m(TaskRunnerV1 pid=29009)[0m {
[36m(TaskRunnerV1 pid=29009)[0m   "type": "function",
[36m(TaskRunnerV1 pid=29009)[0m   "function": {
[36m(TaskRunnerV1 pid=29009)[0m     "name": "customer_relationship_manager_search_customers",
[36m(TaskRunnerV1 pid=29009)[0m     "description": "Searches for customers based on the given parameters with pagination support.",
[36m(TaskRunnerV1 pid=29009)[0m     "parameters": {
[36m(TaskRunnerV1 pid=29009)[0m       "type": "object",
[36m(TaskRunnerV1 pid=29009)[0m       "properties": {
[36m(TaskRunnerV1 pid=29009)[0m         "customer_name": {
[36m(TaskRunnerV1 pid=29009)[0m           "type": "string",
[36m(TaskRunnerV1 pid=29009)[0m           "description": "Name of the customer"
[36m(TaskRunnerV1 pid=29009)[0m         },
[36m(TaskRunnerV1 pid=29009)[0m         "customer_email": {
[36m(TaskRunnerV1 pid=29009)[0m           "type": "string",
[36m(TaskRunnerV1 pid=29009)[0m           "description": "Email address of the customer"
[36m(TaskRunnerV1 pid=29009)[0m         },
[36m(TaskRunnerV1 pid=29009)[0m         "product_interest": {
[36m(TaskRunnerV1 pid=29009)[0m           "type": "string",
[36m(TaskRunnerV1 pid=29009)[0m           "description": "Product interest of the customer"
[36m(TaskRunnerV1 pid=29009)[0m         },
[36m(TaskRunnerV1 pid=29009)[0m         "status": {
[36m(TaskRunnerV1 pid=29009)[0m           "type": "string",
[36m(TaskRunnerV1 pid=29009)[0m           "description": "Current status of the customer"
[36m(TaskRunnerV1 pid=29009)[0m         },
[36m(TaskRunnerV1 pid=29009)[0m         "assigned_to_email": {
[36m(TaskRunnerV1 pid=29009)[0m           "type": "string",
[36m(TaskRunnerV1 pid=29009)[0m           "description": "Email address of the person assigned to the customer"
[36m(TaskRunnerV1 pid=29009)[0m         },
[36m(TaskRunnerV1 pid=29009)[0m         "last_contact_date_min": {
[36m(TaskRunnerV1 pid=29009)[0m           "type": "string",
[36m(TaskRunnerV1 pid=29009)[0m           "description": "Minimum last contact date. Format: YYYY-MM-DD"
[36m(TaskRunnerV1 pid=29009)[0m         },
[36m(TaskRunnerV1 pid=29009)[0m         "last_contact_date_max": {
[36m(TaskRunnerV1 pid=29009)[0m           "type": "string",
[36m(TaskRunnerV1 pid=29009)[0m           "description": "Maximum last contact date. Format: YYYY-MM-DD"
[36m(TaskRunnerV1 pid=29009)[0m         },
[36m(TaskRunnerV1 pid=29009)[0m         "follow_up_by_min": {
[36m(TaskRunnerV1 pid=29009)[0m           "type": "string",
[36m(TaskRunnerV1 pid=29009)[0m           "description": "Minimum follow up date. Format: YYYY-MM-DD"
[36m(TaskRunnerV1 pid=29009)[0m         },
[36m(TaskRunnerV1 pid=29009)[0m         "follow_up_by_max": {
[36m(TaskRunnerV1 pid=29009)[0m           "type": "string",
[36m(TaskRunnerV1 pid=29009)[0m           "description": "Maximum follow up date. Format: YYYY-MM-DD"
[36m(TaskRunnerV1 pid=29009)[0m         },
[36m(TaskRunnerV1 pid=29009)[0m         "page": {
[36m(TaskRunnerV1 pid=29009)[0m           "type": "integer",
[36m(TaskRunnerV1 pid=29009)[0m           "description": "Page number of results to return"
[36m(TaskRunnerV1 pid=29009)[0m         },
[36m(TaskRunnerV1 pid=29009)[0m         "page_size": {
[36m(TaskRunnerV1 pid=29009)[0m           "type": "integer",
[36m(TaskRunnerV1 pid=29009)[0m           "description": "Number of customers per page"
[36m(TaskRunnerV1 pid=29009)[0m         }
[36m(TaskRunnerV1 pid=29009)[0m       },
[36m(TaskRunnerV1 pid=29009)[0m       "required": []
[36m(TaskRunnerV1 pid=29009)[0m     },
[36m(TaskRunnerV1 pid=29009)[0m     "strict": false
[36m(TaskRunnerV1 pid=29009)[0m   }
[36m(TaskRunnerV1 pid=29009)[0m }
[36m(TaskRunnerV1 pid=29009)[0m {
[36m(TaskRunnerV1 pid=29009)[0m   "type": "function",
[36m(TaskRunnerV1 pid=29009)[0m   "function": {
[36m(TaskRunnerV1 pid=29009)[0m     "name": "customer_relationship_manager_update_customer",
[36m(TaskRunnerV1 pid=29009)[0m     "description": "Updates a customer record by ID.",
[36m(TaskRunnerV1 pid=29009)[0m     "parameters": {
[36m(TaskRunnerV1 pid=29009)[0m       "type": "object",
[36m(TaskRunnerV1 pid=29009)[0m       "properties": {
[36m(TaskRunnerV1 pid=29009)[0m         "customer_id": {
[36m(TaskRunnerV1 pid=29009)[0m           "type": "string",
[36m(TaskRunnerV1 pid=29009)[0m           "description": "ID of the customer"
[36m(TaskRunnerV1 pid=29009)[0m         },
[36m(TaskRunnerV1 pid=29009)[0m         "field": {
[36m(TaskRunnerV1 pid=29009)[0m           "type": "string",
[36m(TaskRunnerV1 pid=29009)[0m           "description": "Field to update. Available fields are: 'customer_name', 'assigned_to_email', 'customer_email', 'customer_phone', 'last_contact_date', 'product_interest', 'status', 'notes', 'follow_up_by'"
[36m(TaskRunnerV1 pid=29009)[0m         },
[36m(TaskRunnerV1 pid=29009)[0m         "new_value": {
[36m(TaskRunnerV1 pid=29009)[0m           "type": "string",
[36m(TaskRunnerV1 pid=29009)[0m           "description": "New value for the field"
[36m(TaskRunnerV1 pid=29009)[0m         }
[36m(TaskRunnerV1 pid=29009)[0m       },
[36m(TaskRunnerV1 pid=29009)[0m       "required": [
[36m(TaskRunnerV1 pid=29009)[0m         "customer_id",
[36m(TaskRunnerV1 pid=29009)[0m         "field",
[36m(TaskRunnerV1 pid=29009)[0m         "new_value"
[36m(TaskRunnerV1 pid=29009)[0m       ]
[36m(TaskRunnerV1 pid=29009)[0m     },
[36m(TaskRunnerV1 pid=29009)[0m     "strict": false
[36m(TaskRunnerV1 pid=29009)[0m   }
[36m(TaskRunnerV1 pid=29009)[0m }
[36m(TaskRunnerV1 pid=29009)[0m {
[36m(TaskRunnerV1 pid=29009)[0m   "type": "function",
[36m(TaskRunnerV1 pid=29009)[0m   "function": {
[36m(TaskRunnerV1 pid=29009)[0m     "name": "customer_relationship_manager_add_customer",
[36m(TaskRunnerV1 pid=29009)[0m     "description": "Adds a new customer record.",
[36m(TaskRunnerV1 pid=29009)[0m     "parameters": {
[36m(TaskRunnerV1 pid=29009)[0m       "type": "object",
[36m(TaskRunnerV1 pid=29009)[0m       "properties": {
[36m(TaskRunnerV1 pid=29009)[0m         "customer_name": {
[36m(TaskRunnerV1 pid=29009)[0m           "type": "string",
[36m(TaskRunnerV1 pid=29009)[0m           "description": "Name of the customer"
[36m(TaskRunnerV1 pid=29009)[0m         },
[36m(TaskRunnerV1 pid=29009)[0m         "assigned_to_email": {
[36m(TaskRunnerV1 pid=29009)[0m           "type": "string",
[36m(TaskRunnerV1 pid=29009)[0m           "description": "Email address of the person assigned to the customer"
[36m(TaskRunnerV1 pid=29009)[0m         },
[36m(TaskRunnerV1 pid=29009)[0m         "status": {
[36m(TaskRunnerV1 pid=29009)[0m           "type": "string",
[36m(TaskRunnerV1 pid=29009)[0m           "description": "Current status of the customer. One of: 'Qualified', 'Won', 'Lost', 'Lead', 'Proposal'"
[36m(TaskRunnerV1 pid=29009)[0m         },
[36m(TaskRunnerV1 pid=29009)[0m         "customer_email": {
[36m(TaskRunnerV1 pid=29009)[0m           "type": "string",
[36m(TaskRunnerV1 pid=29009)[0m           "description": "Email address of the customer"
[36m(TaskRunnerV1 pid=29009)[0m         },
[36m(TaskRunnerV1 pid=29009)[0m         "customer_phone": {
[36m(TaskRunnerV1 pid=29009)[0m           "type": "string",
[36m(TaskRunnerV1 pid=29009)[0m           "description": "Phone number of the customer"
[36m(TaskRunnerV1 pid=29009)[0m         },
[36m(TaskRunnerV1 pid=29009)[0m         "last_contact_date": {
[36m(TaskRunnerV1 pid=29009)[0m           "type": "string",
[36m(TaskRunnerV1 pid=29009)[0m           "description": "The last date the customer was contacted. Format: YYYY-MM-DD"
[36m(TaskRunnerV1 pid=29009)[0m         },
[36m(TaskRunnerV1 pid=29009)[0m         "product_interest": {
[36m(TaskRunnerV1 pid=29009)[0m           "type": "string",
[36m(TaskRunnerV1 pid=29009)[0m           "description": "Product interest of the customer. One of: 'Software', 'Hardware', 'Services', 'Consulting', 'Training'"
[36m(TaskRunnerV1 pid=29009)[0m         },
[36m(TaskRunnerV1 pid=29009)[0m         "notes": {
[36m(TaskRunnerV1 pid=29009)[0m           "type": "string",
[36m(TaskRunnerV1 pid=29009)[0m           "description": "Notes about the customer"
[36m(TaskRunnerV1 pid=29009)[0m         },
[36m(TaskRunnerV1 pid=29009)[0m         "follow_up_by": {
[36m(TaskRunnerV1 pid=29009)[0m           "type": "string",
[36m(TaskRunnerV1 pid=29009)[0m           "description": "Date for the next follow up. Format: YYYY-MM-DD"
[36m(TaskRunnerV1 pid=29009)[0m         }
[36m(TaskRunnerV1 pid=29009)[0m       },
[36m(TaskRunnerV1 pid=29009)[0m       "required": [
[36m(TaskRunnerV1 pid=29009)[0m         "customer_name",
[36m(TaskRunnerV1 pid=29009)[0m         "assigned_to_email",
[36m(TaskRunnerV1 pid=29009)[0m         "status"
[36m(TaskRunnerV1 pid=29009)[0m       ]
[36m(TaskRunnerV1 pid=29009)[0m     },
[36m(TaskRunnerV1 pid=29009)[0m     "strict": false
[36m(TaskRunnerV1 pid=29009)[0m   }
[36m(TaskRunnerV1 pid=29009)[0m }
[36m(TaskRunnerV1 pid=29009)[0m {
[36m(TaskRunnerV1 pid=29009)[0m   "type": "function",
[36m(TaskRunnerV1 pid=29009)[0m   "function": {
[36m(TaskRunnerV1 pid=29009)[0m     "name": "customer_relationship_manager_delete_customer",
[36m(TaskRunnerV1 pid=29009)[0m     "description": "Deletes a customer record by ID.",
[36m(TaskRunnerV1 pid=29009)[0m     "parameters": {
[36m(TaskRunnerV1 pid=29009)[0m       "type": "object",
[36m(TaskRunnerV1 pid=29009)[0m       "properties": {
[36m(TaskRunnerV1 pid=29009)[0m         "customer_id": {
[36m(TaskRunnerV1 pid=29009)[0m           "type": "string",
[36m(TaskRunnerV1 pid=29009)[0m           "description": "ID of the customer"
[36m(TaskRunnerV1 pid=29009)[0m         }
[36m(TaskRunnerV1 pid=29009)[0m       },
[36m(TaskRunnerV1 pid=29009)[0m       "required": [
[36m(TaskRunnerV1 pid=29009)[0m         "customer_id"
[36m(TaskRunnerV1 pid=29009)[0m       ]
[36m(TaskRunnerV1 pid=29009)[0m     },
[36m(TaskRunnerV1 pid=29009)[0m     "strict": false
[36m(TaskRunnerV1 pid=29009)[0m   }
[36m(TaskRunnerV1 pid=29009)[0m }
[36m(TaskRunnerV1 pid=29009)[0m {
[36m(TaskRunnerV1 pid=29009)[0m   "type": "function",
[36m(TaskRunnerV1 pid=29009)[0m   "function": {
[36m(TaskRunnerV1 pid=29009)[0m     "name": "email_get_email_information_by_id",
[36m(TaskRunnerV1 pid=29009)[0m     "description": "Retrieves specific details of an email by its ID.",
[36m(TaskRunnerV1 pid=29009)[0m     "parameters": {
[36m(TaskRunnerV1 pid=29009)[0m       "type": "object",
[36m(TaskRunnerV1 pid=29009)[0m       "properties": {
[36m(TaskRunnerV1 pid=29009)[0m         "email_id": {
[36m(TaskRunnerV1 pid=29009)[0m           "type": "string",
[36m(TaskRunnerV1 pid=29009)[0m           "description": "Unique ID of the email"
[36m(TaskRunnerV1 pid=29009)[0m         },
[36m(TaskRunnerV1 pid=29009)[0m         "field": {
[36m(TaskRunnerV1 pid=29009)[0m           "type": "string",
[36m(TaskRunnerV1 pid=29009)[0m           "description": "Specific field to return. Available fields: 'email_id', 'inbox/outbox', 'sender/recipient', 'subject', 'sent_datetime', 'body'"
[36m(TaskRunnerV1 pid=29009)[0m         }
[36m(TaskRunnerV1 pid=29009)[0m       },
[36m(TaskRunnerV1 pid=29009)[0m       "required": [
[36m(TaskRunnerV1 pid=29009)[0m         "email_id",
[36m(TaskRunnerV1 pid=29009)[0m         "field"
[36m(TaskRunnerV1 pid=29009)[0m       ]
[36m(TaskRunnerV1 pid=29009)[0m     },
[36m(TaskRunnerV1 pid=29009)[0m     "strict": false
[36m(TaskRunnerV1 pid=29009)[0m   }
[36m(TaskRunnerV1 pid=29009)[0m }
[36m(TaskRunnerV1 pid=29009)[0m {
[36m(TaskRunnerV1 pid=29009)[0m   "type": "function",
[36m(TaskRunnerV1 pid=29009)[0m   "function": {
[36m(TaskRunnerV1 pid=29009)[0m     "name": "email_search_emails",
[36m(TaskRunnerV1 pid=29009)[0m     "description": "Searches for emails matching the given query across subject, body, or sender fields. The function matches an email if all words in the query appear in any of these fields.",
[36m(TaskRunnerV1 pid=29009)[0m     "parameters": {
[36m(TaskRunnerV1 pid=29009)[0m       "type": "object",
[36m(TaskRunnerV1 pid=29009)[0m       "properties": {
[36m(TaskRunnerV1 pid=29009)[0m         "query": {
[36m(TaskRunnerV1 pid=29009)[0m           "type": "string",
[36m(TaskRunnerV1 pid=29009)[0m           "description": "Search query, matching terms in subject, body, or sender/recipient fields"
[36m(TaskRunnerV1 pid=29009)[0m         },
[36m(TaskRunnerV1 pid=29009)[0m         "date_min": {
[36m(TaskRunnerV1 pid=29009)[0m           "type": "string",
[36m(TaskRunnerV1 pid=29009)[0m           "description": "Lower date limit for the email's sent date (inclusive). Format: YYYY-MM-DD"
[36m(TaskRunnerV1 pid=29009)[0m         },
[36m(TaskRunnerV1 pid=29009)[0m         "date_max": {
[36m(TaskRunnerV1 pid=29009)[0m           "type": "string",
[36m(TaskRunnerV1 pid=29009)[0m           "description": "Upper date limit for the email's sent date (inclusive). Format: YYYY-MM-DD"
[36m(TaskRunnerV1 pid=29009)[0m         },
[36m(TaskRunnerV1 pid=29009)[0m         "page": {
[36m(TaskRunnerV1 pid=29009)[0m           "type": "integer",
[36m(TaskRunnerV1 pid=29009)[0m           "description": "Page number of results to return"
[36m(TaskRunnerV1 pid=29009)[0m         },
[36m(TaskRunnerV1 pid=29009)[0m         "page_size": {
[36m(TaskRunnerV1 pid=29009)[0m           "type": "integer",
[36m(TaskRunnerV1 pid=29009)[0m           "description": "Number of emails per page"
[36m(TaskRunnerV1 pid=29009)[0m         }
[36m(TaskRunnerV1 pid=29009)[0m       },
[36m(TaskRunnerV1 pid=29009)[0m       "required": []
[36m(TaskRunnerV1 pid=29009)[0m     },
[36m(TaskRunnerV1 pid=29009)[0m     "strict": false
[36m(TaskRunnerV1 pid=29009)[0m   }
[36m(TaskRunnerV1 pid=29009)[0m }
[36m(TaskRunnerV1 pid=29009)[0m {
[36m(TaskRunnerV1 pid=29009)[0m   "type": "function",
[36m(TaskRunnerV1 pid=29009)[0m   "function": {
[36m(TaskRunnerV1 pid=29009)[0m     "name": "email_send_email",
[36m(TaskRunnerV1 pid=29009)[0m     "description": "Sends an email to the specified recipient.",
[36m(TaskRunnerV1 pid=29009)[0m     "parameters": {
[36m(TaskRunnerV1 pid=29009)[0m       "type": "object",
[36m(TaskRunnerV1 pid=29009)[0m       "properties": {
[36m(TaskRunnerV1 pid=29009)[0m         "recipient": {
[36m(TaskRunnerV1 pid=29009)[0m           "type": "string",
[36m(TaskRunnerV1 pid=29009)[0m           "description": "Email address of the recipient"
[36m(TaskRunnerV1 pid=29009)[0m         },
[36m(TaskRunnerV1 pid=29009)[0m         "subject": {
[36m(TaskRunnerV1 pid=29009)[0m           "type": "string",
[36m(TaskRunnerV1 pid=29009)[0m           "description": "Subject line of the email"
[36m(TaskRunnerV1 pid=29009)[0m         },
[36m(TaskRunnerV1 pid=29009)[0m         "body": {
[36m(TaskRunnerV1 pid=29009)[0m           "type": "string",
[36m(TaskRunnerV1 pid=29009)[0m           "description": "Body content of the email"
[36m(TaskRunnerV1 pid=29009)[0m         }
[36m(TaskRunnerV1 pid=29009)[0m       },
[36m(TaskRunnerV1 pid=29009)[0m       "required": [
[36m(TaskRunnerV1 pid=29009)[0m         "recipient",
[36m(TaskRunnerV1 pid=29009)[0m         "subject",
[36m(TaskRunnerV1 pid=29009)[0m         "body"
[36m(TaskRunnerV1 pid=29009)[0m       ]
[36m(TaskRunnerV1 pid=29009)[0m     },
[36m(TaskRunnerV1 pid=29009)[0m     "strict": false
[36m(TaskRunnerV1 pid=29009)[0m   }
[36m(TaskRunnerV1 pid=29009)[0m }
[36m(TaskRunnerV1 pid=29009)[0m {
[36m(TaskRunnerV1 pid=29009)[0m   "type": "function",
[36m(TaskRunnerV1 pid=29009)[0m   "function": {
[36m(TaskRunnerV1 pid=29009)[0m     "name": "email_delete_email",
[36m(TaskRunnerV1 pid=29009)[0m     "description": "Deletes an email by its ID.",
[36m(TaskRunnerV1 pid=29009)[0m     "parameters": {
[36m(TaskRunnerV1 pid=29009)[0m       "type": "object",
[36m(TaskRunnerV1 pid=29009)[0m       "properties": {
[36m(TaskRunnerV1 pid=29009)[0m         "email_id": {
[36m(TaskRunnerV1 pid=29009)[0m           "type": "string",
[36m(TaskRunnerV1 pid=29009)[0m           "description": "Unique ID of the email to be deleted"
[36m(TaskRunnerV1 pid=29009)[0m         }
[36m(TaskRunnerV1 pid=29009)[0m       },
[36m(TaskRunnerV1 pid=29009)[0m       "required": [
[36m(TaskRunnerV1 pid=29009)[0m         "email_id"
[36m(TaskRunnerV1 pid=29009)[0m       ]
[36m(TaskRunnerV1 pid=29009)[0m     },
[36m(TaskRunnerV1 pid=29009)[0m     "strict": false
[36m(TaskRunnerV1 pid=29009)[0m   }
[36m(TaskRunnerV1 pid=29009)[0m }
[36m(TaskRunnerV1 pid=29009)[0m {
[36m(TaskRunnerV1 pid=29009)[0m   "type": "function",
[36m(TaskRunnerV1 pid=29009)[0m   "function": {
[36m(TaskRunnerV1 pid=29009)[0m     "name": "email_forward_email",
[36m(TaskRunnerV1 pid=29009)[0m     "description": "Forwards an email to the specified recipient.",
[36m(TaskRunnerV1 pid=29009)[0m     "parameters": {
[36m(TaskRunnerV1 pid=29009)[0m       "type": "object",
[36m(TaskRunnerV1 pid=29009)[0m       "properties": {
[36m(TaskRunnerV1 pid=29009)[0m         "email_id": {
[36m(TaskRunnerV1 pid=29009)[0m           "type": "string",
[36m(TaskRunnerV1 pid=29009)[0m           "description": "Unique ID of the email to be forwarded"
[36m(TaskRunnerV1 pid=29009)[0m         },
[36m(TaskRunnerV1 pid=29009)[0m         "recipient": {
[36m(TaskRunnerV1 pid=29009)[0m           "type": "string",
[36m(TaskRunnerV1 pid=29009)[0m           "description": "Email address of the recipient"
[36m(TaskRunnerV1 pid=29009)[0m         }
[36m(TaskRunnerV1 pid=29009)[0m       },
[36m(TaskRunnerV1 pid=29009)[0m       "required": [
[36m(TaskRunnerV1 pid=29009)[0m         "email_id",
[36m(TaskRunnerV1 pid=29009)[0m         "recipient"
[36m(TaskRunnerV1 pid=29009)[0m       ]
[36m(TaskRunnerV1 pid=29009)[0m     },
[36m(TaskRunnerV1 pid=29009)[0m     "strict": false
[36m(TaskRunnerV1 pid=29009)[0m   }
[36m(TaskRunnerV1 pid=29009)[0m }
[36m(TaskRunnerV1 pid=29009)[0m {
[36m(TaskRunnerV1 pid=29009)[0m   "type": "function",
[36m(TaskRunnerV1 pid=29009)[0m   "function": {
[36m(TaskRunnerV1 pid=29009)[0m     "name": "email_reply_email",
[36m(TaskRunnerV1 pid=29009)[0m     "description": "Replies to an email by its ID.",
[36m(TaskRunnerV1 pid=29009)[0m     "parameters": {
[36m(TaskRunnerV1 pid=29009)[0m       "type": "object",
[36m(TaskRunnerV1 pid=29009)[0m       "properties": {
[36m(TaskRunnerV1 pid=29009)[0m         "email_id": {
[36m(TaskRunnerV1 pid=29009)[0m           "type": "string",
[36m(TaskRunnerV1 pid=29009)[0m           "description": "Unique ID of the email to be replied"
[36m(TaskRunnerV1 pid=29009)[0m         },
[36m(TaskRunnerV1 pid=29009)[0m         "body": {
[36m(TaskRunnerV1 pid=29009)[0m           "type": "string",
[36m(TaskRunnerV1 pid=29009)[0m           "description": "Body content of the email"
[36m(TaskRunnerV1 pid=29009)[0m         }
[36m(TaskRunnerV1 pid=29009)[0m       },
[36m(TaskRunnerV1 pid=29009)[0m       "required": [
[36m(TaskRunnerV1 pid=29009)[0m         "email_id",
[36m(TaskRunnerV1 pid=29009)[0m         "body"
[36m(TaskRunnerV1 pid=29009)[0m       ]
[36m(TaskRunnerV1 pid=29009)[0m     },
[36m(TaskRunnerV1 pid=29009)[0m     "strict": false
[36m(TaskRunnerV1 pid=29009)[0m   }
[36m(TaskRunnerV1 pid=29009)[0m }
[36m(TaskRunnerV1 pid=29009)[0m {
[36m(TaskRunnerV1 pid=29009)[0m   "type": "function",
[36m(TaskRunnerV1 pid=29009)[0m   "function": {
[36m(TaskRunnerV1 pid=29009)[0m     "name": "project_management_get_task_information_by_id",
[36m(TaskRunnerV1 pid=29009)[0m     "description": "Returns the task information for a given ID.",
[36m(TaskRunnerV1 pid=29009)[0m     "parameters": {
[36m(TaskRunnerV1 pid=29009)[0m       "type": "object",
[36m(TaskRunnerV1 pid=29009)[0m       "properties": {
[36m(TaskRunnerV1 pid=29009)[0m         "task_id": {
[36m(TaskRunnerV1 pid=29009)[0m           "type": "string",
[36m(TaskRunnerV1 pid=29009)[0m           "description": "8-digit ID of the task"
[36m(TaskRunnerV1 pid=29009)[0m         },
[36m(TaskRunnerV1 pid=29009)[0m         "field": {
[36m(TaskRunnerV1 pid=29009)[0m           "type": "string",
[36m(TaskRunnerV1 pid=29009)[0m           "description": "Field to return. Available fields are: 'task_id', 'task_name', 'assigned_to_email', 'list_name', 'due_date', 'board'"
[36m(TaskRunnerV1 pid=29009)[0m         }
[36m(TaskRunnerV1 pid=29009)[0m       },
[36m(TaskRunnerV1 pid=29009)[0m       "required": [
[36m(TaskRunnerV1 pid=29009)[0m         "task_id",
[36m(TaskRunnerV1 pid=29009)[0m         "field"
[36m(TaskRunnerV1 pid=29009)[0m       ]
[36m(TaskRunnerV1 pid=29009)[0m     },
[36m(TaskRunnerV1 pid=29009)[0m     "strict": false
[36m(TaskRunnerV1 pid=29009)[0m   }
[36m(TaskRunnerV1 pid=29009)[0m }
[36m(TaskRunnerV1 pid=29009)[0m {
[36m(TaskRunnerV1 pid=29009)[0m   "type": "function",
[36m(TaskRunnerV1 pid=29009)[0m   "function": {
[36m(TaskRunnerV1 pid=29009)[0m     "name": "project_management_search_tasks",
[36m(TaskRunnerV1 pid=29009)[0m     "description": "Searches for tasks based on the given parameters.",
[36m(TaskRunnerV1 pid=29009)[0m     "parameters": {
[36m(TaskRunnerV1 pid=29009)[0m       "type": "object",
[36m(TaskRunnerV1 pid=29009)[0m       "properties": {
[36m(TaskRunnerV1 pid=29009)[0m         "task_name": {
[36m(TaskRunnerV1 pid=29009)[0m           "type": "string",
[36m(TaskRunnerV1 pid=29009)[0m           "description": "Name of the task"
[36m(TaskRunnerV1 pid=29009)[0m         },
[36m(TaskRunnerV1 pid=29009)[0m         "assigned_to_email": {
[36m(TaskRunnerV1 pid=29009)[0m           "type": "string",
[36m(TaskRunnerV1 pid=29009)[0m           "description": "Email address of the person assigned to the task"
[36m(TaskRunnerV1 pid=29009)[0m         },
[36m(TaskRunnerV1 pid=29009)[0m         "list_name": {
[36m(TaskRunnerV1 pid=29009)[0m           "type": "string",
[36m(TaskRunnerV1 pid=29009)[0m           "description": "Name of the list the task belongs to"
[36m(TaskRunnerV1 pid=29009)[0m         },
[36m(TaskRunnerV1 pid=29009)[0m         "due_date": {
[36m(TaskRunnerV1 pid=29009)[0m           "type": "string",
[36m(TaskRunnerV1 pid=29009)[0m           "description": "Due date of the task in YYYY-MM-DD format"
[36m(TaskRunnerV1 pid=29009)[0m         },
[36m(TaskRunnerV1 pid=29009)[0m         "board": {
[36m(TaskRunnerV1 pid=29009)[0m           "type": "string",
[36m(TaskRunnerV1 pid=29009)[0m           "description": "Name of the board the task belongs to"
[36m(TaskRunnerV1 pid=29009)[0m         }
[36m(TaskRunnerV1 pid=29009)[0m       },
[36m(TaskRunnerV1 pid=29009)[0m       "required": []
[36m(TaskRunnerV1 pid=29009)[0m     },
[36m(TaskRunnerV1 pid=29009)[0m     "strict": false
[36m(TaskRunnerV1 pid=29009)[0m   }
[36m(TaskRunnerV1 pid=29009)[0m }
[36m(TaskRunnerV1 pid=29009)[0m {
[36m(TaskRunnerV1 pid=29009)[0m   "type": "function",
[36m(TaskRunnerV1 pid=29009)[0m   "function": {
[36m(TaskRunnerV1 pid=29009)[0m     "name": "project_management_create_task",
[36m(TaskRunnerV1 pid=29009)[0m     "description": "Creates a new task.",
[36m(TaskRunnerV1 pid=29009)[0m     "parameters": {
[36m(TaskRunnerV1 pid=29009)[0m       "type": "object",
[36m(TaskRunnerV1 pid=29009)[0m       "properties": {
[36m(TaskRunnerV1 pid=29009)[0m         "task_name": {
[36m(TaskRunnerV1 pid=29009)[0m           "type": "string",
[36m(TaskRunnerV1 pid=29009)[0m           "description": "Name of the task"
[36m(TaskRunnerV1 pid=29009)[0m         },
[36m(TaskRunnerV1 pid=29009)[0m         "assigned_to_email": {
[36m(TaskRunnerV1 pid=29009)[0m           "type": "string",
[36m(TaskRunnerV1 pid=29009)[0m           "description": "Email address of the person assigned to the task"
[36m(TaskRunnerV1 pid=29009)[0m         },
[36m(TaskRunnerV1 pid=29009)[0m         "list_name": {
[36m(TaskRunnerV1 pid=29009)[0m           "type": "string",
[36m(TaskRunnerV1 pid=29009)[0m           "description": "Name of the list the task belongs to. One of: 'Backlog', 'In Progress', 'In Review', 'Completed'"
[36m(TaskRunnerV1 pid=29009)[0m         },
[36m(TaskRunnerV1 pid=29009)[0m         "due_date": {
[36m(TaskRunnerV1 pid=29009)[0m           "type": "string",
[36m(TaskRunnerV1 pid=29009)[0m           "description": "Due date of the task in YYYY-MM-DD format"
[36m(TaskRunnerV1 pid=29009)[0m         },
[36m(TaskRunnerV1 pid=29009)[0m         "board": {
[36m(TaskRunnerV1 pid=29009)[0m           "type": "string",
[36m(TaskRunnerV1 pid=29009)[0m           "description": "Name of the board the task belongs to. One of: 'Back end', 'Front end', 'Design'"
[36m(TaskRunnerV1 pid=29009)[0m         }
[36m(TaskRunnerV1 pid=29009)[0m       },
[36m(TaskRunnerV1 pid=29009)[0m       "required": [
[36m(TaskRunnerV1 pid=29009)[0m         "task_name",
[36m(TaskRunnerV1 pid=29009)[0m         "assigned_to_email",
[36m(TaskRunnerV1 pid=29009)[0m         "list_name",
[36m(TaskRunnerV1 pid=29009)[0m         "due_date",
[36m(TaskRunnerV1 pid=29009)[0m         "board"
[36m(TaskRunnerV1 pid=29009)[0m       ]
[36m(TaskRunnerV1 pid=29009)[0m     },
[36m(TaskRunnerV1 pid=29009)[0m     "strict": false
[36m(TaskRunnerV1 pid=29009)[0m   }
[36m(TaskRunnerV1 pid=29009)[0m }
[36m(TaskRunnerV1 pid=29009)[0m {
[36m(TaskRunnerV1 pid=29009)[0m   "type": "function",
[36m(TaskRunnerV1 pid=29009)[0m   "function": {
[36m(TaskRunnerV1 pid=29009)[0m     "name": "project_management_delete_task",
[36m(TaskRunnerV1 pid=29009)[0m     "description": "Deletes a task by ID.",
[36m(TaskRunnerV1 pid=29009)[0m     "parameters": {
[36m(TaskRunnerV1 pid=29009)[0m       "type": "object",
[36m(TaskRunnerV1 pid=29009)[0m       "properties": {
[36m(TaskRunnerV1 pid=29009)[0m         "task_id": {
[36m(TaskRunnerV1 pid=29009)[0m           "type": "string",
[36m(TaskRunnerV1 pid=29009)[0m           "description": "8-digit ID of the task"
[36m(TaskRunnerV1 pid=29009)[0m         }
[36m(TaskRunnerV1 pid=29009)[0m       },
[36m(TaskRunnerV1 pid=29009)[0m       "required": [
[36m(TaskRunnerV1 pid=29009)[0m         "task_id"
[36m(TaskRunnerV1 pid=29009)[0m       ]
[36m(TaskRunnerV1 pid=29009)[0m     },
[36m(TaskRunnerV1 pid=29009)[0m     "strict": false
[36m(TaskRunnerV1 pid=29009)[0m   }
[36m(TaskRunnerV1 pid=29009)[0m }
[36m(TaskRunnerV1 pid=29009)[0m {
[36m(TaskRunnerV1 pid=29009)[0m   "type": "function",
[36m(TaskRunnerV1 pid=29009)[0m   "function": {
[36m(TaskRunnerV1 pid=29009)[0m     "name": "project_management_update_task",
[36m(TaskRunnerV1 pid=29009)[0m     "description": "Updates a task by ID.",
[36m(TaskRunnerV1 pid=29009)[0m     "parameters": {
[36m(TaskRunnerV1 pid=29009)[0m       "type": "object",
[36m(TaskRunnerV1 pid=29009)[0m       "properties": {
[36m(TaskRunnerV1 pid=29009)[0m         "task_id": {
[36m(TaskRunnerV1 pid=29009)[0m           "type": "string",
[36m(TaskRunnerV1 pid=29009)[0m           "description": "8-digit ID of the task"
[36m(TaskRunnerV1 pid=29009)[0m         },
[36m(TaskRunnerV1 pid=29009)[0m         "field": {
[36m(TaskRunnerV1 pid=29009)[0m           "type": "string",
[36m(TaskRunnerV1 pid=29009)[0m           "description": "Field to update. Available fields are: 'task_name', 'assigned_to_email', 'list_name', 'due_date', 'board'"
[36m(TaskRunnerV1 pid=29009)[0m         },
[36m(TaskRunnerV1 pid=29009)[0m         "new_value": {
[36m(TaskRunnerV1 pid=29009)[0m           "type": "string",
[36m(TaskRunnerV1 pid=29009)[0m           "description": "New value for the field"
[36m(TaskRunnerV1 pid=29009)[0m         }
[36m(TaskRunnerV1 pid=29009)[0m       },
[36m(TaskRunnerV1 pid=29009)[0m       "required": [
[36m(TaskRunnerV1 pid=29009)[0m         "task_id",
[36m(TaskRunnerV1 pid=29009)[0m         "field",
[36m(TaskRunnerV1 pid=29009)[0m         "new_value"
[36m(TaskRunnerV1 pid=29009)[0m       ]
[36m(TaskRunnerV1 pid=29009)[0m     },
[36m(TaskRunnerV1 pid=29009)[0m     "strict": false
[36m(TaskRunnerV1 pid=29009)[0m   }
[36m(TaskRunnerV1 pid=29009)[0m }
[36m(TaskRunnerV1 pid=29009)[0m dataset len: 263
[36m(TaskRunnerV1 pid=29009)[0m colocated worker base class <class 'verl.single_controller.base.worker.Worker'>
[36m(WorkerDict pid=31192)[0m Monkey patch _flash_attention_forward in transformers.integrations.flash_attention
[36m(WorkerDict pid=31192)[0m Skipping monkey patch for Qwen2ForCausalLM as use_fused_kernels is False or fused_kernels_backend is torch
[36m(WorkerDict pid=31192)[0m Qwen2ForCausalLM contains 1.54B parameters
[36m(WorkerDict pid=31192)[0m Before FSDP, memory allocated (GB): 0.00, memory reserved (GB): 0.00, device memory used/total (GB): 0.41/39.49
[36m(WorkerDict pid=31192)[0m After FSDP, memory allocated (GB): 1.44, memory reserved (GB): 3.59, device memory used/total (GB): 4.67/39.49
[36m(WorkerDict pid=31192)[0m Total steps: 20, num_warmup_steps: 0
[36m(RewardLoopWorker pid=32650)[0m DAPO OVERLONG NEMOTRON MANAGER
[36m(WorkerDict pid=31195)[0m Monkey patch _flash_attention_forward in transformers.integrations.flash_attention[32m [repeated 3x across cluster][0m
[36m(WorkerDict pid=31195)[0m Skipping monkey patch for Qwen2ForCausalLM as use_fused_kernels is False or fused_kernels_backend is torch[32m [repeated 3x across cluster][0m
[36m(vLLMHttpServer pid=32675)[0m ['serve',
[36m(vLLMHttpServer pid=32675)[0m  'Qwen/Qwen2.5-1.5B-Instruct',
[36m(vLLMHttpServer pid=32675)[0m  '--dtype',
[36m(vLLMHttpServer pid=32675)[0m  'bfloat16',
[36m(vLLMHttpServer pid=32675)[0m  '--load_format',
[36m(vLLMHttpServer pid=32675)[0m  'dummy',
[36m(vLLMHttpServer pid=32675)[0m  '--distributed_executor_backend',
[36m(vLLMHttpServer pid=32675)[0m  'mp',
[36m(vLLMHttpServer pid=32675)[0m  '--worker_extension_cls',
[36m(vLLMHttpServer pid=32675)[0m  'verl.workers.rollout.vllm_rollout.utils.vLLMColocateWorkerExtension',
[36m(vLLMHttpServer pid=32675)[0m  '--max_model_len',
[36m(vLLMHttpServer pid=32675)[0m  '9000',
[36m(vLLMHttpServer pid=32675)[0m  '--max_num_seqs',
[36m(vLLMHttpServer pid=32675)[0m  '1024',
[36m(vLLMHttpServer pid=32675)[0m  '--enable_chunked_prefill',
[36m(vLLMHttpServer pid=32675)[0m  '--max_num_batched_tokens',
[36m(vLLMHttpServer pid=32675)[0m  '8192',
[36m(vLLMHttpServer pid=32675)[0m  '--enable_prefix_caching',
[36m(vLLMHttpServer pid=32675)[0m  '--enable_sleep_mode',
[36m(vLLMHttpServer pid=32675)[0m  '--logprobs_mode',
[36m(vLLMHttpServer pid=32675)[0m  'processed_logprobs',
[36m(vLLMHttpServer pid=32675)[0m  '--gpu_memory_utilization',
[36m(vLLMHttpServer pid=32675)[0m  '0.7',
[36m(vLLMHttpServer pid=32675)[0m  '--disable_log_stats',
[36m(vLLMHttpServer pid=32675)[0m  '--tensor_parallel_size',
[36m(vLLMHttpServer pid=32675)[0m  '1',
[36m(vLLMHttpServer pid=32675)[0m  '--seed',
[36m(vLLMHttpServer pid=32675)[0m  '42',
[36m(vLLMHttpServer pid=32675)[0m  '--override_generation_config',
[36m(vLLMHttpServer pid=32675)[0m  '{"temperature": 1.0, "top_k": -1, "top_p": 1.0, "repetition_penalty": 1.0, '
[36m(vLLMHttpServer pid=32675)[0m  '"max_new_tokens": 4000}',
[36m(vLLMHttpServer pid=32675)[0m  '--hf_overrides',
[36m(vLLMHttpServer pid=32675)[0m  '{}',
[36m(vLLMHttpServer pid=32675)[0m  '--scheduling_policy',
[36m(vLLMHttpServer pid=32675)[0m  'fcfs',
[36m(vLLMHttpServer pid=32675)[0m  '--compilation_config',
[36m(vLLMHttpServer pid=32675)[0m  '{"cudagraph_mode": "FULL_AND_PIECEWISE"}']
[36m(RewardLoopWorker pid=32652)[0m DAPO OVERLONG NEMOTRON MANAGER[32m [repeated 7x across cluster][0m
[36m(vLLMHttpServer pid=32675)[0m WARNING 07-28 14:25:54 [system_utils.py:157] We must use the `spawn` multiprocessing start method. Overriding VLLM_WORKER_MULTIPROC_METHOD to 'spawn'. See https://docs.vllm.ai/en/latest/usage/troubleshooting.html#python-multiprocessing for more information. Reasons: In a Ray actor and can only be spawned; CUDA is initialized
[36m(vLLMHttpServer pid=32674)[0m WARNING 07-28 14:27:50 [api_router.py:30] LoRA dynamic loading & unloading is enabled in the API server. This should ONLY be used for local development!
[36m(vLLMHttpServer pid=32673)[0m WARNING 07-28 14:25:55 [system_utils.py:157] We must use the `spawn` multiprocessing start method. Overriding VLLM_WORKER_MULTIPROC_METHOD to 'spawn'. See https://docs.vllm.ai/en/latest/usage/troubleshooting.html#python-multiprocessing for more information. Reasons: In a Ray actor and can only be spawned; CUDA is initialized[32m [repeated 3x across cluster][0m
[36m(vLLMHttpServer pid=32674)[0m WARNING 07-28 14:27:51 [model.py:1477] Default vLLM sampling parameters have been overridden by the model's `generation_config.json`: `{'repetition_penalty': 1.0, 'temperature': 1.0, 'top_k': -1, 'top_p': 1.0, 'max_tokens': 4000}`. If this is not intended, please relaunch vLLM instance with `--generation-config vllm`.
[36m(TaskRunnerV1 pid=29009)[0m LLMServerManager: ['10.3.40.8:44279', '10.3.40.8:35893', '10.3.40.8:37981', '10.3.40.8:44189']
[36m(AgentLoopWorkerTQ pid=5074)[0m Using dataset class: RLHFDataset
[36m(vLLMHttpServer pid=32675)[0m WARNING 07-28 14:27:50 [api_router.py:30] LoRA dynamic loading & unloading is enabled in the API server. This should ONLY be used for local development![32m [repeated 3x across cluster][0m
[36m(vLLMHttpServer pid=32675)[0m WARNING 07-28 14:27:51 [model.py:1477] Default vLLM sampling parameters have been overridden by the model's `generation_config.json`: `{'repetition_penalty': 1.0, 'temperature': 1.0, 'top_k': -1, 'top_p': 1.0, 'max_tokens': 4000}`. If this is not intended, please relaunch vLLM instance with `--generation-config vllm`.[32m [repeated 3x across cluster][0m
[36m(AgentLoopWorkerTQ pid=5074)[0m {
[36m(AgentLoopWorkerTQ pid=5074)[0m   "type": "function",
[36m(AgentLoopWorkerTQ pid=5074)[0m   "function": {
[36m(AgentLoopWorkerTQ pid=5074)[0m     "name": "analytics_get_visitor_information_by_id",
[36m(AgentLoopWorkerTQ pid=5074)[0m     "description": "Returns the analytics data for a given visitor ID.",
[36m(AgentLoopWorkerTQ pid=5074)[0m     "parameters": {
[36m(AgentLoopWorkerTQ pid=5074)[0m       "type": "object",
[36m(AgentLoopWorkerTQ pid=5074)[0m       "properties": {
[36m(AgentLoopWorkerTQ pid=5074)[0m         "visitor_id": {
[36m(AgentLoopWorkerTQ pid=5074)[0m           "type": "string",
[36m(AgentLoopWorkerTQ pid=5074)[0m           "description": "ID of the visitor"
[36m(AgentLoopWorkerTQ pid=5074)[0m         }
[36m(AgentLoopWorkerTQ pid=5074)[0m       },
[36m(AgentLoopWorkerTQ pid=5074)[0m       "required": [
[36m(AgentLoopWorkerTQ pid=5074)[0m         "visitor_id"
[36m(AgentLoopWorkerTQ pid=5074)[0m       ]
[36m(AgentLoopWorkerTQ pid=5074)[0m     },
[36m(AgentLoopWorkerTQ pid=5074)[0m     "strict": false
[36m(AgentLoopWorkerTQ pid=5074)[0m   }
[36m(AgentLoopWorkerTQ pid=5074)[0m }
[36m(AgentLoopWorkerTQ pid=5074)[0m {
[36m(AgentLoopWorkerTQ pid=5074)[0m   "type": "function",
[36m(AgentLoopWorkerTQ pid=5074)[0m   "function": {
[36m(AgentLoopWorkerTQ pid=5074)[0m     "name": "analytics_create_plot",
[36m(AgentLoopWorkerTQ pid=5074)[0m     "description": "Plots the analytics data for a given time range and value.",
[36m(AgentLoopWorkerTQ pid=5074)[0m     "parameters": {
[36m(AgentLoopWorkerTQ pid=5074)[0m       "type": "object",
[36m(AgentLoopWorkerTQ pid=5074)[0m       "properties": {
[36m(AgentLoopWorkerTQ pid=5074)[0m         "time_min": {
[36m(AgentLoopWorkerTQ pid=5074)[0m           "type": "string",
[36m(AgentLoopWorkerTQ pid=5074)[0m           "description": "Start date of the time range. Date format is YYYY-MM-DD"
[36m(AgentLoopWorkerTQ pid=5074)[0m         },
[36m(AgentLoopWorkerTQ pid=5074)[0m         "time_max": {
[36m(AgentLoopWorkerTQ pid=5074)[0m           "type": "string",
[36m(AgentLoopWorkerTQ pid=5074)[0m           "description": "End date of the time range. Date format is YYYY-MM-DD"
[36m(AgentLoopWorkerTQ pid=5074)[0m         },
[36m(AgentLoopWorkerTQ pid=5074)[0m         "value_to_plot": {
[36m(AgentLoopWorkerTQ pid=5074)[0m           "type": "string",
[36m(AgentLoopWorkerTQ pid=5074)[0m           "description": "Value to plot. Available values are: 'total_visits', 'session_duration_seconds', 'user_engaged', 'visits_direct', 'visits_referral', 'visits_search_engine', 'visits_social_media'"
[36m(AgentLoopWorkerTQ pid=5074)[0m         },
[36m(AgentLoopWorkerTQ pid=5074)[0m         "plot_type": {
[36m(AgentLoopWorkerTQ pid=5074)[0m           "type": "string",
[36m(AgentLoopWorkerTQ pid=5074)[0m           "description": "Type of plot. Can be 'bar', 'line', 'scatter' or 'histogram'"
[36m(AgentLoopWorkerTQ pid=5074)[0m         }
[36m(AgentLoopWorkerTQ pid=5074)[0m       },
[36m(AgentLoopWorkerTQ pid=5074)[0m       "required": [
[36m(AgentLoopWorkerTQ pid=5074)[0m         "time_min",
[36m(AgentLoopWorkerTQ pid=5074)[0m         "time_max",
[36m(AgentLoopWorkerTQ pid=5074)[0m         "value_to_plot",
[36m(AgentLoopWorkerTQ pid=5074)[0m         "plot_type"
[36m(AgentLoopWorkerTQ pid=5074)[0m       ]
[36m(AgentLoopWorkerTQ pid=5074)[0m     },
[36m(AgentLoopWorkerTQ pid=5074)[0m     "strict": false
[36m(AgentLoopWorkerTQ pid=5074)[0m   }
[36m(AgentLoopWorkerTQ pid=5074)[0m }
[36m(AgentLoopWorkerTQ pid=5074)[0m {
[36m(AgentLoopWorkerTQ pid=5074)[0m   "type": "function",
[36m(AgentLoopWorkerTQ pid=5074)[0m   "function": {
[36m(AgentLoopWorkerTQ pid=5074)[0m     "name": "analytics_total_visits_count",
[36m(AgentLoopWorkerTQ pid=5074)[0m     "description": "Returns the total number of visits within a specified time range.",
[36m(AgentLoopWorkerTQ pid=5074)[0m     "parameters": {
[36m(AgentLoopWorkerTQ pid=5074)[0m       "type": "object",
[36m(AgentLoopWorkerTQ pid=5074)[0m       "properties": {
[36m(AgentLoopWorkerTQ pid=5074)[0m         "time_min": {
[36m(AgentLoopWorkerTQ pid=5074)[0m           "type": "string",
[36m(AgentLoopWorkerTQ pid=5074)[0m           "description": "Start date of the time range. Date format is YYYY-MM-DD"
[36m(AgentLoopWorkerTQ pid=5074)[0m         },
[36m(AgentLoopWorkerTQ pid=5074)[0m         "time_max": {
[36m(AgentLoopWorkerTQ pid=5074)[0m           "type": "string",
[36m(AgentLoopWorkerTQ pid=5074)[0m           "description": "End date of the time range. Date format is YYYY-MM-DD"
[36m(AgentLoopWorkerTQ pid=5074)[0m         }
[36m(AgentLoopWorkerTQ pid=5074)[0m       },
[36m(AgentLoopWorkerTQ pid=5074)[0m       "required": []
[36m(AgentLoopWorkerTQ pid=5074)[0m     },
[36m(AgentLoopWorkerTQ pid=5074)[0m     "strict": false
[36m(AgentLoopWorkerTQ pid=5074)[0m   }
[36m(AgentLoopWorkerTQ pid=5074)[0m }
[36m(AgentLoopWorkerTQ pid=5074)[0m {
[36m(AgentLoopWorkerTQ pid=5074)[0m   "type": "function",
[36m(AgentLoopWorkerTQ pid=5074)[0m   "function": {
[36m(AgentLoopWorkerTQ pid=5074)[0m     "name": "analytics_engaged_users_count",
[36m(AgentLoopWorkerTQ pid=5074)[0m     "description": "Returns the number of engaged users within a specified time range.",
[36m(AgentLoopWorkerTQ pid=5074)[0m     "parameters": {
[36m(AgentLoopWorkerTQ pid=5074)[0m       "type": "object",
[36m(AgentLoopWorkerTQ pid=5074)[0m       "properties": {
[36m(AgentLoopWorkerTQ pid=5074)[0m         "time_min": {
[36m(AgentLoopWorkerTQ pid=5074)[0m           "type": "string",
[36m(AgentLoopWorkerTQ pid=5074)[0m           "description": "Start date of the time range. Date format is YYYY-MM-DD"
[36m(AgentLoopWorkerTQ pid=5074)[0m         },
[36m(AgentLoopWorkerTQ pid=5074)[0m         "time_max": {
[36m(AgentLoopWorkerTQ pid=5074)[0m           "type": "string",
[36m(AgentLoopWorkerTQ pid=5074)[0m           "description": "End date of the time range. Date format is YYYY-MM-DD"
[36m(AgentLoopWorkerTQ pid=5074)[0m         }
[36m(AgentLoopWorkerTQ pid=5074)[0m       },
[36m(AgentLoopWorkerTQ pid=5074)[0m       "required": []
[36m(AgentLoopWorkerTQ pid=5074)[0m     },
[36m(AgentLoopWorkerTQ pid=5074)[0m     "strict": false
[36m(AgentLoopWorkerTQ pid=5074)[0m   }
[36m(AgentLoopWorkerTQ pid=5074)[0m }
[36m(AgentLoopWorkerTQ pid=5074)[0m {
[36m(AgentLoopWorkerTQ pid=5074)[0m   "type": "function",
[36m(AgentLoopWorkerTQ pid=5074)[0m   "function": {
[36m(AgentLoopWorkerTQ pid=5074)[0m     "name": "analytics_traffic_source_count",
[36m(AgentLoopWorkerTQ pid=5074)[0m     "description": "Returns the number of visits from a specific traffic source within a specified time range.",
[36m(AgentLoopWorkerTQ pid=5074)[0m     "parameters": {
[36m(AgentLoopWorkerTQ pid=5074)[0m       "type": "object",
[36m(AgentLoopWorkerTQ pid=5074)[0m       "properties": {
[36m(AgentLoopWorkerTQ pid=5074)[0m         "time_min": {
[36m(AgentLoopWorkerTQ pid=5074)[0m           "type": "string",
[36m(AgentLoopWorkerTQ pid=5074)[0m           "description": "Start date of the time range. Date format is YYYY-MM-DD"
[36m(AgentLoopWorkerTQ pid=5074)[0m         },
[36m(AgentLoopWorkerTQ pid=5074)[0m         "time_max": {
[36m(AgentLoopWorkerTQ pid=5074)[0m           "type": "string",
[36m(AgentLoopWorkerTQ pid=5074)[0m           "description": "End date of the time range. Date format is YYYY-MM-DD"
[36m(AgentLoopWorkerTQ pid=5074)[0m         },
[36m(AgentLoopWorkerTQ pid=5074)[0m         "traffic_source": {
[36m(AgentLoopWorkerTQ pid=5074)[0m           "type": "string",
[36m(AgentLoopWorkerTQ pid=5074)[0m           "description": "Traffic source to filter the visits. Available values are: 'direct', 'referral', 'search engine', 'social media'"
[36m(AgentLoopWorkerTQ pid=5074)[0m         }
[36m(AgentLoopWorkerTQ pid=5074)[0m       },
[36m(AgentLoopWorkerTQ pid=5074)[0m       "required": []
[36m(AgentLoopWorkerTQ pid=5074)[0m     },
[36m(AgentLoopWorkerTQ pid=5074)[0m     "strict": false
[36m(AgentLoopWorkerTQ pid=5074)[0m   }
[36m(AgentLoopWorkerTQ pid=5074)[0m }
[36m(AgentLoopWorkerTQ pid=5074)[0m {
[36m(AgentLoopWorkerTQ pid=5074)[0m   "type": "function",
[36m(AgentLoopWorkerTQ pid=5074)[0m   "function": {
[36m(AgentLoopWorkerTQ pid=5074)[0m     "name": "analytics_get_average_session_duration",
[36m(AgentLoopWorkerTQ pid=5074)[0m     "description": "Returns the average session duration within a specified time range.",
[36m(AgentLoopWorkerTQ pid=5074)[0m     "parameters": {
[36m(AgentLoopWorkerTQ pid=5074)[0m       "type": "object",
[36m(AgentLoopWorkerTQ pid=5074)[0m       "properties": {
[36m(AgentLoopWorkerTQ pid=5074)[0m         "time_min": {
[36m(AgentLoopWorkerTQ pid=5074)[0m           "type": "string",
[36m(AgentLoopWorkerTQ pid=5074)[0m           "description": "Start date of the time range. Date format is YYYY-MM-DD"
[36m(AgentLoopWorkerTQ pid=5074)[0m         },
[36m(AgentLoopWorkerTQ pid=5074)[0m         "time_max": {
[36m(AgentLoopWorkerTQ pid=5074)[0m           "type": "string",
[36m(AgentLoopWorkerTQ pid=5074)[0m           "description": "End date of the time range. Date format is YYYY-MM-DD"
[36m(AgentLoopWorkerTQ pid=5074)[0m         }
[36m(AgentLoopWorkerTQ pid=5074)[0m       },
[36m(AgentLoopWorkerTQ pid=5074)[0m       "required": []
[36m(AgentLoopWorkerTQ pid=5074)[0m     },
[36m(AgentLoopWorkerTQ pid=5074)[0m     "strict": false
[36m(AgentLoopWorkerTQ pid=5074)[0m   }
[36m(AgentLoopWorkerTQ pid=5074)[0m }
[36m(AgentLoopWorkerTQ pid=5074)[0m {
[36m(AgentLoopWorkerTQ pid=5074)[0m   "type": "function",
[36m(AgentLoopWorkerTQ pid=5074)[0m   "function": {
[36m(AgentLoopWorkerTQ pid=5074)[0m     "name": "calendar_get_event_information_by_id",
[36m(AgentLoopWorkerTQ pid=5074)[0m     "description": "Returns the event for a given ID.",
[36m(AgentLoopWorkerTQ pid=5074)[0m     "parameters": {
[36m(AgentLoopWorkerTQ pid=5074)[0m       "type": "object",
[36m(AgentLoopWorkerTQ pid=5074)[0m       "properties": {
[36m(AgentLoopWorkerTQ pid=5074)[0m         "event_id": {
[36m(AgentLoopWorkerTQ pid=5074)[0m           "type": "string",
[36m(AgentLoopWorkerTQ pid=5074)[0m           "description": "8-digit ID of the event"
[36m(AgentLoopWorkerTQ pid=5074)[0m         },
[36m(AgentLoopWorkerTQ pid=5074)[0m         "field": {
[36m(AgentLoopWorkerTQ pid=5074)[0m           "type": "string",
[36m(AgentLoopWorkerTQ pid=5074)[0m           "description": "Field to return. Available fields are: 'event_id', 'event_name', 'participant_email', 'event_start', 'duration'"
[36m(AgentLoopWorkerTQ pid=5074)[0m         }
[36m(AgentLoopWorkerTQ pid=5074)[0m       },
[36m(AgentLoopWorkerTQ pid=5074)[0m       "required": [
[36m(AgentLoopWorkerTQ pid=5074)[0m         "event_id",
[36m(AgentLoopWorkerTQ pid=5074)[0m         "field"
[36m(AgentLoopWorkerTQ pid=5074)[0m       ]
[36m(AgentLoopWorkerTQ pid=5074)[0m     },
[36m(AgentLoopWorkerTQ pid=5074)[0m     "strict": false
[36m(AgentLoopWorkerTQ pid=5074)[0m   }
[36m(AgentLoopWorkerTQ pid=5074)[0m }
[36m(AgentLoopWorkerTQ pid=5074)[0m {
[36m(AgentLoopWorkerTQ pid=5074)[0m   "type": "function",
[36m(AgentLoopWorkerTQ pid=5074)[0m   "function": {
[36m(AgentLoopWorkerTQ pid=5074)[0m     "name": "calendar_search_events",
[36m(AgentLoopWorkerTQ pid=5074)[0m     "description": "Returns the events for a given query with pagination support.",
[36m(AgentLoopWorkerTQ pid=5074)[0m     "parameters": {
[36m(AgentLoopWorkerTQ pid=5074)[0m       "type": "object",
[36m(AgentLoopWorkerTQ pid=5074)[0m       "properties": {
[36m(AgentLoopWorkerTQ pid=5074)[0m         "query": {
[36m(AgentLoopWorkerTQ pid=5074)[0m           "type": "string",
[36m(AgentLoopWorkerTQ pid=5074)[0m           "description": "Query to search for. Terms will be matched in the event_name and participant_email fields"
[36m(AgentLoopWorkerTQ pid=5074)[0m         },
[36m(AgentLoopWorkerTQ pid=5074)[0m         "time_min": {
[36m(AgentLoopWorkerTQ pid=5074)[0m           "type": "string",
[36m(AgentLoopWorkerTQ pid=5074)[0m           "description": "Lower bound (inclusive) for an event's end time to filter by. Format: YYYY-MM-DD HH:MM:SS"
[36m(AgentLoopWorkerTQ pid=5074)[0m         },
[36m(AgentLoopWorkerTQ pid=5074)[0m         "time_max": {
[36m(AgentLoopWorkerTQ pid=5074)[0m           "type": "string",
[36m(AgentLoopWorkerTQ pid=5074)[0m           "description": "Upper bound (inclusive) for an event's start time to filter by. Format: YYYY-MM-DD HH:MM:SS"
[36m(AgentLoopWorkerTQ pid=5074)[0m         },
[36m(AgentLoopWorkerTQ pid=5074)[0m         "page": {
[36m(AgentLoopWorkerTQ pid=5074)[0m           "type": "integer",
[36m(AgentLoopWorkerTQ pid=5074)[0m           "description": "Page number of results to return"
[36m(AgentLoopWorkerTQ pid=5074)[0m         },
[36m(AgentLoopWorkerTQ pid=5074)[0m         "page_size": {
[36m(AgentLoopWorkerTQ pid=5074)[0m           "type": "integer",
[36m(AgentLoopWorkerTQ pid=5074)[0m           "description": "Number of events per page"
[36m(AgentLoopWorkerTQ pid=5074)[0m         }
[36m(AgentLoopWorkerTQ pid=5074)[0m       },
[36m(AgentLoopWorkerTQ pid=5074)[0m       "required": []
[36m(AgentLoopWorkerTQ pid=5074)[0m     },
[36m(AgentLoopWorkerTQ pid=5074)[0m     "strict": false
[36m(AgentLoopWorkerTQ pid=5074)[0m   }
[36m(AgentLoopWorkerTQ pid=5074)[0m }
[36m(AgentLoopWorkerTQ pid=5074)[0m {
[36m(AgentLoopWorkerTQ pid=5074)[0m   "type": "function",
[36m(AgentLoopWorkerTQ pid=5074)[0m   "function": {
[36m(AgentLoopWorkerTQ pid=5074)[0m     "name": "calendar_create_event",
[36m(AgentLoopWorkerTQ pid=5074)[0m     "description": "Creates a new event.",
[36m(AgentLoopWorkerTQ pid=5074)[0m     "parameters": {
[36m(AgentLoopWorkerTQ pid=5074)[0m       "type": "object",
[36m(AgentLoopWorkerTQ pid=5074)[0m       "properties": {
[36m(AgentLoopWorkerTQ pid=5074)[0m         "event_name": {
[36m(AgentLoopWorkerTQ pid=5074)[0m           "type": "string",
[36m(AgentLoopWorkerTQ pid=5074)[0m           "description": "Name of the event"
[36m(AgentLoopWorkerTQ pid=5074)[0m         },
[36m(AgentLoopWorkerTQ pid=5074)[0m         "participant_email": {
[36m(AgentLoopWorkerTQ pid=5074)[0m           "type": "string",
[36m(AgentLoopWorkerTQ pid=5074)[0m           "description": "Email of the participant"
[36m(AgentLoopWorkerTQ pid=5074)[0m         },
[36m(AgentLoopWorkerTQ pid=5074)[0m         "event_start": {
[36m(AgentLoopWorkerTQ pid=5074)[0m           "type": "string",
[36m(AgentLoopWorkerTQ pid=5074)[0m           "description": "Start time of the event. Format: YYYY-MM-DD HH:MM:SS"
[36m(AgentLoopWorkerTQ pid=5074)[0m         },
[36m(AgentLoopWorkerTQ pid=5074)[0m         "duration": {
[36m(AgentLoopWorkerTQ pid=5074)[0m           "type": "string",
[36m(AgentLoopWorkerTQ pid=5074)[0m           "description": "Duration of the event in minutes"
[36m(AgentLoopWorkerTQ pid=5074)[0m         }
[36m(AgentLoopWorkerTQ pid=5074)[0m       },
[36m(AgentLoopWorkerTQ pid=5074)[0m       "required": [
[36m(AgentLoopWorkerTQ pid=5074)[0m         "event_name",
[36m(AgentLoopWorkerTQ pid=5074)[0m         "participant_email",
[36m(AgentLoopWorkerTQ pid=5074)[0m         "event_start",
[36m(AgentLoopWorkerTQ pid=5074)[0m         "duration"
[36m(AgentLoopWorkerTQ pid=5074)[0m       ]
[36m(AgentLoopWorkerTQ pid=5074)[0m     },
[36m(AgentLoopWorkerTQ pid=5074)[0m     "strict": false
[36m(AgentLoopWorkerTQ pid=5074)[0m   }
[36m(AgentLoopWorkerTQ pid=5074)[0m }
[36m(AgentLoopWorkerTQ pid=5074)[0m {
[36m(AgentLoopWorkerTQ pid=5074)[0m   "type": "function",
[36m(AgentLoopWorkerTQ pid=5074)[0m   "function": {
[36m(AgentLoopWorkerTQ pid=5074)[0m     "name": "calendar_delete_event",
[36m(AgentLoopWorkerTQ pid=5074)[0m     "description": "Deletes an event.",
[36m(AgentLoopWorkerTQ pid=5074)[0m     "parameters": {
[36m(AgentLoopWorkerTQ pid=5074)[0m       "type": "object",
[36m(AgentLoopWorkerTQ pid=5074)[0m       "properties": {
[36m(AgentLoopWorkerTQ pid=5074)[0m         "event_id": {
[36m(AgentLoopWorkerTQ pid=5074)[0m           "type": "string",
[36m(AgentLoopWorkerTQ pid=5074)[0m           "description": "8-digit ID of the event"
[36m(AgentLoopWorkerTQ pid=5074)[0m         }
[36m(AgentLoopWorkerTQ pid=5074)[0m       },
[36m(AgentLoopWorkerTQ pid=5074)[0m       "required": [
[36m(AgentLoopWorkerTQ pid=5074)[0m         "event_id"
[36m(AgentLoopWorkerTQ pid=5074)[0m       ]
[36m(AgentLoopWorkerTQ pid=5074)[0m     },
[36m(AgentLoopWorkerTQ pid=5074)[0m     "strict": false
[36m(AgentLoopWorkerTQ pid=5074)[0m   }
[36m(AgentLoopWorkerTQ pid=5074)[0m }
[36m(AgentLoopWorkerTQ pid=5074)[0m {
[36m(AgentLoopWorkerTQ pid=5074)[0m   "type": "function",
[36m(AgentLoopWorkerTQ pid=5074)[0m   "function": {
[36m(AgentLoopWorkerTQ pid=5074)[0m     "name": "calendar_update_event",
[36m(AgentLoopWorkerTQ pid=5074)[0m     "description": "Updates an event.",
[36m(AgentLoopWorkerTQ pid=5074)[0m     "parameters": {
[36m(AgentLoopWorkerTQ pid=5074)[0m       "type": "object",
[36m(AgentLoopWorkerTQ pid=5074)[0m       "properties": {
[36m(AgentLoopWorkerTQ pid=5074)[0m         "event_id": {
[36m(AgentLoopWorkerTQ pid=5074)[0m           "type": "string",
[36m(AgentLoopWorkerTQ pid=5074)[0m           "description": "8-digit ID of the event"
[36m(AgentLoopWorkerTQ pid=5074)[0m         },
[36m(AgentLoopWorkerTQ pid=5074)[0m         "field": {
[36m(AgentLoopWorkerTQ pid=5074)[0m           "type": "string",
[36m(AgentLoopWorkerTQ pid=5074)[0m           "description": "Field to update. Available fields are: 'event_name', 'participant_email', 'event_start', 'duration'"
[36m(AgentLoopWorkerTQ pid=5074)[0m         },
[36m(AgentLoopWorkerTQ pid=5074)[0m         "new_value": {
[36m(AgentLoopWorkerTQ pid=5074)[0m           "type": "string",
[36m(AgentLoopWorkerTQ pid=5074)[0m           "description": "New value for the field"
[36m(AgentLoopWorkerTQ pid=5074)[0m         }
[36m(AgentLoopWorkerTQ pid=5074)[0m       },
[36m(AgentLoopWorkerTQ pid=5074)[0m       "required": [
[36m(AgentLoopWorkerTQ pid=5074)[0m         "event_id",
[36m(AgentLoopWorkerTQ pid=5074)[0m         "field",
[36m(AgentLoopWorkerTQ pid=5074)[0m         "new_value"
[36m(AgentLoopWorkerTQ pid=5074)[0m       ]
[36m(AgentLoopWorkerTQ pid=5074)[0m     },
[36m(AgentLoopWorkerTQ pid=5074)[0m     "strict": false
[36m(AgentLoopWorkerTQ pid=5074)[0m   }
[36m(AgentLoopWorkerTQ pid=5074)[0m }
[36m(AgentLoopWorkerTQ pid=5074)[0m {
[36m(AgentLoopWorkerTQ pid=5074)[0m   "type": "function",
[36m(AgentLoopWorkerTQ pid=5074)[0m   "function": {
[36m(AgentLoopWorkerTQ pid=5074)[0m     "name": "company_directory_find_email_address",
[36m(AgentLoopWorkerTQ pid=5074)[0m     "description": "Finds all email addresses containing the given name (case-insensitive search).",
[36m(AgentLoopWorkerTQ pid=5074)[0m     "parameters": {
[36m(AgentLoopWorkerTQ pid=5074)[0m       "type": "object",
[36m(AgentLoopWorkerTQ pid=5074)[0m       "properties": {
[36m(AgentLoopWorkerTQ pid=5074)[0m         "name": {
[36m(AgentLoopWorkerTQ pid=5074)[0m           "type": "string",
[36m(AgentLoopWorkerTQ pid=5074)[0m           "description": "Name or partial name to search for in email addresses"
[36m(AgentLoopWorkerTQ pid=5074)[0m         }
[36m(AgentLoopWorkerTQ pid=5074)[0m       },
[36m(AgentLoopWorkerTQ pid=5074)[0m       "required": []
[36m(AgentLoopWorkerTQ pid=5074)[0m     },
[36m(AgentLoopWorkerTQ pid=5074)[0m     "strict": false
[36m(AgentLoopWorkerTQ pid=5074)[0m   }
[36m(AgentLoopWorkerTQ pid=5074)[0m }
[36m(AgentLoopWorkerTQ pid=5074)[0m {
[36m(AgentLoopWorkerTQ pid=5074)[0m   "type": "function",
[36m(AgentLoopWorkerTQ pid=5074)[0m   "function": {
[36m(AgentLoopWorkerTQ pid=5074)[0m     "name": "customer_relationship_manager_search_customers",
[36m(AgentLoopWorkerTQ pid=5074)[0m     "description": "Searches for customers based on the given parameters with pagination support.",
[36m(AgentLoopWorkerTQ pid=5074)[0m     "parameters": {
[36m(AgentLoopWorkerTQ pid=5074)[0m       "type": "object",
[36m(AgentLoopWorkerTQ pid=5074)[0m       "properties": {
[36m(AgentLoopWorkerTQ pid=5074)[0m         "customer_name": {
[36m(AgentLoopWorkerTQ pid=5074)[0m           "type": "string",
[36m(AgentLoopWorkerTQ pid=5074)[0m           "description": "Name of the customer"
[36m(AgentLoopWorkerTQ pid=5074)[0m         },
[36m(AgentLoopWorkerTQ pid=5074)[0m         "customer_email": {
[36m(AgentLoopWorkerTQ pid=5074)[0m           "type": "string",
[36m(AgentLoopWorkerTQ pid=5074)[0m           "description": "Email address of the customer"
[36m(AgentLoopWorkerTQ pid=5074)[0m         },
[36m(AgentLoopWorkerTQ pid=5074)[0m         "product_interest": {
[36m(AgentLoopWorkerTQ pid=5074)[0m           "type": "string",
[36m(AgentLoopWorkerTQ pid=5074)[0m           "description": "Product interest of the customer"
[36m(AgentLoopWorkerTQ pid=5074)[0m         },
[36m(AgentLoopWorkerTQ pid=5074)[0m         "status": {
[36m(AgentLoopWorkerTQ pid=5074)[0m           "type": "string",
[36m(AgentLoopWorkerTQ pid=5074)[0m           "description": "Current status of the customer"
[36m(AgentLoopWorkerTQ pid=5074)[0m         },
[36m(AgentLoopWorkerTQ pid=5074)[0m         "assigned_to_email": {
[36m(AgentLoopWorkerTQ pid=5074)[0m           "type": "string",
[36m(AgentLoopWorkerTQ pid=5074)[0m           "description": "Email address of the person assigned to the customer"
[36m(AgentLoopWorkerTQ pid=5074)[0m         },
[36m(AgentLoopWorkerTQ pid=5074)[0m         "last_contact_date_min": {
[36m(AgentLoopWorkerTQ pid=5074)[0m           "type": "string",
[36m(AgentLoopWorkerTQ pid=5074)[0m           "description": "Minimum last contact date. Format: YYYY-MM-DD"
[36m(AgentLoopWorkerTQ pid=5074)[0m         },
[36m(AgentLoopWorkerTQ pid=5074)[0m         "last_contact_date_max": {
[36m(AgentLoopWorkerTQ pid=5074)[0m           "type": "string",
[36m(AgentLoopWorkerTQ pid=5074)[0m           "description": "Maximum last contact date. Format: YYYY-MM-DD"
[36m(AgentLoopWorkerTQ pid=5074)[0m         },
[36m(AgentLoopWorkerTQ pid=5074)[0m         "follow_up_by_min": {
[36m(AgentLoopWorkerTQ pid=5074)[0m           "type": "string",
[36m(AgentLoopWorkerTQ pid=5074)[0m           "description": "Minimum follow up date. Format: YYYY-MM-DD"
[36m(AgentLoopWorkerTQ pid=5074)[0m         },
[36m(AgentLoopWorkerTQ pid=5074)[0m         "follow_up_by_max": {
[36m(AgentLoopWorkerTQ pid=5074)[0m           "type": "string",
[36m(AgentLoopWorkerTQ pid=5074)[0m           "description": "Maximum follow up date. Format: YYYY-MM-DD"
[36m(AgentLoopWorkerTQ pid=5074)[0m         },
[36m(AgentLoopWorkerTQ pid=5074)[0m         "page": {
[36m(AgentLoopWorkerTQ pid=5074)[0m           "type": "integer",
[36m(AgentLoopWorkerTQ pid=5074)[0m           "description": "Page number of results to return"
[36m(AgentLoopWorkerTQ pid=5074)[0m         },
[36m(AgentLoopWorkerTQ pid=5074)[0m         "page_size": {
[36m(AgentLoopWorkerTQ pid=5074)[0m           "type": "integer",
[36m(AgentLoopWorkerTQ pid=5074)[0m           "description": "Number of customers per page"
[36m(AgentLoopWorkerTQ pid=5074)[0m         }
[36m(AgentLoopWorkerTQ pid=5074)[0m       },
[36m(AgentLoopWorkerTQ pid=5074)[0m       "required": []
[36m(AgentLoopWorkerTQ pid=5074)[0m     },
[36m(AgentLoopWorkerTQ pid=5074)[0m     "strict": false
[36m(AgentLoopWorkerTQ pid=5074)[0m   }
[36m(AgentLoopWorkerTQ pid=5074)[0m }
[36m(AgentLoopWorkerTQ pid=5074)[0m {
[36m(AgentLoopWorkerTQ pid=5074)[0m   "type": "function",
[36m(AgentLoopWorkerTQ pid=5074)[0m   "function": {
[36m(AgentLoopWorkerTQ pid=5074)[0m     "name": "customer_relationship_manager_update_customer",
[36m(AgentLoopWorkerTQ pid=5074)[0m     "description": "Updates a customer record by ID.",
[36m(AgentLoopWorkerTQ pid=5074)[0m     "parameters": {
[36m(AgentLoopWorkerTQ pid=5074)[0m       "type": "object",
[36m(AgentLoopWorkerTQ pid=5074)[0m       "properties": {
[36m(AgentLoopWorkerTQ pid=5074)[0m         "customer_id": {
[36m(AgentLoopWorkerTQ pid=5074)[0m           "type": "string",
[36m(AgentLoopWorkerTQ pid=5074)[0m           "description": "ID of the customer"
[36m(AgentLoopWorkerTQ pid=5074)[0m         },
[36m(AgentLoopWorkerTQ pid=5074)[0m         "field": {
[36m(AgentLoopWorkerTQ pid=5074)[0m           "type": "string",
[36m(AgentLoopWorkerTQ pid=5074)[0m           "description": "Field to update. Available fields are: 'customer_name', 'assigned_to_email', 'customer_email', 'customer_phone', 'last_contact_date', 'product_interest', 'status', 'notes', 'follow_up_by'"
[36m(AgentLoopWorkerTQ pid=5074)[0m         },
[36m(AgentLoopWorkerTQ pid=5074)[0m         "new_value": {
[36m(AgentLoopWorkerTQ pid=5074)[0m           "type": "string",
[36m(AgentLoopWorkerTQ pid=5074)[0m           "description": "New value for the field"
[36m(AgentLoopWorkerTQ pid=5074)[0m         }
[36m(AgentLoopWorkerTQ pid=5074)[0m       },
[36m(AgentLoopWorkerTQ pid=5074)[0m       "required": [
[36m(AgentLoopWorkerTQ pid=5074)[0m         "customer_id",
[36m(AgentLoopWorkerTQ pid=5074)[0m         "field",
[36m(AgentLoopWorkerTQ pid=5074)[0m         "new_value"
[36m(AgentLoopWorkerTQ pid=5074)[0m       ]
[36m(AgentLoopWorkerTQ pid=5074)[0m     },
[36m(AgentLoopWorkerTQ pid=5074)[0m     "strict": false
[36m(AgentLoopWorkerTQ pid=5074)[0m   }
[36m(AgentLoopWorkerTQ pid=5074)[0m }
[36m(AgentLoopWorkerTQ pid=5074)[0m {
[36m(AgentLoopWorkerTQ pid=5074)[0m   "type": "function",
[36m(AgentLoopWorkerTQ pid=5074)[0m   "function": {
[36m(AgentLoopWorkerTQ pid=5074)[0m     "name": "customer_relationship_manager_add_customer",
[36m(AgentLoopWorkerTQ pid=5074)[0m     "description": "Adds a new customer record.",
[36m(AgentLoopWorkerTQ pid=5074)[0m     "parameters": {
[36m(AgentLoopWorkerTQ pid=5074)[0m       "type": "object",
[36m(AgentLoopWorkerTQ pid=5074)[0m       "properties": {
[36m(AgentLoopWorkerTQ pid=5074)[0m         "customer_name": {
[36m(AgentLoopWorkerTQ pid=5074)[0m           "type": "string",
[36m(AgentLoopWorkerTQ pid=5074)[0m           "description": "Name of the customer"
[36m(AgentLoopWorkerTQ pid=5074)[0m         },
[36m(AgentLoopWorkerTQ pid=5074)[0m         "assigned_to_email": {
[36m(AgentLoopWorkerTQ pid=5074)[0m           "type": "string",
[36m(AgentLoopWorkerTQ pid=5074)[0m           "description": "Email address of the person assigned to the customer"
[36m(AgentLoopWorkerTQ pid=5074)[0m         },
[36m(AgentLoopWorkerTQ pid=5074)[0m         "status": {
[36m(AgentLoopWorkerTQ pid=5074)[0m           "type": "string",
[36m(AgentLoopWorkerTQ pid=5074)[0m           "description": "Current status of the customer. One of: 'Qualified', 'Won', 'Lost', 'Lead', 'Proposal'"
[36m(AgentLoopWorkerTQ pid=5074)[0m         },
[36m(AgentLoopWorkerTQ pid=5074)[0m         "customer_email": {
[36m(AgentLoopWorkerTQ pid=5074)[0m           "type": "string",
[36m(AgentLoopWorkerTQ pid=5074)[0m           "description": "Email address of the customer"
[36m(AgentLoopWorkerTQ pid=5074)[0m         },
[36m(AgentLoopWorkerTQ pid=5074)[0m         "customer_phone": {
[36m(AgentLoopWorkerTQ pid=5074)[0m           "type": "string",
[36m(AgentLoopWorkerTQ pid=5074)[0m           "description": "Phone number of the customer"
[36m(AgentLoopWorkerTQ pid=5074)[0m         },
[36m(AgentLoopWorkerTQ pid=5074)[0m         "last_contact_date": {
[36m(AgentLoopWorkerTQ pid=5074)[0m           "type": "string",
[36m(AgentLoopWorkerTQ pid=5074)[0m           "description": "The last date the customer was contacted. Format: YYYY-MM-DD"
[36m(AgentLoopWorkerTQ pid=5074)[0m         },
[36m(AgentLoopWorkerTQ pid=5074)[0m         "product_interest": {
[36m(AgentLoopWorkerTQ pid=5074)[0m           "type": "string",
[36m(AgentLoopWorkerTQ pid=5074)[0m           "description": "Product interest of the customer. One of: 'Software', 'Hardware', 'Services', 'Consulting', 'Training'"
[36m(AgentLoopWorkerTQ pid=5074)[0m         },
[36m(AgentLoopWorkerTQ pid=5074)[0m         "notes": {
[36m(AgentLoopWorkerTQ pid=5074)[0m           "type": "string",
[36m(AgentLoopWorkerTQ pid=5074)[0m           "description": "Notes about the customer"
[36m(AgentLoopWorkerTQ pid=5074)[0m         },
[36m(AgentLoopWorkerTQ pid=5074)[0m         "follow_up_by": {
[36m(AgentLoopWorkerTQ pid=5074)[0m           "type": "string",
[36m(AgentLoopWorkerTQ pid=5074)[0m           "description": "Date for the next follow up. Format: YYYY-MM-DD"
[36m(AgentLoopWorkerTQ pid=5074)[0m         }
[36m(AgentLoopWorkerTQ pid=5074)[0m       },
[36m(AgentLoopWorkerTQ pid=5074)[0m       "required": [
[36m(AgentLoopWorkerTQ pid=5074)[0m         "customer_name",
[36m(AgentLoopWorkerTQ pid=5074)[0m         "assigned_to_email",
[36m(AgentLoopWorkerTQ pid=5074)[0m         "status"
[36m(AgentLoopWorkerTQ pid=5074)[0m       ]
[36m(AgentLoopWorkerTQ pid=5074)[0m     },
[36m(AgentLoopWorkerTQ pid=5074)[0m     "strict": false
[36m(AgentLoopWorkerTQ pid=5074)[0m   }
[36m(AgentLoopWorkerTQ pid=5074)[0m }
[36m(AgentLoopWorkerTQ pid=5074)[0m {
[36m(AgentLoopWorkerTQ pid=5074)[0m   "type": "function",
[36m(AgentLoopWorkerTQ pid=5074)[0m   "function": {
[36m(AgentLoopWorkerTQ pid=5074)[0m     "name": "customer_relationship_manager_delete_customer",
[36m(AgentLoopWorkerTQ pid=5074)[0m     "description": "Deletes a customer record by ID.",
[36m(AgentLoopWorkerTQ pid=5074)[0m     "parameters": {
[36m(AgentLoopWorkerTQ pid=5074)[0m       "type": "object",
[36m(AgentLoopWorkerTQ pid=5074)[0m       "properties": {
[36m(AgentLoopWorkerTQ pid=5074)[0m         "customer_id": {
[36m(AgentLoopWorkerTQ pid=5074)[0m           "type": "string",
[36m(AgentLoopWorkerTQ pid=5074)[0m           "description": "ID of the customer"
[36m(AgentLoopWorkerTQ pid=5074)[0m         }
[36m(AgentLoopWorkerTQ pid=5074)[0m       },
[36m(AgentLoopWorkerTQ pid=5074)[0m       "required": [
[36m(AgentLoopWorkerTQ pid=5074)[0m         "customer_id"
[36m(AgentLoopWorkerTQ pid=5074)[0m       ]
[36m(AgentLoopWorkerTQ pid=5074)[0m     },
[36m(AgentLoopWorkerTQ pid=5074)[0m     "strict": false
[36m(AgentLoopWorkerTQ pid=5074)[0m   }
[36m(AgentLoopWorkerTQ pid=5074)[0m }
[36m(AgentLoopWorkerTQ pid=5074)[0m {
[36m(AgentLoopWorkerTQ pid=5074)[0m   "type": "function",
[36m(AgentLoopWorkerTQ pid=5074)[0m   "function": {
[36m(AgentLoopWorkerTQ pid=5074)[0m     "name": "email_get_email_information_by_id",
[36m(AgentLoopWorkerTQ pid=5074)[0m     "description": "Retrieves specific details of an email by its ID.",
[36m(AgentLoopWorkerTQ pid=5074)[0m     "parameters": {
[36m(AgentLoopWorkerTQ pid=5074)[0m       "type": "object",
[36m(AgentLoopWorkerTQ pid=5074)[0m       "properties": {
[36m(AgentLoopWorkerTQ pid=5074)[0m         "email_id": {
[36m(AgentLoopWorkerTQ pid=5074)[0m           "type": "string",
[36m(AgentLoopWorkerTQ pid=5074)[0m           "description": "Unique ID of the email"
[36m(AgentLoopWorkerTQ pid=5074)[0m         },
[36m(AgentLoopWorkerTQ pid=5074)[0m         "field": {
[36m(AgentLoopWorkerTQ pid=5074)[0m           "type": "string",
[36m(AgentLoopWorkerTQ pid=5074)[0m           "description": "Specific field to return. Available fields: 'email_id', 'inbox/outbox', 'sender/recipient', 'subject', 'sent_datetime', 'body'"
[36m(AgentLoopWorkerTQ pid=5074)[0m         }
[36m(AgentLoopWorkerTQ pid=5074)[0m       },
[36m(AgentLoopWorkerTQ pid=5074)[0m       "required": [
[36m(AgentLoopWorkerTQ pid=5074)[0m         "email_id",
[36m(AgentLoopWorkerTQ pid=5074)[0m         "field"
[36m(AgentLoopWorkerTQ pid=5074)[0m       ]
[36m(AgentLoopWorkerTQ pid=5074)[0m     },
[36m(AgentLoopWorkerTQ pid=5074)[0m     "strict": false
[36m(AgentLoopWorkerTQ pid=5074)[0m   }
[36m(AgentLoopWorkerTQ pid=5074)[0m }
[36m(AgentLoopWorkerTQ pid=5074)[0m {
[36m(AgentLoopWorkerTQ pid=5074)[0m   "type": "function",
[36m(AgentLoopWorkerTQ pid=5074)[0m   "function": {
[36m(AgentLoopWorkerTQ pid=5074)[0m     "name": "email_search_emails",
[36m(AgentLoopWorkerTQ pid=5074)[0m     "description": "Searches for emails matching the given query across subject, body, or sender fields. The function matches an email if all words in the query appear in any of these fields.",
[36m(AgentLoopWorkerTQ pid=5074)[0m     "parameters": {
[36m(AgentLoopWorkerTQ pid=5074)[0m       "type": "object",
[36m(AgentLoopWorkerTQ pid=5074)[0m       "properties": {
[36m(AgentLoopWorkerTQ pid=5074)[0m         "query": {
[36m(AgentLoopWorkerTQ pid=5074)[0m           "type": "string",
[36m(AgentLoopWorkerTQ pid=5074)[0m           "description": "Search query, matching terms in subject, body, or sender/recipient fields"
[36m(AgentLoopWorkerTQ pid=5074)[0m         },
[36m(AgentLoopWorkerTQ pid=5074)[0m         "date_min": {
[36m(AgentLoopWorkerTQ pid=5074)[0m           "type": "string",
[36m(AgentLoopWorkerTQ pid=5074)[0m           "description": "Lower date limit for the email's sent date (inclusive). Format: YYYY-MM-DD"
[36m(AgentLoopWorkerTQ pid=5074)[0m         },
[36m(AgentLoopWorkerTQ pid=5074)[0m         "date_max": {
[36m(AgentLoopWorkerTQ pid=5074)[0m           "type": "string",
[36m(AgentLoopWorkerTQ pid=5074)[0m           "description": "Upper date limit for the email's sent date (inclusive). Format: YYYY-MM-DD"
[36m(AgentLoopWorkerTQ pid=5074)[0m         },
[36m(AgentLoopWorkerTQ pid=5074)[0m         "page": {
[36m(AgentLoopWorkerTQ pid=5074)[0m           "type": "integer",
[36m(AgentLoopWorkerTQ pid=5074)[0m           "description": "Page number of results to return"
[36m(AgentLoopWorkerTQ pid=5074)[0m         },
[36m(AgentLoopWorkerTQ pid=5074)[0m         "page_size": {
[36m(AgentLoopWorkerTQ pid=5074)[0m           "type": "integer",
[36m(AgentLoopWorkerTQ pid=5074)[0m           "description": "Number of emails per page"
[36m(AgentLoopWorkerTQ pid=5074)[0m         }
[36m(AgentLoopWorkerTQ pid=5074)[0m       },
[36m(AgentLoopWorkerTQ pid=5074)[0m       "required": []
[36m(AgentLoopWorkerTQ pid=5074)[0m     },
[36m(AgentLoopWorkerTQ pid=5074)[0m     "strict": false
[36m(AgentLoopWorkerTQ pid=5074)[0m   }
[36m(AgentLoopWorkerTQ pid=5074)[0m }
[36m(AgentLoopWorkerTQ pid=5074)[0m {
[36m(AgentLoopWorkerTQ pid=5074)[0m   "type": "function",
[36m(AgentLoopWorkerTQ pid=5074)[0m   "function": {
[36m(AgentLoopWorkerTQ pid=5074)[0m     "name": "email_send_email",
[36m(AgentLoopWorkerTQ pid=5074)[0m     "description": "Sends an email to the specified recipient.",
[36m(AgentLoopWorkerTQ pid=5074)[0m     "parameters": {
[36m(AgentLoopWorkerTQ pid=5074)[0m       "type": "object",
[36m(AgentLoopWorkerTQ pid=5074)[0m       "properties": {
[36m(AgentLoopWorkerTQ pid=5074)[0m         "recipient": {
[36m(AgentLoopWorkerTQ pid=5074)[0m           "type": "string",
[36m(AgentLoopWorkerTQ pid=5074)[0m           "description": "Email address of the recipient"
[36m(AgentLoopWorkerTQ pid=5074)[0m         },
[36m(AgentLoopWorkerTQ pid=5074)[0m         "subject": {
[36m(AgentLoopWorkerTQ pid=5074)[0m           "type": "string",
[36m(AgentLoopWorkerTQ pid=5074)[0m           "description": "Subject line of the email"
[36m(AgentLoopWorkerTQ pid=5074)[0m         },
[36m(AgentLoopWorkerTQ pid=5074)[0m         "body": {
[36m(AgentLoopWorkerTQ pid=5074)[0m           "type": "string",
[36m(AgentLoopWorkerTQ pid=5074)[0m           "description": "Body content of the email"
[36m(AgentLoopWorkerTQ pid=5074)[0m         }
[36m(AgentLoopWorkerTQ pid=5074)[0m       },
[36m(AgentLoopWorkerTQ pid=5074)[0m       "required": [
[36m(AgentLoopWorkerTQ pid=5074)[0m         "recipient",
[36m(AgentLoopWorkerTQ pid=5074)[0m         "subject",
[36m(AgentLoopWorkerTQ pid=5074)[0m         "body"
[36m(AgentLoopWorkerTQ pid=5074)[0m       ]
[36m(AgentLoopWorkerTQ pid=5074)[0m     },
[36m(AgentLoopWorkerTQ pid=5074)[0m     "strict": false
[36m(AgentLoopWorkerTQ pid=5074)[0m   }
[36m(AgentLoopWorkerTQ pid=5074)[0m }
[36m(AgentLoopWorkerTQ pid=5074)[0m {
[36m(AgentLoopWorkerTQ pid=5074)[0m   "type": "function",
[36m(AgentLoopWorkerTQ pid=5074)[0m   "function": {
[36m(AgentLoopWorkerTQ pid=5074)[0m     "name": "email_delete_email",
[36m(AgentLoopWorkerTQ pid=5074)[0m     "description": "Deletes an email by its ID.",
[36m(AgentLoopWorkerTQ pid=5074)[0m     "parameters": {
[36m(AgentLoopWorkerTQ pid=5074)[0m       "type": "object",
[36m(AgentLoopWorkerTQ pid=5074)[0m       "properties": {
[36m(AgentLoopWorkerTQ pid=5074)[0m         "email_id": {
[36m(AgentLoopWorkerTQ pid=5074)[0m           "type": "string",
[36m(AgentLoopWorkerTQ pid=5074)[0m           "description": "Unique ID of the email to be deleted"
[36m(AgentLoopWorkerTQ pid=5074)[0m         }
[36m(AgentLoopWorkerTQ pid=5074)[0m       },
[36m(AgentLoopWorkerTQ pid=5074)[0m       "required": [
[36m(AgentLoopWorkerTQ pid=5074)[0m         "email_id"
[36m(AgentLoopWorkerTQ pid=5074)[0m       ]
[36m(AgentLoopWorkerTQ pid=5074)[0m     },
[36m(AgentLoopWorkerTQ pid=5074)[0m     "strict": false
[36m(AgentLoopWorkerTQ pid=5074)[0m   }
[36m(AgentLoopWorkerTQ pid=5074)[0m }
[36m(AgentLoopWorkerTQ pid=5074)[0m {
[36m(AgentLoopWorkerTQ pid=5074)[0m   "type": "function",
[36m(AgentLoopWorkerTQ pid=5074)[0m   "function": {
[36m(AgentLoopWorkerTQ pid=5074)[0m     "name": "email_forward_email",
[36m(AgentLoopWorkerTQ pid=5074)[0m     "description": "Forwards an email to the specified recipient.",
[36m(AgentLoopWorkerTQ pid=5074)[0m     "parameters": {
[36m(AgentLoopWorkerTQ pid=5074)[0m       "type": "object",
[36m(AgentLoopWorkerTQ pid=5074)[0m       "properties": {
[36m(AgentLoopWorkerTQ pid=5074)[0m         "email_id": {
[36m(AgentLoopWorkerTQ pid=5074)[0m           "type": "string",
[36m(AgentLoopWorkerTQ pid=5074)[0m           "description": "Unique ID of the email to be forwarded"
[36m(AgentLoopWorkerTQ pid=5074)[0m         },
[36m(AgentLoopWorkerTQ pid=5074)[0m         "recipient": {
[36m(AgentLoopWorkerTQ pid=5074)[0m           "type": "string",
[36m(AgentLoopWorkerTQ pid=5074)[0m           "description": "Email address of the recipient"
[36m(AgentLoopWorkerTQ pid=5074)[0m         }
[36m(AgentLoopWorkerTQ pid=5074)[0m       },
[36m(AgentLoopWorkerTQ pid=5074)[0m       "required": [
[36m(AgentLoopWorkerTQ pid=5074)[0m         "email_id",
[36m(AgentLoopWorkerTQ pid=5074)[0m         "recipient"
[36m(AgentLoopWorkerTQ pid=5074)[0m       ]
[36m(AgentLoopWorkerTQ pid=5074)[0m     },
[36m(AgentLoopWorkerTQ pid=5074)[0m     "strict": false
[36m(AgentLoopWorkerTQ pid=5074)[0m   }
[36m(AgentLoopWorkerTQ pid=5074)[0m }
[36m(AgentLoopWorkerTQ pid=5074)[0m {
[36m(AgentLoopWorkerTQ pid=5074)[0m   "type": "function",
[36m(AgentLoopWorkerTQ pid=5074)[0m   "function": {
[36m(AgentLoopWorkerTQ pid=5074)[0m     "name": "email_reply_email",
[36m(AgentLoopWorkerTQ pid=5074)[0m     "description": "Replies to an email by its ID.",
[36m(AgentLoopWorkerTQ pid=5074)[0m     "parameters": {
[36m(AgentLoopWorkerTQ pid=5074)[0m       "type": "object",
[36m(AgentLoopWorkerTQ pid=5074)[0m       "properties": {
[36m(AgentLoopWorkerTQ pid=5074)[0m         "email_id": {
[36m(AgentLoopWorkerTQ pid=5074)[0m           "type": "string",
[36m(AgentLoopWorkerTQ pid=5074)[0m           "description": "Unique ID of the email to be replied"
[36m(AgentLoopWorkerTQ pid=5074)[0m         },
[36m(AgentLoopWorkerTQ pid=5074)[0m         "body": {
[36m(AgentLoopWorkerTQ pid=5074)[0m           "type": "string",
[36m(AgentLoopWorkerTQ pid=5074)[0m           "description": "Body content of the email"
[36m(AgentLoopWorkerTQ pid=5074)[0m         }
[36m(AgentLoopWorkerTQ pid=5074)[0m       },
[36m(AgentLoopWorkerTQ pid=5074)[0m       "required": [
[36m(AgentLoopWorkerTQ pid=5074)[0m         "email_id",
[36m(AgentLoopWorkerTQ pid=5074)[0m         "body"
[36m(AgentLoopWorkerTQ pid=5074)[0m       ]
[36m(AgentLoopWorkerTQ pid=5074)[0m     },
[36m(AgentLoopWorkerTQ pid=5074)[0m     "strict": false
[36m(AgentLoopWorkerTQ pid=5074)[0m   }
[36m(AgentLoopWorkerTQ pid=5074)[0m }
[36m(AgentLoopWorkerTQ pid=5074)[0m {
[36m(AgentLoopWorkerTQ pid=5074)[0m   "type": "function",
[36m(AgentLoopWorkerTQ pid=5074)[0m   "function": {
[36m(AgentLoopWorkerTQ pid=5074)[0m     "name": "project_management_get_task_information_by_id",
[36m(AgentLoopWorkerTQ pid=5074)[0m     "description": "Returns the task information for a given ID.",
[36m(AgentLoopWorkerTQ pid=5074)[0m     "parameters": {
[36m(AgentLoopWorkerTQ pid=5074)[0m       "type": "object",
[36m(AgentLoopWorkerTQ pid=5074)[0m       "properties": {
[36m(AgentLoopWorkerTQ pid=5074)[0m         "task_id": {
[36m(AgentLoopWorkerTQ pid=5074)[0m           "type": "string",
[36m(AgentLoopWorkerTQ pid=5074)[0m           "description": "8-digit ID of the task"
[36m(AgentLoopWorkerTQ pid=5074)[0m         },
[36m(AgentLoopWorkerTQ pid=5074)[0m         "field": {
[36m(AgentLoopWorkerTQ pid=5074)[0m           "type": "string",
[36m(AgentLoopWorkerTQ pid=5074)[0m           "description": "Field to return. Available fields are: 'task_id', 'task_name', 'assigned_to_email', 'list_name', 'due_date', 'board'"
[36m(AgentLoopWorkerTQ pid=5074)[0m         }
[36m(AgentLoopWorkerTQ pid=5074)[0m       },
[36m(AgentLoopWorkerTQ pid=5074)[0m       "required": [
[36m(AgentLoopWorkerTQ pid=5074)[0m         "task_id",
[36m(AgentLoopWorkerTQ pid=5074)[0m         "field"
[36m(AgentLoopWorkerTQ pid=5074)[0m       ]
[36m(AgentLoopWorkerTQ pid=5074)[0m     },
[36m(AgentLoopWorkerTQ pid=5074)[0m     "strict": false
[36m(AgentLoopWorkerTQ pid=5074)[0m   }
[36m(AgentLoopWorkerTQ pid=5074)[0m }
[36m(AgentLoopWorkerTQ pid=5074)[0m {
[36m(AgentLoopWorkerTQ pid=5074)[0m   "type": "function",
[36m(AgentLoopWorkerTQ pid=5074)[0m   "function": {
[36m(AgentLoopWorkerTQ pid=5074)[0m     "name": "project_management_search_tasks",
[36m(AgentLoopWorkerTQ pid=5074)[0m     "description": "Searches for tasks based on the given parameters.",
[36m(AgentLoopWorkerTQ pid=5074)[0m     "parameters": {
[36m(AgentLoopWorkerTQ pid=5074)[0m       "type": "object",
[36m(AgentLoopWorkerTQ pid=5074)[0m       "properties": {
[36m(AgentLoopWorkerTQ pid=5074)[0m         "task_name": {
[36m(AgentLoopWorkerTQ pid=5074)[0m           "type": "string",
[36m(AgentLoopWorkerTQ pid=5074)[0m           "description": "Name of the task"
[36m(AgentLoopWorkerTQ pid=5074)[0m         },
[36m(AgentLoopWorkerTQ pid=5074)[0m         "assigned_to_email": {
[36m(AgentLoopWorkerTQ pid=5074)[0m           "type": "string",
[36m(AgentLoopWorkerTQ pid=5074)[0m           "description": "Email address of the person assigned to the task"
[36m(AgentLoopWorkerTQ pid=5074)[0m         },
[36m(AgentLoopWorkerTQ pid=5074)[0m         "list_name": {
[36m(AgentLoopWorkerTQ pid=5074)[0m           "type": "string",
[36m(AgentLoopWorkerTQ pid=5074)[0m           "description": "Name of the list the task belongs to"
[36m(AgentLoopWorkerTQ pid=5074)[0m         },
[36m(AgentLoopWorkerTQ pid=5074)[0m         "due_date": {
[36m(AgentLoopWorkerTQ pid=5074)[0m           "type": "string",
[36m(AgentLoopWorkerTQ pid=5074)[0m           "description": "Due date of the task in YYYY-MM-DD format"
[36m(AgentLoopWorkerTQ pid=5074)[0m         },
[36m(AgentLoopWorkerTQ pid=5074)[0m         "board": {
[36m(AgentLoopWorkerTQ pid=5074)[0m           "type": "string",
[36m(AgentLoopWorkerTQ pid=5074)[0m           "description": "Name of the board the task belongs to"
[36m(AgentLoopWorkerTQ pid=5074)[0m         }
[36m(AgentLoopWorkerTQ pid=5074)[0m       },
[36m(AgentLoopWorkerTQ pid=5074)[0m       "required": []
[36m(AgentLoopWorkerTQ pid=5074)[0m     },
[36m(AgentLoopWorkerTQ pid=5074)[0m     "strict": false
[36m(AgentLoopWorkerTQ pid=5074)[0m   }
[36m(AgentLoopWorkerTQ pid=5074)[0m }
[36m(AgentLoopWorkerTQ pid=5074)[0m {
[36m(AgentLoopWorkerTQ pid=5074)[0m   "type": "function",
[36m(AgentLoopWorkerTQ pid=5074)[0m   "function": {
[36m(AgentLoopWorkerTQ pid=5074)[0m     "name": "project_management_create_task",
[36m(AgentLoopWorkerTQ pid=5074)[0m     "description": "Creates a new task.",
[36m(AgentLoopWorkerTQ pid=5074)[0m     "parameters": {
[36m(AgentLoopWorkerTQ pid=5074)[0m       "type": "object",
[36m(AgentLoopWorkerTQ pid=5074)[0m       "properties": {
[36m(AgentLoopWorkerTQ pid=5074)[0m         "task_name": {
[36m(AgentLoopWorkerTQ pid=5074)[0m           "type": "string",
[36m(AgentLoopWorkerTQ pid=5074)[0m           "description": "Name of the task"
[36m(AgentLoopWorkerTQ pid=5074)[0m         },
[36m(AgentLoopWorkerTQ pid=5074)[0m         "assigned_to_email": {
[36m(AgentLoopWorkerTQ pid=5074)[0m           "type": "string",
[36m(AgentLoopWorkerTQ pid=5074)[0m           "description": "Email address of the person assigned to the task"
[36m(AgentLoopWorkerTQ pid=5074)[0m         },
[36m(AgentLoopWorkerTQ pid=5074)[0m         "list_name": {
[36m(AgentLoopWorkerTQ pid=5074)[0m           "type": "string",
[36m(AgentLoopWorkerTQ pid=5074)[0m           "description": "Name of the list the task belongs to. One of: 'Backlog', 'In Progress', 'In Review', 'Completed'"
[36m(AgentLoopWorkerTQ pid=5074)[0m         },
[36m(AgentLoopWorkerTQ pid=5074)[0m         "due_date": {
[36m(AgentLoopWorkerTQ pid=5074)[0m           "type": "string",
[36m(AgentLoopWorkerTQ pid=5074)[0m           "description": "Due date of the task in YYYY-MM-DD format"
[36m(AgentLoopWorkerTQ pid=5074)[0m         },
[36m(AgentLoopWorkerTQ pid=5074)[0m         "board": {
[36m(AgentLoopWorkerTQ pid=5074)[0m           "type": "string",
[36m(AgentLoopWorkerTQ pid=5074)[0m           "description": "Name of the board the task belongs to. One of: 'Back end', 'Front end', 'Design'"
[36m(AgentLoopWorkerTQ pid=5074)[0m         }
[36m(AgentLoopWorkerTQ pid=5074)[0m       },
[36m(AgentLoopWorkerTQ pid=5074)[0m       "required": [
[36m(AgentLoopWorkerTQ pid=5074)[0m         "task_name",
[36m(AgentLoopWorkerTQ pid=5074)[0m         "assigned_to_email",
[36m(AgentLoopWorkerTQ pid=5074)[0m         "list_name",
[36m(AgentLoopWorkerTQ pid=5074)[0m         "due_date",
[36m(AgentLoopWorkerTQ pid=5074)[0m         "board"
[36m(AgentLoopWorkerTQ pid=5074)[0m       ]
[36m(AgentLoopWorkerTQ pid=5074)[0m     },
[36m(AgentLoopWorkerTQ pid=5074)[0m     "strict": false
[36m(AgentLoopWorkerTQ pid=5074)[0m   }
[36m(AgentLoopWorkerTQ pid=5074)[0m }
[36m(AgentLoopWorkerTQ pid=5074)[0m {
[36m(AgentLoopWorkerTQ pid=5074)[0m   "type": "function",
[36m(AgentLoopWorkerTQ pid=5074)[0m   "function": {
[36m(AgentLoopWorkerTQ pid=5074)[0m     "name": "project_management_delete_task",
[36m(AgentLoopWorkerTQ pid=5074)[0m     "description": "Deletes a task by ID.",
[36m(AgentLoopWorkerTQ pid=5074)[0m     "parameters": {
[36m(AgentLoopWorkerTQ pid=5074)[0m       "type": "object",
[36m(AgentLoopWorkerTQ pid=5074)[0m       "properties": {
[36m(AgentLoopWorkerTQ pid=5074)[0m         "task_id": {
[36m(AgentLoopWorkerTQ pid=5074)[0m           "type": "string",
[36m(AgentLoopWorkerTQ pid=5074)[0m           "description": "8-digit ID of the task"
[36m(AgentLoopWorkerTQ pid=5074)[0m         }
[36m(AgentLoopWorkerTQ pid=5074)[0m       },
[36m(AgentLoopWorkerTQ pid=5074)[0m       "required": [
[36m(AgentLoopWorkerTQ pid=5074)[0m         "task_id"
[36m(AgentLoopWorkerTQ pid=5074)[0m       ]
[36m(AgentLoopWorkerTQ pid=5074)[0m     },
[36m(AgentLoopWorkerTQ pid=5074)[0m     "strict": false
[36m(AgentLoopWorkerTQ pid=5074)[0m   }
[36m(AgentLoopWorkerTQ pid=5074)[0m }
[36m(AgentLoopWorkerTQ pid=5074)[0m {
[36m(AgentLoopWorkerTQ pid=5074)[0m   "type": "function",
[36m(AgentLoopWorkerTQ pid=5074)[0m   "function": {
[36m(AgentLoopWorkerTQ pid=5074)[0m     "name": "project_management_update_task",
[36m(AgentLoopWorkerTQ pid=5074)[0m     "description": "Updates a task by ID.",
[36m(AgentLoopWorkerTQ pid=5074)[0m     "parameters": {
[36m(AgentLoopWorkerTQ pid=5074)[0m       "type": "object",
[36m(AgentLoopWorkerTQ pid=5074)[0m       "properties": {
[36m(AgentLoopWorkerTQ pid=5074)[0m         "task_id": {
[36m(AgentLoopWorkerTQ pid=5074)[0m           "type": "string",
[36m(AgentLoopWorkerTQ pid=5074)[0m           "description": "8-digit ID of the task"
[36m(AgentLoopWorkerTQ pid=5074)[0m         },
[36m(AgentLoopWorkerTQ pid=5074)[0m         "field": {
[36m(AgentLoopWorkerTQ pid=5074)[0m           "type": "string",
[36m(AgentLoopWorkerTQ pid=5074)[0m           "description": "Field to update. Available fields are: 'task_name', 'assigned_to_email', 'list_name', 'due_date', 'board'"
[36m(AgentLoopWorkerTQ pid=5074)[0m         },
[36m(AgentLoopWorkerTQ pid=5074)[0m         "new_value": {
[36m(AgentLoopWorkerTQ pid=5074)[0m           "type": "string",
[36m(AgentLoopWorkerTQ pid=5074)[0m           "description": "New value for the field"
[36m(AgentLoopWorkerTQ pid=5074)[0m         }
[36m(AgentLoopWorkerTQ pid=5074)[0m       },
[36m(AgentLoopWorkerTQ pid=5074)[0m       "required": [
[36m(AgentLoopWorkerTQ pid=5074)[0m         "task_id",
[36m(AgentLoopWorkerTQ pid=5074)[0m         "field",
[36m(AgentLoopWorkerTQ pid=5074)[0m         "new_value"
[36m(AgentLoopWorkerTQ pid=5074)[0m       ]
[36m(AgentLoopWorkerTQ pid=5074)[0m     },
[36m(AgentLoopWorkerTQ pid=5074)[0m     "strict": false
[36m(AgentLoopWorkerTQ pid=5074)[0m   }
[36m(AgentLoopWorkerTQ pid=5074)[0m }
[36m(vLLMHttpServer pid=32674)[0m WARNING 07-28 14:28:44 [input_processor.py:282] Passing raw prompts to InputProcessor is deprecated and will be removed in v0.18. You should instead pass the outputs of Renderer.render_cmpl() or Renderer.render_chat().
[36m(vLLMHttpServer pid=32674)[0m (Worker pid=3180) WARNING 07-28 14:28:44 [jit_monitor.py:106] Triton kernel JIT compilation during inference: _compute_slot_mapping_kernel. This causes a latency spike; consider extending warmup to cover this shape/config.
[36m(AgentLoopWorkerTQ pid=5077)[0m Error executing tool 'project_management_search_tasks': ProjectManagementTool.search_tasks() got an unexpected keyword argument 'status'
[36m(AgentLoopWorkerTQ pid=5077)[0m Using dataset class: RLHFDataset[32m [repeated 7x across cluster][0m
[36m(AgentLoopWorkerTQ pid=5077)[0m {[32m [repeated 189x across cluster][0m
[36m(AgentLoopWorkerTQ pid=5077)[0m   "type": "function",[32m [repeated 189x across cluster][0m
[36m(AgentLoopWorkerTQ pid=5077)[0m   "function": {[32m [repeated 189x across cluster][0m
[36m(AgentLoopWorkerTQ pid=5077)[0m     "name": "analytics_get_visitor_information_by_id",[32m [repeated 7x across cluster][0m
[36m(AgentLoopWorkerTQ pid=5077)[0m     "description": "Returns the analytics data for a given visitor ID.",[32m [repeated 7x across cluster][0m
[36m(AgentLoopWorkerTQ pid=5077)[0m     "parameters": {[32m [repeated 189x across cluster][0m
[36m(AgentLoopWorkerTQ pid=5077)[0m       "type": "object",[32m [repeated 189x across cluster][0m
[36m(AgentLoopWorkerTQ pid=5077)[0m       "properties": {[32m [repeated 189x across cluster][0m
[36m(AgentLoopWorkerTQ pid=5077)[0m         "visitor_id": {[32m [repeated 7x across cluster][0m
[36m(AgentLoopWorkerTQ pid=5077)[0m           "type": "string",[32m [repeated 553x across cluster][0m
[36m(AgentLoopWorkerTQ pid=5077)[0m           "description": "ID of the visitor"[32m [repeated 7x across cluster][0m
[36m(AgentLoopWorkerTQ pid=5077)[0m }[32m [repeated 567x across cluster][0m
[36m(AgentLoopWorkerTQ pid=5077)[0m     },[32m [repeated 784x across cluster][0m
[36m(AgentLoopWorkerTQ pid=5077)[0m       "required": [[32m [repeated 126x across cluster][0m
[36m(AgentLoopWorkerTQ pid=5077)[0m         "visitor_id"[32m [repeated 7x across cluster][0m
[36m(AgentLoopWorkerTQ pid=5077)[0m       ][32m [repeated 126x across cluster][0m
[36m(AgentLoopWorkerTQ pid=5077)[0m     "strict": false[32m [repeated 189x across cluster][0m
[36m(AgentLoopWorkerTQ pid=5077)[0m     "name": "analytics_create_plot",[32m [repeated 7x across cluster][0m
[36m(AgentLoopWorkerTQ pid=5077)[0m     "description": "Plots the analytics data for a given time range and value.",[32m [repeated 7x across cluster][0m
[36m(AgentLoopWorkerTQ pid=5077)[0m         "time_min": {[32m [repeated 42x across cluster][0m
[36m(AgentLoopWorkerTQ pid=5077)[0m           "description": "Start date of the time range. Date format is YYYY-MM-DD"[32m [repeated 35x across cluster][0m
[36m(AgentLoopWorkerTQ pid=5077)[0m         "time_max": {[32m [repeated 42x across cluster][0m
[36m(AgentLoopWorkerTQ pid=5077)[0m           "description": "End date of the time range. Date format is YYYY-MM-DD"[32m [repeated 35x across cluster][0m
[36m(AgentLoopWorkerTQ pid=5077)[0m         "value_to_plot": {[32m [repeated 7x across cluster][0m
[36m(AgentLoopWorkerTQ pid=5077)[0m           "description": "Value to plot. Available values are: 'total_visits', 'session_duration_seconds', 'user_engaged', 'visits_direct', 'visits_referral', 'visits_search_engine', 'visits_social_media'"[32m [repeated 7x across cluster][0m
[36m(AgentLoopWorkerTQ pid=5077)[0m         "plot_type": {[32m [repeated 7x across cluster][0m
[36m(AgentLoopWorkerTQ pid=5077)[0m           "description": "Type of plot. Can be 'bar', 'line', 'scatter' or 'histogram'"[32m [repeated 7x across cluster][0m
[36m(AgentLoopWorkerTQ pid=5077)[0m         "time_min",[32m [repeated 7x across cluster][0m
[36m(AgentLoopWorkerTQ pid=5077)[0m         "time_max",[32m [repeated 7x across cluster][0m
[36m(AgentLoopWorkerTQ pid=5077)[0m         "value_to_plot",[32m [repeated 7x across cluster][0m
[36m(AgentLoopWorkerTQ pid=5077)[0m         "plot_type"[32m [repeated 7x across cluster][0m
[36m(AgentLoopWorkerTQ pid=5077)[0m     "name": "analytics_total_visits_count",[32m [repeated 7x across cluster][0m
[36m(AgentLoopWorkerTQ pid=5077)[0m     "description": "Returns the total number of visits within a specified time range.",[32m [repeated 7x across cluster][0m
[36m(AgentLoopWorkerTQ pid=5077)[0m       "required": [][32m [repeated 63x across cluster][0m
[36m(AgentLoopWorkerTQ pid=5077)[0m     "name": "analytics_engaged_users_count",[32m [repeated 7x across cluster][0m
[36m(AgentLoopWorkerTQ pid=5077)[0m     "description": "Returns the number of engaged users within a specified time range.",[32m [repeated 7x across cluster][0m
[36m(AgentLoopWorkerTQ pid=5077)[0m     "name": "analytics_traffic_source_count",[32m [repeated 7x across cluster][0m
[36m(AgentLoopWorkerTQ pid=5077)[0m     "description": "Returns the number of visits from a specific traffic source within a specified time range.",[32m [repeated 7x across cluster][0m
[36m(AgentLoopWorkerTQ pid=5077)[0m         "traffic_source": {[32m [repeated 7x across cluster][0m
[36m(AgentLoopWorkerTQ pid=5077)[0m           "description": "Traffic source to filter the visits. Available values are: 'direct', 'referral', 'search engine', 'social media'"[32m [repeated 7x across cluster][0m
[36m(AgentLoopWorkerTQ pid=5077)[0m     "name": "analytics_get_average_session_duration",[32m [repeated 7x across cluster][0m
[36m(AgentLoopWorkerTQ pid=5077)[0m     "description": "Returns the average session duration within a specified time range.",[32m [repeated 7x across cluster][0m
[36m(AgentLoopWorkerTQ pid=5077)[0m     "name": "calendar_get_event_information_by_id",[32m [repeated 7x across cluster][0m
[36m(AgentLoopWorkerTQ pid=5077)[0m     "description": "Returns the event for a given ID.",[32m [repeated 7x across cluster][0m
[36m(AgentLoopWorkerTQ pid=5077)[0m         "event_id": {[32m [repeated 21x across cluster][0m
[36m(AgentLoopWorkerTQ pid=5077)[0m           "description": "8-digit ID of the event"[32m [repeated 21x across cluster][0m
[36m(AgentLoopWorkerTQ pid=5077)[0m         "field": {[32m [repeated 42x across cluster][0m
[36m(AgentLoopWorkerTQ pid=5077)[0m           "description": "Field to return. Available fields are: 'event_id', 'event_name', 'participant_email', 'event_start', 'duration'"[32m [repeated 7x across cluster][0m
[36m(AgentLoopWorkerTQ pid=5077)[0m         "event_id",[32m [repeated 14x across cluster][0m
[36m(AgentLoopWorkerTQ pid=5077)[0m         "field"[32m [repeated 21x across cluster][0m
[36m(AgentLoopWorkerTQ pid=5077)[0m     "name": "calendar_search_events",[32m [repeated 7x across cluster][0m
[36m(AgentLoopWorkerTQ pid=5077)[0m     "description": "Returns the events for a given query with pagination support.",[32m [repeated 7x across cluster][0m
[36m(AgentLoopWorkerTQ pid=5077)[0m         "query": {[32m [repeated 14x across cluster][0m
[36m(AgentLoopWorkerTQ pid=5077)[0m           "description": "Query to search for. Terms will be matched in the event_name and participant_email fields"[32m [repeated 7x across cluster][0m
[36m(AgentLoopWorkerTQ pid=5077)[0m           "description": "Lower bound (inclusive) for an event's end time to filter by. Format: YYYY-MM-DD HH:MM:SS"[32m [repeated 7x across cluster][0m
[36m(AgentLoopWorkerTQ pid=5077)[0m           "description": "Upper bound (inclusive) for an event's start time to filter by. Format: YYYY-MM-DD HH:MM:SS"[32m [repeated 7x across cluster][0m
[36m(AgentLoopWorkerTQ pid=5077)[0m         "page": {[32m [repeated 21x across cluster][0m
[36m(AgentLoopWorkerTQ pid=5077)[0m           "type": "integer",[32m [repeated 42x across cluster][0m
[36m(AgentLoopWorkerTQ pid=5077)[0m           "description": "Page number of results to return"[32m [repeated 21x across cluster][0m
[36m(AgentLoopWorkerTQ pid=5077)[0m         "page_size": {[32m [repeated 21x across cluster][0m
[36m(AgentLoopWorkerTQ pid=5077)[0m           "description": "Number of events per page"[32m [repeated 7x across cluster][0m
[36m(AgentLoopWorkerTQ pid=5077)[0m     "name": "calendar_create_event",[32m [repeated 7x across cluster][0m
[36m(AgentLoopWorkerTQ pid=5077)[0m     "description": "Creates a new event.",[32m [repeated 7x across cluster][0m
[36m(AgentLoopWorkerTQ pid=5077)[0m         "event_name": {[32m [repeated 7x across cluster][0m
[36m(AgentLoopWorkerTQ pid=5077)[0m           "description": "Name of the event"[32m [repeated 7x across cluster][0m
[36m(AgentLoopWorkerTQ pid=5077)[0m         "participant_email": {[32m [repeated 7x across cluster][0m
[36m(AgentLoopWorkerTQ pid=5077)[0m           "description": "Email of the participant"[32m [repeated 7x across cluster][0m
[36m(AgentLoopWorkerTQ pid=5077)[0m         "event_start": {[32m [repeated 7x across cluster][0m
[36m(AgentLoopWorkerTQ pid=5077)[0m           "description": "Start time of the event. Format: YYYY-MM-DD HH:MM:SS"[32m [repeated 7x across cluster][0m
[36m(AgentLoopWorkerTQ pid=5077)[0m         "duration": {[32m [repeated 7x across cluster][0m
[36m(AgentLoopWorkerTQ pid=5077)[0m           "description": "Duration of the event in minutes"[32m [repeated 7x across cluster][0m
[36m(AgentLoopWorkerTQ pid=5077)[0m         "event_name",[32m [repeated 7x across cluster][0m
[36m(AgentLoopWorkerTQ pid=5077)[0m         "participant_email",[32m [repeated 7x across cluster][0m
[36m(AgentLoopWorkerTQ pid=5077)[0m         "event_start",[32m [repeated 7x across cluster][0m
[36m(AgentLoopWorkerTQ pid=5077)[0m         "duration"[32m [repeated 7x across cluster][0m
[36m(AgentLoopWorkerTQ pid=5077)[0m     "name": "calendar_delete_event",[32m [repeated 7x across cluster][0m
[36m(AgentLoopWorkerTQ pid=5077)[0m     "description": "Deletes an event.",[32m [repeated 7x across cluster][0m
[36m(AgentLoopWorkerTQ pid=5077)[0m         "event_id"[32m [repeated 7x across cluster][0m
[36m(AgentLoopWorkerTQ pid=5077)[0m     "name": "calendar_update_event",[32m [repeated 7x across cluster][0m
[36m(AgentLoopWorkerTQ pid=5077)[0m     "description": "Updates an event.",[32m [repeated 7x across cluster][0m
[36m(AgentLoopWorkerTQ pid=5077)[0m           "description": "Field to update. Available fields are: 'event_name', 'participant_email', 'event_start', 'duration'"[32m [repeated 7x across cluster][0m
[36m(AgentLoopWorkerTQ pid=5077)[0m         "new_value": {[32m [repeated 21x across cluster][0m
[36m(AgentLoopWorkerTQ pid=5077)[0m           "description": "New value for the field"[32m [repeated 21x across cluster][0m
[36m(AgentLoopWorkerTQ pid=5077)[0m         "field",[32m [repeated 21x across cluster][0m
[36m(AgentLoopWorkerTQ pid=5077)[0m         "new_value"[32m [repeated 21x across cluster][0m
[36m(AgentLoopWorkerTQ pid=5077)[0m     "name": "company_directory_find_email_address",[32m [repeated 7x across cluster][0m
[36m(AgentLoopWorkerTQ pid=5077)[0m     "description": "Finds all email addresses containing the given name (case-insensitive search).",[32m [repeated 7x across cluster][0m
[36m(AgentLoopWorkerTQ pid=5077)[0m         "name": {[32m [repeated 7x across cluster][0m
[36m(AgentLoopWorkerTQ pid=5077)[0m           "description": "Name or partial name to search for in email addresses"[32m [repeated 7x across cluster][0m
[36m(AgentLoopWorkerTQ pid=5077)[0m     "name": "customer_relationship_manager_search_customers",[32m [repeated 7x across cluster][0m
[36m(AgentLoopWorkerTQ pid=5077)[0m     "description": "Searches for customers based on the given parameters with pagination support.",[32m [repeated 7x across cluster][0m
[36m(AgentLoopWorkerTQ pid=5077)[0m         "customer_name": {[32m [repeated 14x across cluster][0m
[36m(AgentLoopWorkerTQ pid=5077)[0m           "description": "Name of the customer"[32m [repeated 14x across cluster][0m
[36m(AgentLoopWorkerTQ pid=5077)[0m         "customer_email": {[32m [repeated 14x across cluster][0m
[36m(AgentLoopWorkerTQ pid=5077)[0m           "description": "Email address of the customer"[32m [repeated 14x across cluster][0m
[36m(AgentLoopWorkerTQ pid=5077)[0m         "product_interest": {[32m [repeated 14x across cluster][0m
[36m(AgentLoopWorkerTQ pid=5077)[0m           "description": "Product interest of the customer"[32m [repeated 7x across cluster][0m
[36m(AgentLoopWorkerTQ pid=5077)[0m         "status": {[32m [repeated 14x across cluster][0m
[36m(AgentLoopWorkerTQ pid=5077)[0m           "description": "Current status of the customer"[32m [repeated 7x across cluster][0m
[36m(AgentLoopWorkerTQ pid=5077)[0m         "assigned_to_email": {[32m [repeated 28x across cluster][0m
[36m(AgentLoopWorkerTQ pid=5077)[0m           "description": "Email address of the person assigned to the customer"[32m [repeated 14x across cluster][0m
[36m(AgentLoopWorkerTQ pid=5077)[0m         "last_contact_date_min": {[32m [repeated 7x across cluster][0m
[36m(AgentLoopWorkerTQ pid=5077)[0m           "description": "Minimum last contact date. Format: YYYY-MM-DD"[32m [repeated 7x across cluster][0m
[36m(AgentLoopWorkerTQ pid=5077)[0m         "last_contact_date_max": {[32m [repeated 7x across cluster][0m
[36m(AgentLoopWorkerTQ pid=5077)[0m           "description": "Maximum last contact date. Format: YYYY-MM-DD"[32m [repeated 7x across cluster][0m
[36m(AgentLoopWorkerTQ pid=5077)[0m         "follow_up_by_min": {[32m [repeated 7x across cluster][0m
[36m(AgentLoopWorkerTQ pid=5077)[0m           "description": "Minimum follow up date. Format: YYYY-MM-DD"[32m [repeated 7x across cluster][0m
[36m(AgentLoopWorkerTQ pid=5077)[0m         "follow_up_by_max": {[32m [repeated 7x across cluster][0m
[36m(AgentLoopWorkerTQ pid=5077)[0m           "description": "Maximum follow up date. Format: YYYY-MM-DD"[32m [repeated 7x across cluster][0m
[36m(AgentLoopWorkerTQ pid=5077)[0m           "description": "Number of customers per page"[32m [repeated 7x across cluster][0m
[36m(AgentLoopWorkerTQ pid=5077)[0m     "name": "customer_relationship_manager_update_customer",[32m [repeated 7x across cluster][0m
[36m(AgentLoopWorkerTQ pid=5077)[0m     "description": "Updates a customer record by ID.",[32m [repeated 7x across cluster][0m
[36m(AgentLoopWorkerTQ pid=5077)[0m         "customer_id": {[32m [repeated 14x across cluster][0m
[36m(AgentLoopWorkerTQ pid=5077)[0m           "description": "ID of the customer"[32m [repeated 14x across cluster][0m
[36m(AgentLoopWorkerTQ pid=5077)[0m           "description": "Field to update. Available fields are: 'customer_name', 'assigned_to_email', 'customer_email', 'customer_phone', 'last_contact_date', 'product_interest', 'status', 'notes', 'follow_up_by'"[32m [repeated 7x across cluster][0m
[36m(AgentLoopWorkerTQ pid=5077)[0m         "customer_id",[32m [repeated 7x across cluster][0m
[36m(AgentLoopWorkerTQ pid=5077)[0m     "name": "customer_relationship_manager_add_customer",[32m [repeated 7x across cluster][0m
[36m(AgentLoopWorkerTQ pid=5077)[0m     "description": "Adds a new customer record.",[32m [repeated 7x across cluster][0m
[36m(AgentLoopWorkerTQ pid=5077)[0m           "description": "Current status of the customer. One of: 'Qualified', 'Won', 'Lost', 'Lead', 'Proposal'"[32m [repeated 7x across cluster][0m
[36m(AgentLoopWorkerTQ pid=5077)[0m         "customer_phone": {[32m [repeated 7x across cluster][0m
[36m(AgentLoopWorkerTQ pid=5077)[0m           "description": "Phone number of the customer"[32m [repeated 7x across cluster][0m
[36m(AgentLoopWorkerTQ pid=5077)[0m         "last_contact_date": {[32m [repeated 7x across cluster][0m
[36m(AgentLoopWorkerTQ pid=5077)[0m           "description": "The last date the customer was contacted. Format: YYYY-MM-DD"[32m [repeated 7x across cluster][0m
[36m(AgentLoopWorkerTQ pid=5077)[0m           "description": "Product interest of the customer. One of: 'Software', 'Hardware', 'Services', 'Consulting', 'Training'"[32m [repeated 7x across cluster][0m
[36m(AgentLoopWorkerTQ pid=5077)[0m         "notes": {[32m [repeated 7x across cluster][0m
[36m(AgentLoopWorkerTQ pid=5077)[0m           "description": "Notes about the customer"[32m [repeated 7x across cluster][0m
[36m(AgentLoopWorkerTQ pid=5077)[0m         "follow_up_by": {[32m [repeated 7x across cluster][0m
[36m(AgentLoopWorkerTQ pid=5077)[0m           "description": "Date for the next follow up. Format: YYYY-MM-DD"[32m [repeated 7x across cluster][0m
[36m(AgentLoopWorkerTQ pid=5077)[0m         "customer_name",[32m [repeated 7x across cluster][0m
[36m(AgentLoopWorkerTQ pid=5077)[0m         "assigned_to_email",[32m [repeated 14x across cluster][0m
[36m(AgentLoopWorkerTQ pid=5077)[0m         "status"[32m [repeated 7x across cluster][0m
[36m(AgentLoopWorkerTQ pid=5077)[0m     "name": "customer_relationship_manager_delete_customer",[32m [repeated 7x across cluster][0m
[36m(AgentLoopWorkerTQ pid=5077)[0m     "description": "Deletes a customer record by ID.",[32m [repeated 7x across cluster][0m
[36m(AgentLoopWorkerTQ pid=5077)[0m         "customer_id"[32m [repeated 7x across cluster][0m
[36m(AgentLoopWorkerTQ pid=5077)[0m     "name": "email_get_email_information_by_id",[32m [repeated 7x across cluster][0m
[36m(AgentLoopWorkerTQ pid=5077)[0m     "description": "Retrieves specific details of an email by its ID.",[32m [repeated 7x across cluster][0m
[36m(AgentLoopWorkerTQ pid=5077)[0m         "email_id": {[32m [repeated 28x across cluster][0m
[36m(AgentLoopWorkerTQ pid=5077)[0m           "description": "Unique ID of the email"[32m [repeated 7x across cluster][0m
[36m(AgentLoopWorkerTQ pid=5077)[0m           "description": "Specific field to return. Available fields: 'email_id', 'inbox/outbox', 'sender/recipient', 'subject', 'sent_datetime', 'body'"[32m [repeated 7x across cluster][0m
[36m(AgentLoopWorkerTQ pid=5077)[0m         "email_id",[32m [repeated 21x across cluster][0m
[36m(AgentLoopWorkerTQ pid=5077)[0m     "name": "email_search_emails",[32m [repeated 7x across cluster][0m
[36m(AgentLoopWorkerTQ pid=5077)[0m     "description": "Searches for emails matching the given query across subject, body, or sender fields. The function matches an email if all words in the query appear in any of these fields.",[32m [repeated 7x across cluster][0m
[36m(AgentLoopWorkerTQ pid=5077)[0m           "description": "Search query, matching terms in subject, body, or sender/recipient fields"[32m [repeated 7x across cluster][0m
[36m(AgentLoopWorkerTQ pid=5077)[0m         "date_min": {[32m [repeated 7x across cluster][0m
[36m(AgentLoopWorkerTQ pid=5077)[0m           "description": "Lower date limit for the email's sent date (inclusive). Format: YYYY-MM-DD"[32m [repeated 7x across cluster][0m
[36m(AgentLoopWorkerTQ pid=5077)[0m         "date_max": {[32m [repeated 7x across cluster][0m
[36m(AgentLoopWorkerTQ pid=5077)[0m           "description": "Upper date limit for the email's sent date (inclusive). Format: YYYY-MM-DD"[32m [repeated 7x across cluster][0m
[36m(AgentLoopWorkerTQ pid=5077)[0m           "description": "Number of emails per page"[32m [repeated 7x across cluster][0m
[36m(AgentLoopWorkerTQ pid=5077)[0m     "name": "email_send_email",[32m [repeated 7x across cluster][0m
[36m(AgentLoopWorkerTQ pid=5077)[0m     "description": "Sends an email to the specified recipient.",[32m [repeated 7x across cluster][0m
[36m(AgentLoopWorkerTQ pid=5077)[0m         "recipient": {[32m [repeated 14x across cluster][0m
[36m(AgentLoopWorkerTQ pid=5077)[0m           "description": "Email address of the recipient"[32m [repeated 14x across cluster][0m
[36m(AgentLoopWorkerTQ pid=5077)[0m         "subject": {[32m [repeated 7x across cluster][0m
[36m(AgentLoopWorkerTQ pid=5077)[0m           "description": "Subject line of the email"[32m [repeated 7x across cluster][0m
[36m(AgentLoopWorkerTQ pid=5077)[0m         "body": {[32m [repeated 14x across cluster][0m
[36m(AgentLoopWorkerTQ pid=5077)[0m           "description": "Body content of the email"[32m [repeated 14x across cluster][0m
[36m(AgentLoopWorkerTQ pid=5077)[0m         "recipient",[32m [repeated 7x across cluster][0m
[36m(AgentLoopWorkerTQ pid=5077)[0m         "subject",[32m [repeated 7x across cluster][0m
[36m(AgentLoopWorkerTQ pid=5077)[0m         "body"[32m [repeated 14x across cluster][0m
[36m(AgentLoopWorkerTQ pid=5077)[0m     "name": "email_delete_email",[32m [repeated 7x across cluster][0m
[36m(AgentLoopWorkerTQ pid=5077)[0m     "description": "Deletes an email by its ID.",[32m [repeated 7x across cluster][0m
[36m(AgentLoopWorkerTQ pid=5077)[0m           "description": "Unique ID of the email to be deleted"[32m [repeated 7x across cluster][0m
[36m(AgentLoopWorkerTQ pid=5077)[0m         "email_id"[32m [repeated 7x across cluster][0m
[36m(AgentLoopWorkerTQ pid=5077)[0m     "name": "email_forward_email",[32m [repeated 7x across cluster][0m
[36m(AgentLoopWorkerTQ pid=5077)[0m     "description": "Forwards an email to the specified recipient.",[32m [repeated 7x across cluster][0m
[36m(AgentLoopWorkerTQ pid=5077)[0m           "description": "Unique ID of the email to be forwarded"[32m [repeated 7x across cluster][0m
[36m(AgentLoopWorkerTQ pid=5077)[0m         "recipient"[32m [repeated 7x across cluster][0m
[36m(AgentLoopWorkerTQ pid=5077)[0m     "name": "email_reply_email",[32m [repeated 7x across cluster][0m
[36m(AgentLoopWorkerTQ pid=5077)[0m     "description": "Replies to an email by its ID.",[32m [repeated 7x across cluster][0m
[36m(AgentLoopWorkerTQ pid=5077)[0m           "description": "Unique ID of the email to be replied"[32m [repeated 7x across cluster][0m
[36m(AgentLoopWorkerTQ pid=5077)[0m     "name": "project_management_get_task_information_by_id",[32m [repeated 7x across cluster][0m
[36m(AgentLoopWorkerTQ pid=5077)[0m     "description": "Returns the task information for a given ID.",[32m [repeated 7x across cluster][0m
[36m(AgentLoopWorkerTQ pid=5077)[0m         "task_id": {[32m [repeated 21x across cluster][0m
[36m(AgentLoopWorkerTQ pid=5077)[0m           "description": "8-digit ID of the task"[32m [repeated 21x across cluster][0m
[36m(AgentLoopWorkerTQ pid=5077)[0m           "description": "Field to return. Available fields are: 'task_id', 'task_name', 'assigned_to_email', 'list_name', 'due_date', 'board'"[32m [repeated 7x across cluster][0m
[36m(AgentLoopWorkerTQ pid=5077)[0m         "task_id",[32m [repeated 14x across cluster][0m
[36m(AgentLoopWorkerTQ pid=5077)[0m     "name": "project_management_search_tasks",[32m [repeated 7x across cluster][0m
[36m(AgentLoopWorkerTQ pid=5077)[0m     "description": "Searches for tasks based on the given parameters.",[32m [repeated 7x across cluster][0m
[36m(AgentLoopWorkerTQ pid=5077)[0m         "task_name": {[32m [repeated 14x across cluster][0m
[36m(AgentLoopWorkerTQ pid=5077)[0m           "description": "Name of the task"[32m [repeated 14x across cluster][0m
[36m(AgentLoopWorkerTQ pid=5077)[0m           "description": "Email address of the person assigned to the task"[32m [repeated 14x across cluster][0m
[36m(AgentLoopWorkerTQ pid=5077)[0m         "list_name": {[32m [repeated 14x across cluster][0m
[36m(AgentLoopWorkerTQ pid=5077)[0m           "description": "Name of the list the task belongs to"[32m [repeated 7x across cluster][0m
[36m(AgentLoopWorkerTQ pid=5077)[0m         "due_date": {[32m [repeated 14x across cluster][0m
[36m(AgentLoopWorkerTQ pid=5077)[0m           "description": "Due date of the task in YYYY-MM-DD format"[32m [repeated 14x across cluster][0m
[36m(AgentLoopWorkerTQ pid=5077)[0m         "board": {[32m [repeated 14x across cluster][0m
[36m(AgentLoopWorkerTQ pid=5077)[0m           "description": "Name of the board the task belongs to"[32m [repeated 7x across cluster][0m
[36m(AgentLoopWorkerTQ pid=5077)[0m     "name": "project_management_create_task",[32m [repeated 7x across cluster][0m
[36m(AgentLoopWorkerTQ pid=5077)[0m     "description": "Creates a new task.",[32m [repeated 7x across cluster][0m
[36m(AgentLoopWorkerTQ pid=5077)[0m           "description": "Name of the list the task belongs to. One of: 'Backlog', 'In Progress', 'In Review', 'Completed'"[32m [repeated 7x across cluster][0m
[36m(AgentLoopWorkerTQ pid=5077)[0m           "description": "Name of the board the task belongs to. One of: 'Back end', 'Front end', 'Design'"[32m [repeated 7x across cluster][0m
[36m(AgentLoopWorkerTQ pid=5077)[0m         "task_name",[32m [repeated 7x across cluster][0m
[36m(AgentLoopWorkerTQ pid=5077)[0m         "list_name",[32m [repeated 7x across cluster][0m
[36m(AgentLoopWorkerTQ pid=5077)[0m         "due_date",[32m [repeated 7x across cluster][0m
[36m(AgentLoopWorkerTQ pid=5077)[0m         "board"[32m [repeated 7x across cluster][0m
[36m(AgentLoopWorkerTQ pid=5077)[0m     "name": "project_management_delete_task",[32m [repeated 7x across cluster][0m
[36m(AgentLoopWorkerTQ pid=5077)[0m     "description": "Deletes a task by ID.",[32m [repeated 7x across cluster][0m
[36m(AgentLoopWorkerTQ pid=5077)[0m         "task_id"[32m [repeated 7x across cluster][0m
[36m(AgentLoopWorkerTQ pid=5077)[0m     "name": "project_management_update_task",[32m [repeated 7x across cluster][0m
[36m(AgentLoopWorkerTQ pid=5077)[0m     "description": "Updates a task by ID.",[32m [repeated 7x across cluster][0m
[36m(AgentLoopWorkerTQ pid=5077)[0m           "description": "Field to update. Available fields are: 'task_name', 'assigned_to_email', 'list_name', 'due_date', 'board'"[32m [repeated 7x across cluster][0m
[36m(RewardLoopWorker pid=32655)[0m Error executing tool:  ProjectManagementTool.search_tasks() got an unexpected keyword argument 'status'
[36m(AgentLoopWorkerTQ pid=5070)[0m Error executing tool 'analytics_get_average_session_duration': AnalyticsTool.get_average_session_duration() got an unexpected keyword argument 'value_to_plot'
[36m(RewardLoopWorker pid=32651)[0m Error executing tool:  AnalyticsTool.get_average_session_duration() got an unexpected keyword argument 'value_to_plot'
[36m(TaskRunnerV1 pid=29009)[0m ('Initial validation metrics: '
[36m(TaskRunnerV1 pid=29009)[0m  "{'val-aux/nvidia/Nemotron-Cascade-2-RL-data/reward/mean@1': "
[36m(TaskRunnerV1 pid=29009)[0m  'np.float64(0.10266159695817491), '
[36m(TaskRunnerV1 pid=29009)[0m  "'val-core/nvidia/Nemotron-Cascade-2-RL-data/acc/mean@1': "
[36m(TaskRunnerV1 pid=29009)[0m  'np.float64(0.10646387832699619), '
[36m(TaskRunnerV1 pid=29009)[0m  "'val-aux/nvidia/Nemotron-Cascade-2-RL-data/overlong_reward/mean@1': "
[36m(TaskRunnerV1 pid=29009)[0m  'np.float64(-0.0038022813688212928), '
[36m(TaskRunnerV1 pid=29009)[0m  "'val-aux/nvidia/Nemotron-Cascade-2-RL-data/overlong/mean@1': "
[36m(TaskRunnerV1 pid=29009)[0m  "np.float64(0.0038022813688212928), 'val-aux/num_turns/min': np.int64(2), "
[36m(TaskRunnerV1 pid=29009)[0m  "'val-aux/num_turns/max': np.int64(12), 'val-aux/num_turns/mean': "
[36m(TaskRunnerV1 pid=29009)[0m  'np.float64(4.007604562737643)}')
[36m(TaskRunnerV1 pid=29009)[0m Dumped generations to /project/home/p201382/erisa/Multi-Domain-RL/checkpoints/Validation/0.jsonl
[36m(vLLMHttpServer pid=32675)[0m WARNING 07-28 14:28:44 [input_processor.py:282] Passing raw prompts to InputProcessor is deprecated and will be removed in v0.18. You should instead pass the outputs of Renderer.render_cmpl() or Renderer.render_chat().[32m [repeated 3x across cluster][0m
[36m(vLLMHttpServer pid=32675)[0m (Worker pid=3177) WARNING 07-28 14:28:44 [jit_monitor.py:106] Triton kernel JIT compilation during inference: _compute_slot_mapping_kernel. This causes a latency spike; consider extending warmup to cover this shape/config.[32m [repeated 3x across cluster][0m
[36m(AgentLoopWorkerTQ pid=5070)[0m Error executing tool 'project_management_search_tasks': ProjectManagementTool.search_tasks() got an unexpected keyword argument 'status'
[36m(RewardLoopWorker pid=32652)[0m Error executing tool:  ProjectManagementTool.search_tasks() got an unexpected keyword argument 'status'
[36m(AgentLoopWorkerTQ pid=5077)[0m Error executing tool 'analytics_get_average_session_duration': AnalyticsTool.get_average_session_duration() got an unexpected keyword argument 'value_to_plot'
[36m(RewardLoopWorker pid=32648)[0m Error executing tool:  AnalyticsTool.get_average_session_duration() got an unexpected keyword argument 'value_to_plot'
[36m(AgentLoopWorkerTQ pid=5070)[0m Error executing tool 'project_management_search_tasks': ProjectManagementTool.search_tasks() got an unexpected keyword argument 'status'
[36m(AgentLoopWorkerTQ pid=5076)[0m Error executing tool 'customer_relationship_manager_update_customer': CustomerRelationshipManagerTool.update_customer() got an unexpected keyword argument 'assigned_to_email'
[36m(AgentLoopWorkerTQ pid=5075)[0m Error executing tool 'analytics_get_average_session_duration': AnalyticsTool.get_average_session_duration() got an unexpected keyword argument 'plot_type'
[36m(AgentLoopWorkerTQ pid=5076)[0m Error executing tool 'customer_relationship_manager_update_customer': CustomerRelationshipManagerTool.update_customer() got an unexpected keyword argument 'assigned_to_email'
[36m(AgentLoopWorkerTQ pid=5076)[0m Error executing tool 'project_management_update_task': ProjectManagementTool.update_task() got an unexpected keyword argument 'assigned_to_email'
[36m(AgentLoopWorkerTQ pid=5077)[0m Error executing tool 'analytics_engaged_users_count': AnalyticsTool.engaged_users_count() got an unexpected keyword argument 'is_lower_count_than_last_month'
[36m(RewardLoopWorker pid=32653)[0m Error executing tool:  ProjectManagementTool.search_tasks() got an unexpected keyword argument 'status'
[36m(RewardLoopWorker pid=32655)[0m Error executing tool:  AnalyticsTool.get_average_session_duration() got an unexpected keyword argument 'plot_type'
[36m(RewardLoopWorker pid=32652)[0m Error executing tool:  CustomerRelationshipManagerTool.update_customer() got an unexpected keyword argument 'assigned_to_email'
[36m(AgentLoopWorkerTQ pid=5071)[0m Error executing tool 'project_management_update_task': ProjectManagementTool.update_task() got an unexpected keyword argument 'list_name'
[36m(RewardLoopWorker pid=32651)[0m Error executing tool:  ProjectManagementTool.update_task() got an unexpected keyword argument 'assigned_to_email'
[36m(RewardLoopWorker pid=32651)[0m Error executing tool:  AnalyticsTool.engaged_users_count() got an unexpected keyword argument 'is_lower_count_than_last_month'
[36m(AgentLoopWorkerTQ pid=5076)[0m Error executing tool 'analytics_engaged_users_count': AnalyticsTool.engaged_users_count() got an unexpected keyword argument 'filter_decline_count'
[36m(RewardLoopWorker pid=32648)[0m Error executing tool:  ProjectManagementTool.update_task() got an unexpected keyword argument 'list_name'
[36m(RewardLoopWorker pid=32652)[0m Error executing tool:  AnalyticsTool.engaged_users_count() got an unexpected keyword argument 'filter_decline_count'
[36m(AgentLoopWorkerTQ pid=5042)[0m Error executing tool 'email_delete_email': EmailTool.delete_email() got an unexpected keyword argument 'recipient'
[36m(AgentLoopWorkerTQ pid=5042)[0m Error executing tool 'email_delete_email': EmailTool.delete_email() got an unexpected keyword argument 'recipient'
[36m(RewardLoopWorker pid=32655)[0m Error executing tool:  CustomerRelationshipManagerTool.update_customer() got an unexpected keyword argument 'assigned_to_email'
[36m(AgentLoopWorkerTQ pid=5072)[0m Error executing tool 'project_management_search_tasks': ProjectManagementTool.search_tasks() got an unexpected keyword argument 'status'
[36m(RewardLoopWorker pid=32654)[0m Error executing tool:  EmailTool.delete_email() got an unexpected keyword argument 'recipient'
[36m(RewardLoopWorker pid=32649)[0m Error executing tool:  ProjectManagementTool.search_tasks() got an unexpected keyword argument 'status'
[36m(AgentLoopWorkerTQ pid=5071)[0m Error executing tool 'customer_relationship_manager_search_customers': CustomerRelationshipManagerTool.search_customers() got an unexpected keyword argument 'field'
[36m(AgentLoopWorkerTQ pid=5076)[0m Error executing tool 'project_management_search_tasks': ProjectManagementTool.search_tasks() got an unexpected keyword argument 'status'
[36m(RewardLoopWorker pid=32649)[0m Error executing tool:  EmailTool.delete_email() got an unexpected keyword argument 'recipient'
[36m(RewardLoopWorker pid=32654)[0m Error executing tool:  ProjectManagementTool.search_tasks() got an unexpected keyword argument 'status'
[36m(AgentLoopWorkerTQ pid=5074)[0m Error executing tool 'analytics_traffic_source_count': AnalyticsTool.traffic_source_count() got an unexpected keyword argument 'plot_type'
[36m(AgentLoopWorkerTQ pid=5070)[0m Error executing tool 'email_search_emails': EmailTool.search_emails() got an unexpected keyword argument 'product_interest'
[36m(AgentLoopWorkerTQ pid=5070)[0m Error executing tool 'analytics_get_average_session_duration': AnalyticsTool.get_average_session_duration() got an unexpected keyword argument 'plot_type'
[36m(RewardLoopWorker pid=32650)[0m Error executing tool:  CustomerRelationshipManagerTool.search_customers() got an unexpected keyword argument 'field'
[36m(AgentLoopWorkerTQ pid=5072)[0m Error executing tool 'customer_relationship_manager_delete_customer': CustomerRelationshipManagerTool.delete_customer() got an unexpected keyword argument 'customer_email'
[36m(AgentLoopWorkerTQ pid=5076)[0m Error executing tool 'email_forward_email': EmailTool.forward_email() got an unexpected keyword argument 'sender'
[36m(RewardLoopWorker pid=32652)[0m Error executing tool:  AnalyticsTool.get_average_session_duration() got an unexpected keyword argument 'plot_type'
[36m(RewardLoopWorker pid=32650)[0m Error executing tool:  EmailTool.forward_email() got an unexpected keyword argument 'sender'
[36m(RewardLoopWorker pid=32650)[0m Error executing tool:  EmailTool.search_emails() got an unexpected keyword argument 'product_interest'
[36m(RewardLoopWorker pid=32654)[0m Error executing tool:  CustomerRelationshipManagerTool.delete_customer() got an unexpected keyword argument 'customer_email'
[36m(RewardLoopWorker pid=32653)[0m Error executing tool:  AnalyticsTool.traffic_source_count() got an unexpected keyword argument 'plot_type'
[36m(AgentLoopWorkerTQ pid=5076)[0m Error executing tool 'project_management_search_tasks': ProjectManagementTool.search_tasks() got an unexpected keyword argument 'status'
[36m(AgentLoopWorkerTQ pid=5077)[0m Error executing tool 'email_delete_email': EmailTool.delete_email() got an unexpected keyword argument 'recipient'
[36m(AgentLoopWorkerTQ pid=5077)[0m Error executing tool 'email_delete_email': EmailTool.delete_email() got an unexpected keyword argument 'recipient'
[36m(AgentLoopWorkerTQ pid=5042)[0m Error executing tool 'analytics_get_average_session_duration': AnalyticsTool.get_average_session_duration() got an unexpected keyword argument 'value_to_plot'
[36m(AgentLoopWorkerTQ pid=5071)[0m Error executing tool 'email_forward_email': EmailTool.forward_email() got an unexpected keyword argument 'subject'
[36m(AgentLoopWorkerTQ pid=5070)[0m Error executing tool 'analytics_traffic_source_count': AnalyticsTool.traffic_source_count() got an unexpected keyword argument 'type'
[36m(AgentLoopWorkerTQ pid=5075)[0m Error executing tool 'email_search_emails': EmailTool.search_emails() got an unexpected keyword argument 'recipient'
[36m(RewardLoopWorker pid=32653)[0m Error executing tool:  ProjectManagementTool.search_tasks() got an unexpected keyword argument 'status'
[36m(RewardLoopWorker pid=32651)[0m Error executing tool:  EmailTool.delete_email() got an unexpected keyword argument 'recipient'
[36m(RewardLoopWorker pid=32651)[0m Error executing tool:  EmailTool.forward_email() got an unexpected keyword argument 'subject'
[36m(RewardLoopWorker pid=32648)[0m Error executing tool:  EmailTool.search_emails() got an unexpected keyword argument 'recipient'
[36m(RewardLoopWorker pid=32655)[0m Error executing tool:  AnalyticsTool.traffic_source_count() got an unexpected keyword argument 'type'
[36m(RewardLoopWorker pid=32653)[0m Error executing tool:  AnalyticsTool.get_average_session_duration() got an unexpected keyword argument 'value_to_plot'
[36m(RewardLoopWorker pid=32653)[0m Error executing tool:  AnalyticsTool.get_average_session_duration() got an unexpected keyword argument 'value_to_plot'
[36m(AgentLoopWorkerTQ pid=5072)[0m Error executing tool 'project_management_search_tasks': ProjectManagementTool.search_tasks() got an unexpected keyword argument 'status'
[36m(AgentLoopWorkerTQ pid=5076)[0m Error executing tool 'analytics_get_average_session_duration': AnalyticsTool.get_average_session_duration() got an unexpected keyword argument 'value_to_plot'
[36m(RewardLoopWorker pid=32652)[0m Error executing tool:  EmailTool.delete_email() got an unexpected keyword argument 'recipient'
[36m(AgentLoopWorkerTQ pid=5075)[0m Error executing tool 'email_delete_email': EmailTool.delete_email() got an unexpected keyword argument 'recipient'
[36m(AgentLoopWorkerTQ pid=5077)[0m Error executing tool 'customer_relationship_manager_search_customers': CustomerRelationshipManagerTool.search_customers() got an unexpected keyword argument 'query'
[36m(AgentLoopWorkerTQ pid=5042)[0m Error executing tool 'project_management_search_tasks': ProjectManagementTool.search_tasks() got an unexpected keyword argument 'status'
[36m(AgentLoopWorkerTQ pid=5072)[0m Error executing tool 'project_management_search_tasks': ProjectManagementTool.search_tasks() got an unexpected keyword argument 'task_list_name'
[36m(RewardLoopWorker pid=32649)[0m Error executing tool:  ProjectManagementTool.search_tasks() got an unexpected keyword argument 'status'
[36m(RewardLoopWorker pid=32648)[0m Error executing tool:  EmailTool.delete_email() got an unexpected keyword argument 'recipient'
[36m(RewardLoopWorker pid=32653)[0m Error executing tool:  ProjectManagementTool.search_tasks() got an unexpected keyword argument 'task_list_name'
[36m(RewardLoopWorker pid=32654)[0m Error executing tool:  CustomerRelationshipManagerTool.search_customers() got an unexpected keyword argument 'query'
[36m(AgentLoopWorkerTQ pid=5071)[0m Error executing tool 'project_management_search_tasks': ProjectManagementTool.search_tasks() got an unexpected keyword argument 'field'
[36m(AgentLoopWorkerTQ pid=5070)[0m Error executing tool 'customer_relationship_manager_search_customers': CustomerRelationshipManagerTool.search_customers() got an unexpected keyword argument 'query'
[36m(AgentLoopWorkerTQ pid=5072)[0m Error executing tool 'project_management_search_tasks': ProjectManagementTool.search_tasks() got an unexpected keyword argument 'status'
[36m(RewardLoopWorker pid=32653)[0m Error executing tool:  ProjectManagementTool.search_tasks() got an unexpected keyword argument 'status'[32m [repeated 2x across cluster][0m
[36m(RewardLoopWorker pid=32652)[0m Error executing tool:  CustomerRelationshipManagerTool.search_customers() got an unexpected keyword argument 'query'
[36m(RewardLoopWorker pid=32654)[0m Error executing tool:  ProjectManagementTool.search_tasks() got an unexpected keyword argument 'field'
[36m(AgentLoopWorkerTQ pid=5075)[0m Error executing tool 'customer_relationship_manager_update_customer': CustomerRelationshipManagerTool.update_customer() got an unexpected keyword argument 'assigned_to_email'
[36m(RewardLoopWorker pid=32650)[0m Error executing tool:  CustomerRelationshipManagerTool.update_customer() got an unexpected keyword argument 'assigned_to_email'
[36m(TaskRunnerV1 pid=29009)[0m Dumped generations to /project/home/p201382/erisa/Multi-Domain-RL/checkpoints/Validation/5.jsonl
[36m(AgentLoopWorkerTQ pid=5070)[0m Error executing tool 'project_management_search_tasks': ProjectManagementTool.search_tasks() got an unexpected keyword argument 'field'
[36m(RewardLoopWorker pid=32653)[0m Error executing tool:  ProjectManagementTool.search_tasks() got an unexpected keyword argument 'field'
[36m(AgentLoopWorkerTQ pid=5075)[0m Error executing tool 'email_delete_email': EmailTool.delete_email() got an unexpected keyword argument 'recipient'
[36m(AgentLoopWorkerTQ pid=5074)[0m Error executing tool 'customer_relationship_manager_delete_customer': CustomerRelationshipManagerTool.delete_customer() got an unexpected keyword argument 'field'
[36m(AgentLoopWorkerTQ pid=5074)[0m Error executing tool 'email_search_emails': EmailTool.search_emails() got an unexpected keyword argument 'field'
[36m(AgentLoopWorkerTQ pid=5042)[0m Error executing tool 'email_forward_email': EmailTool.forward_email() got an unexpected keyword argument 'subject'
[36m(AgentLoopWorkerTQ pid=5072)[0m Error executing tool 'email_reply_email': EmailTool.reply_email() got an unexpected keyword argument 'field'
[36m(AgentLoopWorkerTQ pid=5070)[0m Error executing tool 'customer_relationship_manager_search_customers': CustomerRelationshipManagerTool.search_customers() got an unexpected keyword argument 'list_name'
[36m(AgentLoopWorkerTQ pid=5070)[0m Error executing tool 'project_management_search_tasks': ProjectManagementTool.search_tasks() got an unexpected keyword argument 'status'
[36m(AgentLoopWorkerTQ pid=5076)[0m Error executing tool 'project_management_search_tasks': ProjectManagementTool.search_tasks() got an unexpected keyword argument 'task_list'
[36m(RewardLoopWorker pid=32653)[0m Error executing tool:  EmailTool.delete_email() got an unexpected keyword argument 'recipient'
[36m(RewardLoopWorker pid=32654)[0m Error executing tool:  EmailTool.reply_email() got an unexpected keyword argument 'field'
[36m(RewardLoopWorker pid=32651)[0m Error executing tool:  EmailTool.forward_email() got an unexpected keyword argument 'subject'
[36m(RewardLoopWorker pid=32654)[0m Error executing tool:  CustomerRelationshipManagerTool.search_customers() got an unexpected keyword argument 'list_name'
[36m(RewardLoopWorker pid=32651)[0m Error executing tool:  ProjectManagementTool.search_tasks() got an unexpected keyword argument 'status'
[36m(RewardLoopWorker pid=32651)[0m Error executing tool:  EmailTool.search_emails() got an unexpected keyword argument 'field'
[36m(RewardLoopWorker pid=32650)[0m Error executing tool:  CustomerRelationshipManagerTool.delete_customer() got an unexpected keyword argument 'field'
[36m(RewardLoopWorker pid=32651)[0m Error executing tool:  ProjectManagementTool.search_tasks() got an unexpected keyword argument 'task_list'
[36m(AgentLoopWorkerTQ pid=5074)[0m Error executing tool 'customer_relationship_manager_search_customers': CustomerRelationshipManagerTool.search_customers() got an unexpected keyword argument 'field'
[36m(AgentLoopWorkerTQ pid=5072)[0m Error executing tool 'project_management_search_tasks': ProjectManagementTool.search_tasks() got an unexpected keyword argument 'status'
[36m(AgentLoopWorkerTQ pid=5042)[0m Error executing tool 'calendar_update_event': CalendarTool.update_event() got an unexpected keyword argument 'customer_id'
[36m(AgentLoopWorkerTQ pid=5076)[0m Error executing tool 'customer_relationship_manager_update_customer': CustomerRelationshipManagerTool.update_customer() got an unexpected keyword argument 'assigned_to_email'
[36m(RewardLoopWorker pid=32648)[0m Error executing tool:  CustomerRelationshipManagerTool.search_customers() got an unexpected keyword argument 'field'
[36m(AgentLoopWorkerTQ pid=5077)[0m Error executing tool 'project_management_update_task': ProjectManagementTool.update_task() got an unexpected keyword argument 'board'
[36m(RewardLoopWorker pid=32649)[0m Error executing tool:  ProjectManagementTool.update_task() got an unexpected keyword argument 'board'
[36m(RewardLoopWorker pid=32649)[0m Error executing tool:  CustomerRelationshipManagerTool.update_customer() got an unexpected keyword argument 'assigned_to_email'
[36m(RewardLoopWorker pid=32648)[0m Error executing tool:  ProjectManagementTool.search_tasks() got an unexpected keyword argument 'status'
[36m(AgentLoopWorkerTQ pid=5042)[0m Error executing tool 'calendar_update_event': CalendarTool.update_event() got an unexpected keyword argument 'custom_fields'
[36m(RewardLoopWorker pid=32653)[0m Error executing tool:  CalendarTool.update_event() got an unexpected keyword argument 'customer_id'
[36m(RewardLoopWorker pid=32653)[0m Error executing tool:  CalendarTool.update_event() got an unexpected keyword argument 'custom_fields'
[36m(AgentLoopWorkerTQ pid=5070)[0m Error executing tool 'calendar_search_events': Cannot compare tz-naive and tz-aware timestamps
[36m(AgentLoopWorkerTQ pid=5074)[0m Error executing tool 'customer_relationship_manager_delete_customer': CustomerRelationshipManagerTool.delete_customer() got an unexpected keyword argument 'status'
[36m(AgentLoopWorkerTQ pid=5071)[0m Error executing tool 'customer_relationship_manager_search_customers': CustomerRelationshipManagerTool.search_customers() got an unexpected keyword argument 'Assigned_to_email'
[36m(RewardLoopWorker pid=32650)[0m Error executing tool:  Cannot compare tz-naive and tz-aware timestamps
[36m(AgentLoopWorkerTQ pid=5074)[0m Error executing tool 'customer_relationship_manager_delete_customer': CustomerRelationshipManagerTool.delete_customer() got an unexpected keyword argument 'status'
[36m(AgentLoopWorkerTQ pid=5075)[0m Error executing tool 'analytics_get_average_session_duration': AnalyticsTool.get_average_session_duration() got an unexpected keyword argument 'value_to_plot'
[36m(AgentLoopWorkerTQ pid=5074)[0m Error executing tool 'customer_relationship_manager_delete_customer': CustomerRelationshipManagerTool.delete_customer() got an unexpected keyword argument 'status'
[36m(RewardLoopWorker pid=32648)[0m Error executing tool:  CustomerRelationshipManagerTool.search_customers() got an unexpected keyword argument 'Assigned_to_email'
[36m(RewardLoopWorker pid=32652)[0m Error executing tool:  CustomerRelationshipManagerTool.delete_customer() got an unexpected keyword argument 'status'
[36m(RewardLoopWorker pid=32652)[0m Error executing tool:  CustomerRelationshipManagerTool.delete_customer() got an unexpected keyword argument 'status'
[36m(RewardLoopWorker pid=32652)[0m Error executing tool:  CustomerRelationshipManagerTool.delete_customer() got an unexpected keyword argument 'status'
[36m(RewardLoopWorker pid=32651)[0m Error executing tool:  AnalyticsTool.get_average_session_duration() got an unexpected keyword argument 'value_to_plot'
[36m(AgentLoopWorkerTQ pid=5071)[0m Error executing tool 'customer_relationship_manager_search_customers': CustomerRelationshipManagerTool.search_customers() got an unexpected keyword argument 'follow_up_by'
[36m(AgentLoopWorkerTQ pid=5076)[0m Error executing tool 'customer_relationship_manager_update_customer': CustomerRelationshipManagerTool.update_customer() got an unexpected keyword argument 'assigned_to_email'
[36m(AgentLoopWorkerTQ pid=5072)[0m Error executing tool 'email_search_emails': EmailTool.search_emails() got an unexpected keyword argument 'product_interest'
[36m(AgentLoopWorkerTQ pid=5077)[0m Error executing tool 'calendar_search_events': Invalid regular expression: no argument for repetition operator: *
[36m(RewardLoopWorker pid=32651)[0m Error executing tool:  CustomerRelationshipManagerTool.update_customer() got an unexpected keyword argument 'assigned_to_email'
[36m(RewardLoopWorker pid=32652)[0m Error executing tool:  Invalid regular expression: no argument for repetition operator: *
[36m(RewardLoopWorker pid=32649)[0m Error executing tool:  CustomerRelationshipManagerTool.search_customers() got an unexpected keyword argument 'follow_up_by'
[36m(RewardLoopWorker pid=32649)[0m Error executing tool:  EmailTool.search_emails() got an unexpected keyword argument 'product_interest'
[36m(AgentLoopWorkerTQ pid=5077)[0m Error executing tool 'project_management_search_tasks': ProjectManagementTool.search_tasks() got an unexpected keyword argument 'field'
[36m(AgentLoopWorkerTQ pid=5075)[0m Error executing tool 'customer_relationship_manager_update_customer': CustomerRelationshipManagerTool.update_customer() got an unexpected keyword argument 'assigned_to_email'
[36m(RewardLoopWorker pid=32649)[0m Error executing tool:  CustomerRelationshipManagerTool.update_customer() got an unexpected keyword argument 'assigned_to_email'
[36m(RewardLoopWorker pid=32655)[0m Error executing tool:  ProjectManagementTool.search_tasks() got an unexpected keyword argument 'field'
[36m(TaskRunnerV1 pid=29009)[0m Dumped generations to /project/home/p201382/erisa/Multi-Domain-RL/checkpoints/Validation/10.jsonl
[36m(AgentLoopWorkerTQ pid=5072)[0m Error executing tool 'project_management_search_tasks': ProjectManagementTool.search_tasks() got an unexpected keyword argument 'status'
[36m(AgentLoopWorkerTQ pid=5042)[0m Error executing tool 'email_forward_email': EmailTool.forward_email() got an unexpected keyword argument 'receiver'
[36m(AgentLoopWorkerTQ pid=5075)[0m Error executing tool 'project_management_search_tasks': ProjectManagementTool.search_tasks() got an unexpected keyword argument 'field'
[36m(AgentLoopWorkerTQ pid=5071)[0m Error executing tool 'customer_relationship_manager_search_customers': CustomerRelationshipManagerTool.search_customers() got an unexpected keyword argument 'customer_interest'
[36m(RewardLoopWorker pid=32648)[0m Error executing tool:  EmailTool.forward_email() got an unexpected keyword argument 'receiver'
[36m(RewardLoopWorker pid=32650)[0m Error executing tool:  CustomerRelationshipManagerTool.search_customers() got an unexpected keyword argument 'customer_interest'
[36m(RewardLoopWorker pid=32653)[0m Error executing tool:  Error executing tool:  ProjectManagementTool.search_tasks() got an unexpected keyword argument 'status'
[36m(RewardLoopWorker pid=32653)[0m ProjectManagementTool.search_tasks() got an unexpected keyword argument 'status'
[36m(RewardLoopWorker pid=32653)[0m Error executing tool:  ProjectManagementTool.search_tasks() got an unexpected keyword argument 'status'
[36m(RewardLoopWorker pid=32648)[0m Error executing tool:  ProjectManagementTool.search_tasks() got an unexpected keyword argument 'field'
[36m(AgentLoopWorkerTQ pid=5074)[0m Error executing tool 'calendar_delete_event': CalendarTool.delete_event() got an unexpected keyword argument 'time_range'
[36m(AgentLoopWorkerTQ pid=5074)[0m Error executing tool 'project_management_search_tasks': ProjectManagementTool.search_tasks() got an unexpected keyword argument 'status'[32m [repeated 2x across cluster][0m
[36m(AgentLoopWorkerTQ pid=5071)[0m Error executing tool 'project_management_search_tasks': ProjectManagementTool.search_tasks() got an unexpected keyword argument 'field'
[36m(AgentLoopWorkerTQ pid=5071)[0m Error executing tool 'customer_relationship_manager_add_customer': CustomerRelationshipManagerTool.add_customer() got an unexpected keyword argument '_reply_to_'
[36m(RewardLoopWorker pid=32648)[0m Error executing tool:  ProjectManagementTool.search_tasks() got an unexpected keyword argument 'field'
[36m(RewardLoopWorker pid=32649)[0m Error executing tool:  CalendarTool.delete_event() got an unexpected keyword argument 'time_range'
[36m(RewardLoopWorker pid=32652)[0m Error executing tool:  CustomerRelationshipManagerTool.add_customer() got an unexpected keyword argument '_reply_to_'
[36m(AgentLoopWorkerTQ pid=5072)[0m Error executing tool 'customer_relationship_manager_delete_customer': CustomerRelationshipManagerTool.delete_customer() got an unexpected keyword argument 'customer_phone'
[36m(AgentLoopWorkerTQ pid=5075)[0m Error executing tool 'project_management_search_tasks': ProjectManagementTool.search_tasks() got an unexpected keyword argument 'status'
[36m(AgentLoopWorkerTQ pid=5075)[0m Error executing tool 'analytics_get_average_session_duration': AnalyticsTool.get_average_session_duration() got an unexpected keyword argument 'time_range'
[36m(RewardLoopWorker pid=32651)[0m Error executing tool: 
[36m(RewardLoopWorker pid=32655)[0m Error executing tool:  ProjectManagementTool.search_tasks() got an unexpected keyword argument 'status'
[36m(RewardLoopWorker pid=32651)[0m  CustomerRelationshipManagerTool.delete_customer() got an unexpected keyword argument 'customer_phone'
[36m(RewardLoopWorker pid=32655)[0m Error executing tool:  AnalyticsTool.get_average_session_duration() got an unexpected keyword argument 'time_range'
[36m(AgentLoopWorkerTQ pid=5077)[0m Error executing tool 'project_management_search_tasks': ProjectManagementTool.search_tasks() got an unexpected keyword argument 'status'
[36m(RewardLoopWorker pid=32649)[0m Error executing tool:  ProjectManagementTool.search_tasks() got an unexpected keyword argument 'status'
[36m(AgentLoopWorkerTQ pid=5076)[0m Error executing tool 'project_management_search_tasks': ProjectManagementTool.search_tasks() got an unexpected keyword argument 'status'
[36m(AgentLoopWorkerTQ pid=5076)[0m Error executing tool 'email_forward_email': EmailTool.forward_email() got an unexpected keyword argument 'forward_type'
[36m(RewardLoopWorker pid=32648)[0m Error executing tool:  ProjectManagementTool.search_tasks() got an unexpected keyword argument 'status'
[36m(AgentLoopWorkerTQ pid=5072)[0m Error executing tool 'email_delete_email': EmailTool.delete_email() got an unexpected keyword argument 'recipient'
[36m(RewardLoopWorker pid=32655)[0m Error executing tool:  EmailTool.forward_email() got an unexpected keyword argument 'forward_type'
[36m(RewardLoopWorker pid=32650)[0m Error executing tool:  EmailTool.delete_email() got an unexpected keyword argument 'recipient'
[36m(RewardLoopWorker pid=32648)[0m Error executing tool:  ProjectManagementTool.search_tasks() got an unexpected keyword argument 'status'
[36m(AgentLoopWorkerTQ pid=5072)[0m Error executing tool 'customer_relationship_manager_delete_customer': CustomerRelationshipManagerTool.delete_customer() got an unexpected keyword argument 'field'
[36m(AgentLoopWorkerTQ pid=5072)[0m Error executing tool 'customer_relationship_manager_delete_customer': CustomerRelationshipManagerTool.delete_customer() got an unexpected keyword argument 'field'
[36m(RewardLoopWorker pid=32654)[0m Error executing tool:  CustomerRelationshipManagerTool.delete_customer() got an unexpected keyword argument 'field'
[36m(RewardLoopWorker pid=32654)[0m Error executing tool:  CustomerRelationshipManagerTool.delete_customer() got an unexpected keyword argument 'field'
[36m(TaskRunnerV1 pid=29009)[0m Dumped generations to /project/home/p201382/erisa/Multi-Domain-RL/checkpoints/Validation/15.jsonl
[36m(AgentLoopWorkerTQ pid=5072)[0m Error executing tool 'project_management_search_tasks': ProjectManagementTool.search_tasks() got an unexpected keyword argument 'status'[32m [repeated 2x across cluster][0m
[36m(RewardLoopWorker pid=32652)[0m Error executing tool:  ProjectManagementTool.search_tasks() got an unexpected keyword argument 'status'
[36m(AgentLoopWorkerTQ pid=5070)[0m Error executing tool 'calendar_delete_event': CalendarTool.delete_event() got an unexpected keyword argument 'time_max'
[36m(RewardLoopWorker pid=32653)[0m Error executing tool:  CalendarTool.delete_event() got an unexpected keyword argument 'time_max'
[36m(AgentLoopWorkerTQ pid=5042)[0m Error executing tool 'project_management_search_tasks': ProjectManagementTool.search_tasks() got an unexpected keyword argument 'status'
[36m(RewardLoopWorker pid=32650)[0m Error executing tool:  ProjectManagementTool.search_tasks() got an unexpected keyword argument 'status'
[36m(AgentLoopWorkerTQ pid=5072)[0m Error executing tool 'project_management_search_tasks': ProjectManagementTool.search_tasks() got an unexpected keyword argument 'assigned_to'
[36m(AgentLoopWorkerTQ pid=5076)[0m Error executing tool 'project_management_search_tasks': ProjectManagementTool.search_tasks() got an unexpected keyword argument 'where'
[36m(AgentLoopWorkerTQ pid=5074)[0m Error executing tool 'customer_relationship_manager_delete_customer': CustomerRelationshipManagerTool.delete_customer() got an unexpected keyword argument 'field'
[36m(RewardLoopWorker pid=32653)[0m Error executing tool:  ProjectManagementTool.search_tasks() got an unexpected keyword argument 'where'
[36m(RewardLoopWorker pid=32649)[0m Error executing tool:  CustomerRelationshipManagerTool.delete_customer() got an unexpected keyword argument 'field'
[36m(RewardLoopWorker pid=32648)[0m Error executing tool:  ProjectManagementTool.search_tasks() got an unexpected keyword argument 'assigned_to'
[36m(AgentLoopWorkerTQ pid=5071)[0m Error executing tool 'email_search_emails': EmailTool.search_emails() got an unexpected keyword argument 'product_interest'
[36m(AgentLoopWorkerTQ pid=5075)[0m Error executing tool 'project_management_delete_task': ProjectManagementTool.delete_task() got an unexpected keyword argument 'field'
[36m(AgentLoopWorkerTQ pid=5042)[0m Error executing tool 'project_management_update_task': ProjectManagementTool.update_task() got an unexpected keyword argument 'list_name'
[36m(AgentLoopWorkerTQ pid=5071)[0m Error executing tool 'email_delete_email': EmailTool.delete_email() got an unexpected keyword argument 'toolbench_rapidapi_key'
[36m(RewardLoopWorker pid=32648)[0m Error executing tool:  EmailTool.delete_email() got an unexpected keyword argument 'toolbench_rapidapi_key'
[36m(RewardLoopWorker pid=32650)[0m Error executing tool:  EmailTool.search_emails() got an unexpected keyword argument 'product_interest'
[36m(RewardLoopWorker pid=32652)[0m Error executing tool:  ProjectManagementTool.update_task() got an unexpected keyword argument 'list_name'
[36m(RewardLoopWorker pid=32653)[0m Error executing tool:  ProjectManagementTool.delete_task() got an unexpected keyword argument 'field'
[36m(AgentLoopWorkerTQ pid=5071)[0m Error executing tool 'calendar_delete_event': CalendarTool.delete_event() got an unexpected keyword argument 'is_recurring'
[36m(RewardLoopWorker pid=32648)[0m Error executing tool:  CalendarTool.delete_event() got an unexpected keyword argument 'is_recurring'
[36m(TaskRunnerV1 pid=29009)[0m Dumped generations to /project/home/p201382/erisa/Multi-Domain-RL/checkpoints/Validation/20.jsonl
[36m(TaskRunnerV1 pid=29009)[0m ('Final validation metrics: '
[36m(TaskRunnerV1 pid=29009)[0m  "{'val-aux/nvidia/Nemotron-Cascade-2-RL-data/reward/mean@1': "
[36m(TaskRunnerV1 pid=29009)[0m  'np.float64(0.11026615969581749), '
[36m(TaskRunnerV1 pid=29009)[0m  "'val-core/nvidia/Nemotron-Cascade-2-RL-data/acc/mean@1': "
[36m(TaskRunnerV1 pid=29009)[0m  'np.float64(0.11026615969581749), '
[36m(TaskRunnerV1 pid=29009)[0m  "'val-aux/nvidia/Nemotron-Cascade-2-RL-data/overlong_reward/mean@1': "
[36m(TaskRunnerV1 pid=29009)[0m  'np.float64(0.0), '
[36m(TaskRunnerV1 pid=29009)[0m  "'val-aux/nvidia/Nemotron-Cascade-2-RL-data/overlong/mean@1': "
[36m(TaskRunnerV1 pid=29009)[0m  "np.float64(0.0), 'val-aux/num_turns/min': np.int64(4), "
[36m(TaskRunnerV1 pid=29009)[0m  "'val-aux/num_turns/max': np.int64(12), 'val-aux/num_turns/mean': "
[36m(TaskRunnerV1 pid=29009)[0m  'np.float64(6.136882129277566)}')
